mot_moore;sens_num;categorie_grammaticale;prononciation;definition_francais;definition_english;variante;pluriel;domaine;synonymes;antonymes
-a;1;Verbe;;forme courte de la marque de la déclaration «lame» dans les formes verbales après la chute du «me», ce «-a» est toujours collé au verbe sans trait d'union;short form of the declaration mark «lame», always attached to the verb without a hyphen;lame;;Grammar;;
a;1;Pronom;à;il, elle;he, she;yẽ;;Grammar;;
a bal;;expression;;n'importe comment;no matter how;;;;;
a sãn ka woto;;expression;;sinon, si ce n'est pas comme ça;if not, if it is not like that;;;;;
a to;;indéfinie;;autre, unique, incomparable;other, another, unique, incomparable;;taaba;;;
a toore;;Nom;;lui-même;he himself, she herself;;;;;
a woto;;Adverbe;ò-ó;comme ceci, ainsi;like that, thus, that way;a boto;;;;
a ye;1;indéfinie;;un, une;a certain, one, the only one;a yembre;;;;
a ye;2;expression;;identique, même chose, pareil;identical, same, equal;;;;;
a ye ligdi;;expression;;prix unitaire;unit price, price per unit;;;Money;bil-tik ligdi;
a zagla;;Nom;;untel;Mr;;;;bõndo1;
ãa;;interj;ã̀-á;réponse à un appel par le prénom;answer to someone calling the first name.;;;;;
ãadga;;Nom;ã́-á;prunier noir;blackberry tree, plum tree;;ãadse;Tree;;
ãadre;;Nom;ã́-é ;prune noire;plum (black), blackberry;;ãada;Food;;
ãase;;Verbe;ã́-é;casser sur l'arbre;break on a tree.;;;;;
abada;;Adverbe;;jamais;never;a bada;;;;
[ã̀] ãbga;1;Nom;ã́-à;puce, tique;flea, tick;yãbga;ãbse;Insect;;
ãbga;2;Nom;ã̀-á;panthère, léopard;panther, leopard;;ãbse;Mammal;;
ãbge;;Verbe;ã̀;devenir de mauvaise qualité (bière);get bad in quality (beer).;;;;;
ãbre;;Nom;ã̀-é;verrue;wart;;ãba;;wãbre, yãbre1, warpusi;
ãbse gɛla;;expression;;œufs de pou;nit, louse eggs.;;;;;
ad;;Verbe;à;voici, voilà;here is, here are;ade;;;;
ada;;démonstratif;à-á;celui-ci, voici;this one, here is;ad;;;yão1;
ãd-bila;;Nom;;astérisque;asterisk;;;;;
ade;;Verbe;à-é;voici, voilà;here are/is, there is / are;ad;;;;
aderse;;Nom;á-é-è;adresse;address;adɛrse;;;belem zĩiga;
ãdga;;Nom;ã́-à;étoile;star;;ãdse;Sky;;
ãdga ne zʋʋre;;Nom;;comète, météore, étoile avec une queue;comet, meteor, star with a tail;;;Sky;;
ãd-kaoodga;;Nom;;étoile filante;falling star;;;Sky;ãd-loaadga, ãd-zʋʋre;
ãd-loaadga;;Nom;;étoile filante;falling star;;;;ãd-zʋʋre, ãd-kaoodga;
ãd-lolle;;Nom;á-ó-é;galaxie;galaxy;;;Sky;;
ãdse;;Nom;;étoiles;stars;;;Sky;;
ãd-zʋʋre;;Nom;ã́-é;étoile filante;falling star;;ãd-zʋya;Sky;ãd-loaadga, ãd-kaoodga;
Afriki;;Nom;á;Afrique;Africa;;;Region;;
albasle;;Nom;à-á-é;oignon;onion;arbasle;albasla;Food;zeyõ, gebre, gɛba;
alfa;;Nom;à-á;ami croyant, frère dans la foi musulmane;friend in the faith, brother in Muslim faith;;alfaamba;;;
alkam;;Nom;à-á;riz blanc;white rice;;;Food;;
alkamdo;;Nom;à-á-ò;blé;wheat;;;Food;;
alkamisa;;Nom;à-í-à;jeudi;Thursday;alkamusa, lamusa;;;lamusa;
alkolle;;Nom;;alcool;alcohol.;;;;;
alkʋrãana;;Nom;à-ã́-ã̀;Coran;Koran.;;;;;
almete;;Nom;à-é-à;allumette;match;alimet, almɛt;;;mankẽsga, mankẽs-bila;
almoore;;Nom;;armoire;cupboard, wardrobe.;;;;;
alsɩlaama;;Nom;à-á-à;musulman;Muslim.;;alɩslaamba;;;
alsɩlaamdo;;Nom;;Islam;Islam.;;;;;
ãm;;Nom;ã́;décoction de gousses de néré;cooked juice of dawadawa fruit.;;;;;
ambasad;;Nom;;ambassade;embassy;;;Government, Building;tẽn-taag lɛt tʋʋm zĩiga;
ambreaka;;Nom;á-à;arbuste (espèce);shrub sp;baag yoore;ambreagse;Bush, shrub;;
-ame;;Verbe;;marque de la déclaration en position finale de la proposition;declaration mark at final position;-ime, -ome, -ʋme, -ɩme;;Grammar;;
Amerik neda;;Nom;;américain;American;;Amerik neba;Community;;
Ameriki;;Nom;á;Amérique;America;;;Region;;
ãmina;;interj;ã̀-í-à;amen, réponse à un souhait;amen, answer to a good wish;ammi, ãmi;;;;
ãmpulli;;Nom;;ampoule;bulb.;;;;;
anana;;Nom;;ananas;pineapple;;;Food;;
ãnda;;interrogatif;á;qui (sg.);who (sg.) Woto yaa ãnda rẽnda? Ceci appartient à qui? Who's is this? synonyme: kãe.;ãnd, ãe;ãnd rãmba;;kãe;
ãndũni;;Nom;;monde, univers;world, universe;;;;dũniya;
ãnglindi;;Nom;ã́-í-í;anglais (langue);English language.;ãngilindi;;;;
ãnkam;;Nom;;chacun, chacune;everyone, everybody, each one;;;;ned kam, ned fãa;
ãnkre;;Nom;;encre;ink;;;;rʋba, gʋls-koom;
ãntɛnde;;Nom;;antenne;antenna.;;;;;
ãooga;;Nom;ã́;arbre (espèce), faux caïlcédrat;tree sp;sãooga;ãoose;Tree;;
apolo;;Nom;;conjonctivite à l'état épidémique;conjunctivitis;appolo;;Disease;;
arba;;Nom;á-à;mercredi;Wednesday;;;;laarba;
arozoaare;;Nom;á-è;arrosoir;watering-can, sprinkler.;;;;;
arzãna;;Nom;à-ã́-à;Paradis, ciel;Paradise, heaven.;;;;;
arzãn-tɩɩga;;Nom;à-ã́-á;arbre (espèce);Moringa tree;alsan-tɩɩga;arzãn-tɩɩse;Tree;;
arzɛk koglgo;;Nom;;économie;economy;;;;kẽgsgo;
arzɛk soaba;;Nom;à-ó-á;riche, richard;rich person, wealthy person;tarem soaba;arzɛk rãmba;;tarem soaba, rakãagre;
arzɛka;;Nom;à-ɛ́-á;richesses, possessions, trésor;riches, possessions, property, treasure, wealth;;arzɛgse;;tarem1, paoongo1;
arzũma;;Nom;à-ṹ-à;vendredi;Friday.;;;;;
ãsba;;Nom;ã́-á;oncle maternel;mother's brother, maternal uncle;;ãs-rãmba;Relationships;ma-raoogo, yɛsba;
ãsdga;;Adjectif;ã́-á;facilement cassable;easily breakable;;ãsedse;;;
ãse;;Verbe;á;se casser plusieurs fois, se détacher (ex;;;;;;
ãsge;;Verbe;ã̀;rompre sous la pression (barrière, digue);break under pressure (dam);;;;;
ãsme;;Verbe;ã̀;étaler (s') occuper une surface;spread out;;;;wãsme, wãsme;
avoaka;;Nom;;avocat;avocado;;;Food;;
Awa;;Nom;;Eve;Eve;;;;;
ayae;;interj;á;non;no.;ayɛ, ayo;;;;
ayo;;interj;á-ó;non;no;ayae, ayɛ, ayoo;;;;
azã;;Nom;;espèce de grosse araignée;kind of big spider;;;Spider;zãabazã;
azi;;Nom;á;Asie;Asia;;;Region;;
b;1;Pronom;;ils, elles, on;they;bãmb, ba, eb;;;;
b;2;Pronom;;vous de majesté, de politesse;you of politeness, reverence;eb, bãmb;;;;
ba;1;Nom;á;père;father;baaba;ba-rãmba;Relationships;"saamba; antonyme: ma1";ma1
ba;2;auxiliaire;á;même (pas);not even;;;;;
ba;3;Pronom;;ils, elles, les;they, them;b, bãmba;;;;
ba;4;Verbe;à;enfoncer (à coups);knock in, drive into the ground, fix a peg;;;;;
ba;5;Nom;á;aîné(e), grand frère, grande sœur (suivi du prénom);senior, elder brother, elder sister (followed by first name), senior sibling (used as an honorific);;;Relationships;;
bã;;Verbe;ã́;empiler l'un sur l'autre, mettre les uns sur les autres;to stack up, to pile things up on top of each other.;;;;;
ba la ma yʋʋre;;expression;;filiation;name of father and mother, descent, parentage, relationship, kinship.;;;;;
ba ne;;auxiliaire;á -é;malgré (que), bien que, quoique;despite, although, though, albeit;;;;;
baa;;Adverbe;;même;even;;;;;
baa a ye;;expression;;aucun, aucune;not any, none.;;;;;
baa bilfu ye;;expression;;aucun, ne même pas un peu;non, not even a bit, not one;baa yẽ ta, baa a ye;;;;
baa fɩ;;expression;;rien;nothing;baa fʋɩ;;;;
baaba;;Nom;à-á;papa, père;daddy, papa, pa, dad;ba;baaba-rãmba;Relationships;;ma1
baaba-bila;;Nom;à-à-í-á;jeune frère du père, cadet du père;father's younger brother, junior uncle;ba-bila;;Relationships;;
baaba-kasenga;;Nom;à-à-á-é-á;aîné du père;father's older brother, senior uncle;ba-kasenga;baaba-kase mse;Relationships;;
bãada;;Nom;ã̀-á;malade, patient;sick person, ill person, patient, diseased, sick one;;bãad-dãmba;Sick;;
baade;1;Verbe;à-è;séparer (se), quitter, démêler;separate, unravel.;;;;;
baade;2;Verbe;à-é;savoir (que);to know (that).;;;;;
bãadga;;Adjectif;ã̀-á;maladif;unhealthy, sickly;;bãadse;;bã-bi soaba;
baaf ne tẽka;;Nom;á é é-à;point d'exclamation;exclamation mark.;;;;;
baag bãnga-soaba;;Nom;;à la tombée de la nuit, crépuscule;when it gets dark, nightfall, twilight;;;;zĩ-sobdo;
baag bɛnda;1;Nom;á-á;sauce de feuilles et de farine;sauce made of leaves and of flour.;;;;;
baag bɛnda;2;Nom;;mélange de légumes et de farine de mil;dish (mix of vegetables and millet flour);;;Food;;
bãag biiga;;Nom;á-á-í-á;microbe;germ, microbe;;bãag biisi;Disease;;
bãag bila;;Nom;;amibe;amoeba;;;Small animals, Disease;;
bãag loangdga;;Nom;;épidémie;epidemic;bãag lingdga;;Disease;;
baag moogo;;Nom;á-ó;herbe (espèce);grass sp;;;Grass, herb, vine;;
baag sʋʋre;;Nom;;libellule (espèce);kind of dragonfly;;;Insect;;
baag yãado;;Nom;á-ó;catastrophe, fiasco;catastrophe, fiasco.;;;;;
baag yoore;;Nom;;espèce de plante;kind of plant;baag ye-wi;baag zerma;Grass, herb, vine;;
baag zerma;;Nom;;espèce de plante;kind of plant;;;Grass, herb, vine;;
baaga;1;Nom;á;chien, canin;dog, canine;;baase;Mammal;;
baaga;2;Adjectif;á;géant, immense, extraordinaire, très intense;huge, enormous, colossal, extraordinary, very intense;;baase;;;
bãaga;;Nom;á-á;maladie;disease, illness, sickness, malady, germ;;bãase;Disease;;
baage;;Verbe;à;dés-enfoncer, enlever;take or pull out, extract;;;;;
bãage;;Verbe;à;marquer;mark.;;;;;
baag-taanga;;Nom;;espèce d'arbre, pomme cannelle;cinnamon;;;Tree;barkudga;
baale;1;Verbe;à;mettre aux fers;put into iron.;;;;;
baale;2;Verbe;á-è;démêler, séparer;disentangle, clear up, separate.;;;;;
baalle;;Nom;á-é;mouton haut sur pattes;sheep with long legs;;baala;Mammal, Animal husbandry;;
baamd tõogo;;Nom;;autorité parentale;parental authority.;;;;;
baamdo;;Nom;;parenté (le fait d'être père);fatherhood;;;Relationships;;maamdo
baame;1;Verbe;à;bégayer;stutter, stammer;;;;bɩdbe;
baame;2;Verbe;á-è;chanter les louanges de, louer;sing praise songs, praise, sing praises of patrons in return for (expected) gifts or favours.;;;;;
bãane;1;Verbe;ã̀;être mince;be thin.;;;;;
bãane;2;Adverbe;ã̀-é;quiétude, paisiblement, en paix, paisible, tranquille;quietly, peacefully, quiet, calm;;;;;
bãane;2;Nom;;sécurité;security.;;;;;
bãanega;;Adjectif;ã̀-á;fin, mince;fine, slender, thin, slim.;;bãanese;;;
bãanem;1;Nom;ã̀-é;finesse, minceur;thinness, slenderness.;;;;;
bãanem;2;Adverbe;ã̀-é;en paix, tranquillement, lentement;peacefully, calm, slow;;;;;
bãanem;2;Nom;;paix, tranquillité;peace, quietness, peacefulness;;;;laafɩ;
bãanem-bãanem;;Adverbe;ã̀-é ã̀-é;doucement, lentement;gently, mildly, smoothly, slowly.;;;;;
baare;1;Nom;á;pieu, lieu pour attacher le cheval;pole, stake, place to tie up the horse;;baya;;;
baare;2;Nom;á-è;bar;bar, tavern;;baar dãmba;Building;;
bãas biis kʋʋbo;;Nom;;stérilisation;sterilization.;;;;;
baase;1;Verbe;á-è;terminer, achever, finir;finish, complete, end, conclude, bring or come to an end;;;;"sa1; antonyme: sɩnge1";sɩnge1
baase;2;auxiliaire;á-è;malgré tout, quand même, tout de même;all the same, even so, anyhow, after all;;;;kelle2;
baasgo;;Nom;á-ó;fin, fin de quelque chose, terminaison;end, ending.;baoosgo;;;;
babg soaba;;Nom;á-ò-á;blagueur;person telling jokes.;;;;;
babga;;Nom;á-à;blague;joke.;;;;;
babge;;Verbe;á-è;dépasser la destination initiale;go beyond the initial destination.;;;;;
bã-bi soaba;;Nom;;maladif;sickly, unhealthy;;;Sick;bãadga;
ba-biiga;;Nom;á-ì-á;frère ou sœur consanguin(e), parent du côté du père;brother or sister related through the father, parent from father's side, paternal relative, brothers and sisters of the same father;;ba-biisi;Relationships;saam-biiga;
ba-bila;1;Nom;à-í-á;chiot;puppy, pup, small dog;;ba-biisi;Mammal;;
ba-bila;2;Nom;á-á;oncle paternel, jeune frère du père, cadet du père, sœur cadet du père, tante;uncle, younger brother of the father, fathers younger brother, younger sister of the father, aunt;baaba-bila;ba-bi;Relationships;;
ba-bi-poaka;;Nom;;sœur consanguine;blood relative sister, sister of the same father.;;ba-bi-pogse;;;
ba-bi-raoogo;;Nom;;frère consanguin;blood relative brother.;;ba-bi-raopa;;;
bable;;Verbe;à;tâtonner, tâter, palper;feel about (with hand), palpate, grope around, handle gently, touch, fondle;;;;wẽbse;
babse;;Verbe;á-è;aller rejoindre;go and join, go after.;;;;;
bada;;Adverbe;á;jamais;never, ever.;;;;;
badaare;;Adverbe;à-á;ce jour-là;on that day;;;;raar-n-kãnga;
badem-badma;;Adverbe;á-é-á-à;séparément, en ordre dispersé;separately, singly, in scattered manner.;;;;;
badga;;Nom;á-à;tabatière;tobacco box;;badse;Container;;
badge;;Verbe;á-è;séparer;separate;;;;;
bãense;2;Verbe;;boursoufler;to blister.;;;;;
bãens-roogo;;Nom;;prison;prison;;;Building;bi-bees roogo;
baga;1;Nom;á;devin, divinateur, charlatan, magicien;soothsayer, quack, charlatan, trickster, con man, diviner, medicine man, magician;;bagba;;;
baga;2;Adverbe;á;intensité de chaleur, fortement;intensely hot, strongly;;;;;
ba-gãe;;Nom;;chien enragé;enraged dog;;;;;
ba-gãeemdo;;Nom;à-ã́-ó;rage;rabies;;;Disease;;
bag-bage;;Adverbe;á;longuement et intensément;a long time and intensely.;;;;;
bagbo;;Nom;;divination, nécromancie;divination, necromancy;bagre;;;;
bage;;Verbe;á-é;secouer la tête;shake the head;;;;;
bãge;1;Verbe;ã́-é;entasser;heap up, pile up.;;;;;
bãge;2;Verbe;ã́;doubler, répéter une action;double, repeat an action;;;;;
bagemd-baaga;;Nom;á-é-á-á;asparagus, piège de la hyène;asparagus;;bagem-baas e;Grass, herb, vine;;
bãgen-baga;;Nom;;espèce de plante;kind of plant;bãgen-bãgen;;Grass, herb, vine;;
bãgen-daaga;;Nom;ã̀-è-á;arbre (espèce);tree sp;;bãgen-daase;Tree;;
bãgende;;Nom;á-é-é;arbuste (espèce) dont l'écorce fibreuse est utilisée comme cordelettes;shrub sp;bãgen-daaga;bãgena;Bush, shrub;;
bãgen-yãanga;;Nom;ã̀-á-á;arbre (espèce);tree sp;;bãgen-yãamse , bãgen-yãanse;Tree;;
bãg-faanga;;Nom;;bas-fond;marshy / swampy place;;;Land;bãoogo;
bãg-kɩdga;;Nom;;mare;pool, pond, swamp, marsh, small lake;;;;bãg-langa;
bãg-langa;;Nom;;mare;pool, pond, swamp, marsh, small lake;bãg-lɛnglga;;Water;bãg-kɩdga;
bagle;1;Verbe;á-è;pendiller, ballotter ça et là;dangle, quake, to rock, swing to-and-fro.;;;;;
bagle;2;Nom;à-é;oiseau (espèce d');bird (kind of).;;;;;
bãg-ma;;Nom;à-á;lac;lake.;;;;;
bãg-nodre;;Nom;ã̀-ó-é;furoncle de l'aisselle, abcès;carbuncle at armpit, abscess;;bãg-noda, bãg-noada;Disease;;
bã-gõodga;;Nom;;douleur qui change de place;hurting that changes places;;bã-gõodse;Disease;;
bãg-peoogo;;Nom;ã̀-é;omoplate;shoulder blade;;bãg-peedo;Body;zẽka2, lalenga1;
bãg-pʋga;;Nom;ã̀-ʋ́;aisselle;armpit;;bãg-pʋse;Body;;
bagre;;Nom;à-é;divination, pratique divinatoire;divination, soothsayer's work.;;;;;
bãgre;1;Nom;ã́-è;enclos pour animaux, parc, étable;kraal for animals, fence;;bãga;Animal husbandry;nag-reongo, yãgre, bãgre1, zĩig sẽn gũbgi;
bãgre;2;Nom;ã́-è;mamelle, pis;teat of animal udder;;bãga;Parts of an animal;;
bãg-tẽoko;;Nom;ã̀-ẽ́-ò;flaque d'eau;puddle;;bãg-tẽgse;;londã koom;
bãka;1;Nom;á;mare, endroit marécageux;pool, marsh, swamp, wetland, marshy place, pond, puddle;;bãgse;Water;bãoogo;
bãka;2;Nom;ã́-à;deuxième tour de culture pour un champ;second hoeing of a field;;bãgse;Agriculture;;
bakaorgo;;Nom;à-á-ò;outarde (petite), outarde de Denham;bustard (bird), Denham's Bustard;bakargo;bakardo;Bird;;
ba-kãsenga;;Nom;á-á-è-á;oncle paternel, aîné du père;uncle, older brother of the father, father's older brother.;;;;;
bake;;Verbe;á-è;séparer, se détacher, bifurquer, isoler, écarter ou détacher des choses;separate, detach, bifurcate (road), isolate;;;;welge;
bal tãong zĩiga;;Nom;;terrain de football;football field.;;;;;
bala;1;Adverbe;à-á;seulement;only, merely;;;;;
bala;2;conjonction;à;car, parce que, en effet;because, so, therefore;;;;;
balaabtoogo;;Adverbe;;au loin;far away.;;;;;
bale;;Verbe;á-é;épierrer, séparer les grains des pierres ou d'autres déchets;clean an area of stones, get rid of stones in the grains;;;;;
balembaodgo;;Nom;á-ò;plante aquatique (espèce);water plant sp;;balembato;Grass, herb, vine;;
bale-sãoogo;;Nom;;arbre (espèce);tree sp;;;Tree;yãnd-tɩɩga, kʋmbrsaka;
balgda;;Nom;;rivet;rivet nut.;balgdga;;;;
balge;1;Verbe;á-è;séparer, extraire, trier;separate, extract, to sort, select;;baale;;;
balge;2;Verbe;à;emmancher, coincer;put a handle /shaft on a tool, clamp, insert into each other, connect, tie together;;baale;;;
ball-balle;;Adverbe;á-è;séparément, en classant par groupe;separately.;;;;;
balle;1;Adverbe;á-è;à l'écart et en paquet;at the side and grouped together.;;;;;
balle;2;Nom;;ballon, balle;ball;;ballse;Tool;;
bã-longdem;;Nom;à-ó-é;maladie contagieuse, peste;contagious disease, pestilence, plague;bã-loaadga;;Disease;;
balorgo;;Adjectif;à-ó-ò;difforme, inélégant;deformed, misshapen, inelegant.;;balordo;;;
balsende;;Adjectif;á-é;un peu chaud;a bit hot;;;;;
bal-tãong põgdo;;Nom;;des cages de football;football cage.;;;;;
bã-lʋtem;;Nom;;épilepsie;epilepsy;;;Disease;kĩsinkĩiri;
bã-maandem;;Nom;;maladie due à un empoisonnement ou à un maléfice;disease caused by poisoning or an evil spell;;;Disease;;
bã-maasga;;Nom;à-á;maladie du sommeil;sleeping sickness;;;Disease;kũnukũngu, kũnukũngu;
bãmba;1;démonstratif;;ces;these;;;;;
bãmba;3;Pronom;ã́;ils, elles, eux;they, them, their;bãmb;;;;
bãm-bãm;;Adverbe;ã̀;sombre, ombrageux;dark, shadowy.;;;;;
bambarende;;Nom;á;langue bambara;Bambara language.;;;;;
bambarenga;;Nom;á;personne bambara;Bambara person;;bambarense;Community;;
bambu;;Nom;;espèce de plante;kind of plant;;;Grass, herb, vine;;
bãme;;Verbe;ã́;devenir touffu;becoming bushy.;;;;;
bã-muka;;Nom;;maladie silencieuse;silent disease, silent illness;;;Disease;;
banaaga;;Nom;á-à;boubou;garment (big traditional), a smock;;banaase, banaag-rãmba;Clothing;;
ba-namba;;Nom;;père, oncle paternel;father, uncle (father's side);;;Relationships;saamba;
banand tɩɩga;;Nom;;bananier;banana tree;;;Tree;yaba;
banande;;Nom;à-á-è;bananier, banane;banana tree, banana;;;Food;;
banda-ku;;Nom;;espèce de plante;kind of plant, cassava;;;Food, Grass, herb, vine;;
bãnda-ku;;Nom;;manioc;manioc, cassava;;;Food;;
bãn-daoogo;;Nom;ã̀-ó;poteau;pole, stake.;;bãn-daado;;;
bãnde;1;Nom;ã́;signe, marque, miracle;sign, mark, label, miracle;;bãna;Disease;zãnde5;
bãnde;2;Nom;;faute, défaut;mistake, error, fault.;;;;;
bãndʋrba;;Nom;à-á;foule;crowd, herd, host;;;;neb kʋʋngo, zãma;
bãne;;Verbe;ã̀;oindre, appliquer de l'huile;anoint, apply oil;bãle;;;;
bãnege;;Verbe;ã̀;ralentir, adoucir;slow down, ease, soften;;;;;
bãnese;;Verbe;ã̀;dresser, dompter;tame;;;;;
bãng zaamẽ;;expression;;reconnaître;recognize, identify, admit.;;;;;
bãnga;1;Nom;ã́;fer (barre ou fil), chaîne, barre de fer;iron (rod or wire), chain, shackle.;;bãense;;;
bãnga;2;Nom;ã̀-á;margouillat;lizard, Agama lizard;;bãnse;Reptile;;
bãngda;;Nom;ã́;savant, connaisseur;scholar, researcher;;bãngdba;Teach, Worker;;
bãnge;;Verbe;ã̀;savoir, connaître;know, come to know, understand, realize;;;;;
bãngenlɛgsre;;Nom;;gecko;gecko;;;Reptile;;
bãng-kãag ned sẽn tar bũmb zugu;;expression;;science;science;;;Mathematics, Teach;;
bãng-kãag soaba;;Nom;;expert, personne qui maîtrise (spécialiste) un domaine de connaissance;expert;;;Worker, Language and thought;;
bãngr goama;;Nom;;prophétie;prophecy;;;;;
bãngre;;Nom;ã́;savoir, connaissance;knowledge, understanding, skill;;;Teach;;
bãng-yalengo;;Nom;;culture générale;general education, good educational background.;bãng-yagre;;;;
baninga;;Nom;á;sorgho blanc;white sorghum, white guinea-corn;baningri;baninsi, baniynsi;Food, Agriculture;;
bãnk ligd gɛɛl sebre;;Nom;;journal de banque;bank's journal;;;Money;;
bãnk ligd zãab sebre;;Nom;;cahier de banque;bank pass book, passbook;;;Money;;
bãnk yaoodo;;Nom;;agios;bank charges;;;Money;;
bãnkãna;;Nom;ã̀-ã́;taro;taro root;;;Food;mankãna;
bãnke;;Nom;á-è;banque;bank;bãnka;;Money, Building;;
bãnkoanga;;Nom;ã̀-á;circoncis;circumcised person.;;bãnkoense;;;
bãn-loeere;;Nom;ã̀-ó-é;amélioration;improvement.;;bãn-loeese;;;
bãn-zẽnga;;Nom;à-é-à;signe particulier;special sign, particular sign.;;;;;
bao;;Verbe;à;chercher;look for, seek, search, quest;;;;;
bao noore;;Verbe;;provoquer;provoke.;;;;;
bao zĩiga;;expression;;quitte la-bas!;go away from there! synonyme: yi be;;;Building;yi be;
baobgo;;Nom;á-ò;côté, région, vers une certaine direction, zone, partie;side, region, towards a certain direction, section;babgo;;Region;weoogo3, kɛɛnga1, zĩig takɩ, zĩiga, sẽnẽ;
bãoko;;Nom;ã́;épaule;shoulder;bãko;bãgdo;Body;;
bão-koodo;;Nom;;culture maraîchère;market gardening, truck farming;;;Agriculture;;
bãong kẽesgo;;Nom;;circoncision;circumcision;;;;;
bãongo;1;Nom;à-ó;circoncision;circumcision;;bãndo;;;
bãongo;2;Nom;;déshonneur, opprobre;dishonour, reproach;;;;;
baoo;;Adjectif;à;gros, volumineux, imposant;thick, bulky, great, majestic.;;;;;
baoobã biisã;;expression;;Résultats de la recherche;Search results;;;computer / digital;;
baoobo;;Nom;á-ó;chercher (action de), recherche;looking for, seeking, search, research, quest.;;;;;
baooda;1;Nom;áo;chercheur;seeker, researcher, research worker;;baoodba;Worker;;
baooge;1;Verbe;á-è;bouillir;boil.;;;;;
baooge;2;Verbe;á-è;être dans l'incertitude totale, devenir dubitatif;be very uncertain, become doubting.;;;;;
baooge;3;Verbe;á-è;prélever en grande quantité et d'un coup;take away a great quantity and in one go.;;;;;
bãoogo;;Nom;à-ó;bas-fond, endroit marécageux, marigot, lac;marshy / swampy place, water place, pond, bottom land, lake;;bãto;Water;bãka1, bãg-faanga;
baoole;;Verbe;;uriner;to urinate;;;;rʋʋde;
bãoonego;1;Nom;à-ó;monnaie (pièce ou petite coupure);pieces of money, change;;;Money;;
bãoonego;2;Adjectif;ã̀-ó;petits, jeunes;little ones, young ones, small ones, youth;bãoonese;;;;
baoongo;;Nom;;monnaie;change, money coins;bõonego;;Money;;
baoore;;Nom;à-é;grenier fait d'argile /banco;grain-store made of clay / adobe, granary;;baoa;Building;;
baoose;;Verbe;à;chercher à savoir, demander;wanting to know, to ask, try to find out.;;;;;
baoosem;;Nom;à-é;recherche (scientifique), consultation;search, quest, consultation.;baoosgo;;;;
baoosgo;1;Nom;á-ó;achever (le fait d'), fin, bout, conclusion;finishing, end, conclusion;;;;;
baoosgo;2;Adverbe;á-ó;cependant, malgré tout;however, even so, yet, in spite of;;;;;
baorgo;;Nom;à-ó;cor (instrument de musique);"corne de bœuf ou de buffle; horn (for music)";;bardo;Musical instrument;;
bã-piuugdum;;Nom;;épidémie;epidemic;;;Disease;;
bara;;Adverbe;à;en désordre;untidy.;;;;;
baraare;;Adverbe;à-á-é;ce jour-là;at that day;;;;;
baraase;;Nom;;barrage;dam;;;Water;;
barase;;Nom;;espèce de plante;kind of plant;barka-wili;;Grass, herb, vine;;
barb-kẽnda;;Nom;à-ɛ́-á;varicelle;chickenpox, varicella;;;Disease;tarmangãse;
bare;1;Nom;à-é;soucis, souffrance, misère;anxiety suffering, misery.;;;;;
bare;2;Nom;á-è;jeu de pierres;game with stones.;;;;;
bare;3;Verbe;á;tomber, se détacher fragment par fragment;fall, detach bit by bit.;;;;;
bare;4;Verbe;á;laisser tomber, se fatiguer;let fall, get tired.;;;;;
barga;;Nom;à-á;lame de rasoir, lamelle;razor blade, blade.;;barse;;;
bargande;;Nom;;espèce d'arbre;kind of tree;pargande;;Tree;;
barge;;Verbe;á-è;s'éparpiller;scatter.;;;;;
barika;;Nom;;barrique, tonneau;barrel;;;Container;birkɛ1;
barka;1;Nom;á-à;bénédiction, grâce;blessing, grace;;;;;
barka;2;interj;á-à;merci;thank you, thanks;;;;;
barka pʋʋsgo;;Nom;;gratitude, remerciement;gratitude, thanksgiving.;;;;;
barka-wili;;Nom;;espèce de plante;kind of plant;;;Grass, herb, vine;;
barke;;Verbe;;bénir, donner de la valeur;to bless, to give value;;;;;
bar-pɛɛbda;;Nom;;joueur de cor;horn player;;;Musical instrument;;
barsda;;Nom;;marchandeur, marchandeuse;bargainer.;;barsdba;;;
barse;;Verbe;á-è;négocier un prix pour le baisser, marchander;negotiate for a lower price, haggle, bargain, discuss price, bid;;;;saage1;
barsgo;;Nom;;négociation d'un prix;bargaining, bidding.;;;;;
bas ne;;Verbe;;confier à quelqu'un;entrust to somebody, commit;;;;;
bas tɩ lʋɩ;;expression;;renoncer;to abandon, to give up, relinquish, renounce.;;;;;
bas yardo;;expression;;faire confiance;trust;;;;;
base;;Verbe;à;laisser, annuler, cesser;leave, cancel, cease, stop, abandon;;;;;
basgo;;Nom;;abandon, désertion;abandonment, desertion.;;;;;
basĩndi;;Nom;;bassine;bowl;;;Container;;
basɩ;;Nom;à-ɩ́;couscous;couscous;;;Food;lokiri;
bas-m-yam;;Nom;;assurance;assurance.;;;;;
basoaka;;Nom;ã̀-á;poisson chien;fish sp;bã-soaka;basogse, bã-sogse;Fish;;
bã-soaka;;Nom;;poisson chien;fish sp;;bã-sogse;Fish;;
bas-taale;;Nom;;confiance;confidence;;;;bas-yardo;
bas-tɩ-b-pɩʋʋg-gʋlgʋndre;;Nom;;cédez le passage;give way to traffic on the major road;;;7;;
bas-yardo;;Nom;à-ó;confiance;confidence;;;;bas-taale;
batayo;;Nom;;bateau;boat, ship;;;Travel;koom koglgo;
bateri;;Nom;;batterie;battery;;;;pilli;
bato;;Nom;;bateau;ship;;;Travel;;
batoaare;;Nom;;abattoir;slaughterhouse, abattoir;;;Building;;
bã-tolem-tolem;;Nom;;maladie épidémique;epidemic disease;;;Disease;;
bato-yasg-zĩiga;;Nom;;port;harbour;;;Travel;;
ba-wubdga;;Nom;á-ú-á;père adoptif;adoptive father.;;;;;
ba-yãanga;;Nom;;chienne;bitch;;;Animal husbandry;;
ba-ye-wiya;;Nom;;espèce de plante herbacée;kind of grass;;;Grass, herb, vine;;
ba-yirga;;Nom;;espèce de plante;kind of plant;;;Grass, herb, vine;;
ba-yiri;;Nom;á-ì;village d'origine (côté du père), patrie;village of origin (father's side), homeland, native land, birthplace, father's house;;;Relationships;;
ba-yoara;;Nom;;espèce de plante;kind of plant;ba-yoarga;;Grass, herb, vine;;
bazãabazã;;Nom;à-á-á;grosse araignée;big spider;;bazãaba-rãmb a;Spider;;
bã-zoetem;;Nom;;fleuve;river;;;Water;;
bazorgo;;Nom;á;sorgho à épi très long;long sorghum sp;;bazordo;Food, Grass, herb, vine;;
be;1;Nom;é;là-bas;over there, there;;;;;
be;2;Verbe;è;être (en un lieu), être là, présent;to be (in a place), to be there;;;;;ka
bẽ;1;Verbe;ẽ̀;malade (être), faire une maladie;to be sick, ill (be), unwell;;;;;
bearenga;;Nom;;espèce de plante;kind of plant;bɛrenga;berense;Grass, herb, vine;;
bede;;Verbe;é;blettir, être trop mûr, se décomposer;be over-ripe, decompose, decay, to rot.;;;;;
bẽde;;Verbe;ẽ̀;piéger, mettre à l'épreuve, appâter, s'embusquer;trap, set a trap, put to the test, draw to attract, lie in ambush;;;;;
bẽdga;;Nom;;piège (pour jeter un sort à une personne);trap (to cast a disease on somebody);;bẽdse;Disease;;
bedge;;Verbe;;devenir mou car trop mûr ou trop cuit;get rotten or over-ripe, over-cooked.;;;;;
bẽdge;;Verbe;ẽ̀;inciser profondément;incise deeply, scratch deeply, carve, cut into (single instance).;;;;;
bẽdgo;;Nom;;piège;trap, pitfall;bẽodgo;;Hunt and fish;kũiisri;
bedme;;Verbe;;être gros;to be big.;;;;;
bedre;;Adjectif;é-é;grand, adulte;big, adult, great;;bɛda;;;bilfu2, bila1
bedre n yɩɩda;;expression;;plus grand que;bigger, biggest;;;;;
bedrem;;Nom;é-é;grosseur;thickness.;;;;;
beẽ;;Verbe;;se trouver + locative;be + locative;;;;;
bẽe;;Adverbe;ẽ̀;tout couvert de matière pâteuse;covered with slushy/sloppy material.;;;;;
bee zugu;;expression;;être bon marché (ne pas cher);be cheap (not expensive);;;Money;;
beed soaba;;Nom;;avare;miser.;;;;;
bẽedame;;Verbe;;être malade;be ill, be sick;;;;yĩnsa zabdame;
beega;;Nom;;espèce de plante;kind of plant;bɛnga;;Grass, herb, vine;;
bẽega;;Adjectif;ẽ̀-á;mou comme la boue, peu consistant;soft like mud, thin.;;bẽese;;;
beege;;Verbe;è;offenser, être l'auteur d'un manquement, pécher contre;offend, give offence to somebody, sin against sb;;;;;
bẽege;1;Verbe;ẽ̀;tracer une ligne, rayer;trace a line, cross out, cross off, to mark a line, draw, write;;;;rẽege;
bẽege;2;Verbe;ẽ́-è;contaminer massivement, se répandre;contaminate, spread.;;;;;
beegre;;Nom;è-é;manquement, offense, péché;default, offence, sin, wrongdoing;;;;;
beel n boole;;expression;;épeler;to spell;;;Grammar, Language and thought;;
beele;;Verbe;è;saluer, souhaiter la bienvenue;greet, welcome somebody;;;;;
beelgo;;Nom;é-ó;décomposition;decomposition, breakdown, analysis, classification;;;Mathematics;;
beelle;;Adjectif;é-é;nu;naked.;;bɛɛla;;;
beel-n-boaalga;;Nom;;épellation;spelling;;;Grammar, Language and thought;;
beem;;Nom;é;inimité;enmity.;;;;;
beeme;1;Verbe;è-é;il y en a;there are (of that);;;;;
beeme;2;Verbe;;être là;be there.;;;;;
beenẽ;;démonstratif;é-ẽ́;là-bas;over there.;;;;;
bẽere;;Nom;ẽ̀-é;bouillie;mush, porridge, gruel;;bẽya;Food;;
bẽes-boko;;Nom;;sillon;ridge, furrow;;bẽes-bogdo;;wãg-noore, vũka1;
bẽesdga;;Nom;;rayonner;rake making lines;ra-bẽesdga;;Agriculture;;
beese;;Verbe;é-è;découper en quartiers, dépecer;cut in quarters/parts, to quarter, cut up, butcher;;;;;
bẽese;;Verbe;è-é;rayonner;radiate, extend over.;;;;;
bẽesem-bẽesem;;Adjectif;ẽ̀-ẽ́;rayé;striped;;;;;
bẽgme;;Verbe;ẽ́-è;salir avec de la boue;smear with mud;;;;;
bẽgnega;;Nom;è-é-à;retenue;deduction, withholding, retention;;;Mathematics;;
bẽgnego;;Nom;è-ó;économie (épargne);economy, saving;;;Money;ligd-bẽgendem, kẽgsgo, bĩngri;
begs-begse;;Nom;;une partie de;a part of;;;;pʋdre;
bẽgse;;Verbe;ẽ̀;ranger;put in order, tidy up.;;;;;
beke;1;Verbe;è;décoller;take off, unstick, to peel off.;;;;;
beke;2;Verbe;è;découper une partie, diviser en deux (ex;;;;;;
beke;3;Verbe;è;intercepter avec un projectile;intercept with a projectile;bẽke;;;võke3;
bele;;Verbe;é;branler (car ne plus être solidement fixé);wobble (because not tied any more);;;;;
belem;;Nom;è-é;existence;existence.;;;;;
belem zĩiga;;Nom;;adresse;address;;;;aderse;
belge;1;Verbe;è;flatter, tromper, s'occuper d'un enfant, consoler;flatter, sooth, deceive, take care of a child, to console, to trick;;;;fage;
belge;2;Verbe;é-è;se détacher;break away, to come unstuck, peel off.;;;;;
belgr no-rɛɛsda;;Nom;;faux prophète;false prophet;;belgr no-rɛɛsdba;;zĩrẽ no-rɛɛsda;
belgre;1;Nom;;tromperie, tricherie, action de flatter, blague;cheating, flattering, soothing, joke;;;;zãmbo;
belgre;2;Nom;é-é;élision;elision;;;;;
belko;;Nom;;sorgho blanc;white sorghum;;;Food, Grass, herb, vine;;
belme;;Verbe;è;cajoler, amadouer;cuddle, mollify, court, wheedle, cajole;;;;;
belsda;;Nom;;consolateur;consoler, comforter.;bɛlsa;bɛlsdba, bɛlsba;;;
belse;;Verbe;;flatter, tromper, consoler, s'occuper d'un enfant;sooth, flatter, console, comfort, take care of (child);;;;;
belsem-belsem;;Nom;è-é;faire pour s'amuser;doing for amusement.;;;;;
beme;;Verbe;é;trembler;tremble, shake.;;;;;
bende;;Adjectif;;trouble, boueux;blurred, muddy;;;;;
bendge;;Verbe;;rendre trouble, troubler;disturb;;;;yo yam1;
bend-koeelle;;Nom;;espèce de cache-sexe;kind of loin-cloth, panties, briefs;;bend-koɛɛla, bend-koeelse;Clothing;;
bendre;;Nom;è-è;tambour-calebasse (peau tendu sur calebasse), tam-tam;drum (animal skin on calabash), tom-tom, calabash-drum;;bɛnda;Musical instrument;;
bend-tĩsdim;;Nom;è-í;espèce de pagnes ayant des franges;kind of cloth;bend-tĩdim;bend-tĩsdi;Clothing;;
bẽnege;;Verbe;ẽ̀;rendre malade, contaminer, infecter;cause illness, contaminate, to make somebody ill, infect, pass on a disease.;;;;;
beng-ãodgo;;Nom;é;couleuvre (espèce);tree snake sp;;beng-ãto;Reptile;;
bengdo;;Nom;é-ó;feuilles de haricot;bean leaves;;;Food;;
beng-guugu;;Nom;é-ù-ú;fleur de haricot;bean plant flower.;;beng-guusi;;;
beng-puudu;;Nom;;champ de haricot fleuri;flowering bean field;;;;;
beng-pʋʋgo;;Nom;;champ de haricot;bean field;;;Agriculture;beng-sũnga;
bengre;;Nom;é-é;haricot (grain de);grain of bean;;bɛnga, bense;Food;;
beng-sũnga;;Nom;é;champ de haricot;bean field;;beng-sũmsi;Agriculture;beng-pʋʋgo;
beng-wurga;;Nom;;tige sèche de haricot;dry bean stalk;;beng-wursi;Parts of a plant;;
bẽodgo;;Nom;ẽ́;piège, gris-gris;trap, pitfall, talisman for protection, charm, juju.;bẽdgo;bẽto;;;
beoko;1;Nom;é-ò;antilope rédunca;Bohor reed-buck;;begdo;Mammal;;
beoko;2;Nom;;idiot, bête;an idiot, stupid person;;begdo, bɛgdo;;yalma, zalle2;
beolengo;;Nom;èo-ó;fiançailles;engagement, betrothal.;pʋg-beolengo;;;;
beombeongo;;Nom;;petit tambour d'enfant;small drum for children;bembengo;bembendo;Musical instrument;rabɩʋngo;
beoob bila;;Nom;éo í-á;signe de ponctuation;punctuation mark;;;;bɛoodga;
beoog-beoog fãa;;expression;;journalier;daily;;;;daar pʋgẽ (bũmbu);
beooge;;Verbe;è;anticiper, couper la parole ou la route;anticipate, cut /interrupt the word or the road.;;;;;
beoogo;1;Adverbe;é;demain, l'avenir;tomorrow, the future, the morrow;;;;;
beoogo;2;Adjectif;é;mauvais, méchant;bad, wicked, evil, malicious, nasty;;beedo;;bɛɛga;
beoole;1;Verbe;è;prévoir, anticiper;foresee, anticipate.;;;;;
beoole;2;Verbe;è;cultiver dans son champ individuel;farm in one's individual field;;;;;
berge;1;Verbe;é-è;éparpiller des fragments;scatter fragments.;;;;;
berge;2;Verbe;é-è;devenir trop mou parce que trop cuit;become too soft because overcooked.;;;;;
berzĩndi;;Nom;;aubergine;aubergine;;;Food;;
bes-bese;;Adverbe;;en parlant n'importe comment;speaking no matter how;;;;yes-yese;
bese;;Nom;é-è;boisson forte;strong drink.;;;;;
besende;;Nom;;espèce de plante;kind of plant;besande;;Grass, herb, vine;;
besge;;Verbe;é-è;tomber (ex;;;;;;
bẽta;;Adjectif;ẽ́;souffrant, patient;suffering, sufferer from, patient;;bẽtba;Sick;;
betõ tãnd ne kud-ribli;;expression;;béton armé;reinforced concrete, armed concrete;;;Building;;
betõ tãndo;;expression;è-ó à-ó;béton;concrete;;;Building;;
be-zʋʋre;;Nom;;celui qui a une queue;the one with a tail;;;;;
bɛ;1;Verbe;ɛ̀;colmater, fermer un trou;plug leaks, stop up a hole;;;;;
bɛ;2;Nom;ɛ́;ennemi;enemy, foe;;bɛɛba;;bɛɛma;
bɛ;3;Nom;;espèce de plante oléagineuse;kind of plant, oilseed crop;;;Grass, herb, vine;;
bɛda;;Adjectif;ɛ́-à;grand, adulte, gros;big, adult, fat;beada;;;;
bɛdenga;;Nom;ɛ́-á;ver de terre;earthworm;;bedense;Small animals;;
bɛɛ;;interrogatif;ɛ́;où est-ce ?;where is? F biigã bɛɛ? Où est ton enfant ? where is your child? bɛɛba [ɛ́] singulier: bɛ, bɛɛma;;;;;
bɛɛga;;Adjectif;ɛ́;mauvais;bad;;beese;;beoogo2;
bɛɛgda;;Adjectif;;offensif;offensive.;;;;;
bɛɛge;;Verbe;;décoller ce qui est plaqué contre;take off something.;;;;;
bɛɛla;1;Nom;ɛ́-à;instrument de musique monocorde;one-stringed fiddle;;beelse;Musical instrument;;
bɛɛla;2;Nom;ɛ̀-á;salutations de bienvenu;welcome greetings;;;;yɛɛla;
bɛɛma;;Nom;ɛ́;ennemi;enemy;;bɛɛmdba;;bɛ2;
bɛɛre;;Nom;ɛ́-è;bière importée;imported beer.;;bɛɛr-dãmba;;;
bɛɛrga;;Adjectif;ɛ́-á;la plus petite quantité / unité de;the smallest quantity or unit of;;beerse;;;
bɛgd neoodre;;Nom;;botte;boot;;;Clothing;;
bɛgdo;;Nom;ɛ́-ò;boue;mud;begdo;;Weather;;
bɛka;;Nom;ɛ́;morceau ou partie de chose divisé en deux;part or fragment of something divided in two pieces.;;begse;;;
bɛnda;;Nom;ɛ̀-á;caleçon, cache-sexe masculin;underpants, man's loincloth, T-string, underwear (traditional);;bendse;Clothing;;
bɛndga;;Nom;;cithare-radeau;zither;;bɛndse;Musical instrument;;
bɛoodga;;Nom;ɛ̀;signe de ponctuation;punctuation mark;;;;beoob bila;
bɛooga;;Nom;ɛ́;souche;stump, tree-stump;;beoose;Parts of a plant;;
bɛoolga;;Nom;ɛ̀-à;champ individuel;individual's field / farmland, personal farm;;beoolse;Agriculture;;
bɛoongo;;Nom;ɛ́;maison en terrasse;flat-roofed room, house with flat roof;;bɛɛndo;Building;kʋl-beongo, põ1;
bɛrenga;;Nom;ɛ̀-á;espèce de chanvre;kind of hemp-plant;bearenga;berense;Grass, herb, vine;;
bi;2;Nom;í;rougeole;measles;bĩ;;Disease;bikalga2;
bi;3;conjonction;;ou, ou bien;or, or else, either .;;;;;
bĩ;;Nom;;rougeole;measles;bi;;Disease;;
bi-beelem;;Nom;;hardiesse, intrépidité, espièglerie;roguery, wild / bad behaviour.;;;;;
bi-bees roogo;;Nom;;prison;prison;;;Building;bãens-roogo;
bi-bɛɛga;;Nom;ì-ɛ́-á;enfant indiscipliné, intrépide, bandit, canaille;indisciplined child, fearless person, bandit, crook, rogue, villain, ruffian.;;;;;
bi-bɛlgda;;Nom;ì-ɛ̀-á;nourrice (qui s'occupe d'un enfant);nurse, nursemaid (taking care of a child);;;Worker;;
bibi;;Verbe;í;entasser;stack up, heap.;;;;;
bi-bɩɩga;;Nom;ɩ̀-á;jeune homme, jeune personne, adolescent;young man, young person, adolescent, teenager;;bi-bɩɩse, kom-bɩɩse;Person;polle;
bi-bɩɩlem;;Nom;;jeunesse;youth;;;;kom-bɩɩse;
bida;;Adverbe;ì;noir (idée de);black (idea of);;;Colour;;
bidga;;Nom;í-à;bègue;stutterer, stammerer;;bidsi;Disease;zɩlem-karga;
bidgi;;Verbe;ì;déboîter (os);dislocate (bone);;;;;
bidimdi;;Adjectif;í;penché;tilting.;;bidimsi, bidma;;;
bidu;;Nom;ì-ú;bidon;can, a 5-gal./25 litre can;;bidu-rãmba;Container;;
bii;;interrogatif;;ou, ou bien?;;;;;;
biiga;1;Nom;í;enfant, fils, un jeune;child, son;;kamba, koamba, biisi;Relationships, Person;;
biiga;2;Nom;í;grain;grain;;biisi;;;
bĩinfu;;Adjectif;ĩ́;fin, effilé;thin;;bĩinisi;;;
bĩinifu;;Nom;ĩ̀-ú;trait, scarification légère;stroke, slight scarification.;;bĩini;;;
bĩin-lugsi;;Nom;;longitude;longitude;;;Land;;
bĩin-lu-tikdga;;Nom;;méridien zéro;zero meridian;;;Land;;
bĩin-paadse;;Nom;;latitude;latitude;;;Land;rul-paadsẽ;
bĩin-wʋbdo;;Nom;;espèce de plante;kind of plant;;;Grass, herb, vine;;
bĩis tãnga;;Nom;ì-á;dune, colline de sable formée par le vent;sand dune;;bĩis tãmse;Land;;
bĩis-gɛla;;Nom;;fromage;cheese;;;Food;;
bĩis-gõeem;;Nom;ĩ̀-ṍ-é;lait caillé, yaourt;clotted milk, yoghurt;;;Food;;
biisi;;Nom;í-ì;bus;bus.;;biis-rãmba;;;
bĩisim;;Nom;ì-í;lait;milk;;;Food;;
bĩisim kũuni;;Nom;;allaitement;breast-feeding.;;;;;
bĩisim yẽnde;;Nom;ì é-è;dent de lait;baby tooth;;bĩisim yẽna;;lɩdre;
bĩis-kaam;;Nom;;crème;cream;bĩs-kaam;;Food;;
bĩis-koaasa;;Nom;;laitière;lady selling milk;;;Worker;;
bĩis-moogo;;Nom;ì-ó;maladie de sein;breast disease;bĩs-moogo;bĩis-moodo;Disease;;
bĩis-naare;;Nom;ĩ̀-é;lait frais;fresh milk;bĩs-naare;;Food;;
bĩis-noore;;Nom;ĩ̀-ó-é;mamelon, tétine;nipple, teat;bĩs-noore;bĩis-noya;Body;;
bĩisr zĩiga;;expression;;désert;desert;;;Land;zĩ-koɛɛnga, tẽn-kʋɩre, zĩ-kʋɩre, we-rasempʋɩɩga;
bĩisri;1;Nom;ĩ̀-í;sein, mamelle;breast, teat, udder;bĩsri;bĩisa;Body;;
bĩisri;2;Nom;ĩ̀-í;sable;sand;;bĩisa;Land;;
bĩisr-yiisgu;;Nom;;sevrage;weaning.;;;;;
bĩis-sũm;;Nom;ĩ̀-ṹ;lait maternel;mother milk.;;;;;
bĩis-zom;;Nom;;lait en poudre;milk powder;bĩs-zom;;Food;;
bika;;Nom;í;bic, stylo;pen, ballpoint, ballpoint pen;;;Tool;gʋls-moogo;
bikalga;1;Nom;ì-á-à;condiment à base de grains d'oseille;seasoning based on sorrel grains.;;bikalse;;;
bikalga;2;Nom;ì-á-à;rougeole;measles;;;Disease;bi2;
bi-kãsenga;;Nom;;adulte;adult, grown-up;;;Person;;
bila;1;Adjectif;í;petit de taille;small in size or age, little;;bi;;;bedre
bila;2;Nom;í;pion, pièce de jeu, unité, graine, fruit;pawn, piece of game, unit, grain, fruit;;biisi;;tikr bila;
bila;3;Nom;í;partie d'un tout;part of a whole;;bi;;;
bila;4;Nom;í;pépin;grain.;;biisi;;;
bilf sã n paase;;expression;;bientôt;soon, shortly;;;;;
bilf-bilfu;;Adverbe;;doucement, lentement, progressive, petit à petit;gently, smoothly, slowly, progressive;;;;kɩdg-kɩdga;
bilfri;;Adverbe;;un tout petit peu;a little bit;;;;yẽnɩ;
bilfu;1;Adverbe;í;peu;bit (a);;;;;
bilfu;2;interj;;à tout à l'heure;goodbye, see you soon;;;;wẽnd na kõ-d bilfu;
bilfu;2;Adjectif;í;petit, minuscule;small (in size or quantity), little, tiny;;bãoonego;;;bedre
bilg tɩ b wʋm a võore;;expression;;explication;explication;;;Language and thought;;
bilga;;Nom;í-à;bracelet en paille tressée;straw bracelet;;bilsi;Adornment;;
bilgdga;;Nom;ì-à;idéophone;ideophone;;;;;
bilgi;1;Verbe;ì;décrire;describe;;;;;
bilgi;2;Verbe;ì;tourner (faire);turn over, go round (cause to), to roll, revolve;;;;bilmi;
bili;;Verbe;í-ì;rouler en pressant;to roll sth;;;;;
bilimdgi;;Verbe;;rouler qqc;to roll sth.;;;;;
bilimdi;;Verbe;;rouler qqc;to roll sth.;;;;;
bilimsi;;Verbe;;rouler qqc;to roll sth.;;;;;
bilmi;;Verbe;ì;rouler, faire avancer en roulant par terre;to roll sth;;;;bilgi2, yilgi;
bil-tik ligdi;;Nom;ì-í ì-í;prix unitaire;unit price, price per unit;;;Money;a ye ligdi;
bil-tikdga;;Nom;;unité;unit;;;Mathematics;tikr bila;
bil-zaalga;;Nom;;unité simple;single unit;;;Mathematics;;
bĩma;;Adverbe;ĩ̀;sombre, touffu, couvert;sombre, dark, leafy, covered.;;;;;
bĩmi;;Verbe;ĩ́;devenir ombrageux, couvert;become leafy, shady, covered;;;;;
bindga;;Nom;;espèce de plante à tubercule;kind of tuber plant;;bindsi;Grass, herb, vine;;
bindingãasgo;;Nom;ĩ̀-ã́-ò;bousier;dung beetle;;;Insect;bĩntagagsgo;
bĩndingãoosgo;;Nom;;scarabée sacré, bousier;scarab, dung beetle;;;Insect;gutungulungu;
bĩndinpuure;;Nom;;poisson (espèce);fish sp;bẽdempuure;;Fish;;
bĩndu;;Nom;ĩ́;excréments (vu comme masse), selles;excrement.;;bĩna;;;
bĩng yamẽ;;Verbe;;retenir;hold, keep in mind.;;;;;
bĩngdga;;Nom;ì-à;classeur;binder, filing cabinet.;;;;;
bĩngdim;;Nom;í-í;stock;stock;bõn-bĩngdim;;;bõn-bĩngdim;
bĩngdim seb-vãoogo;;Nom;;fiche de stock;stock card;;;Money;;
bĩngi;1;Verbe;ĩ̀;mettre ne lieu sûr, garder de côté, conserver, garder de côté, épargner, déposer;put in a save place, put aside to keep it, to save, to put down, store, to keep.;;bĩnsi;;;
bĩngi;2;Verbe;;sauvegarder;save;;;computer / digital;;
bĩngri;;Nom;;épargne;savings;;;Money;ligd-kẽgsdem, bẽgnego;
bĩntagagsgo;;Nom;;bousier;dung beetle;;;;bindingãasgo;
bi-paga;;Nom;ì-á;belle-fille;daughter-in-law;;bi-pagba;Relationships;;
bi-pagemdo;;Nom;;relation de parenté par alliance entre une femme et sa belle-fille;the relation between mother-in-law and daughter-in-law;;;Relationships;;
bi-peelem;;Nom;ì-é-é;premier enfant (étant bébé);first child (still being a baby).;;;;;
bi-pɛɛlga;;Nom;ì-ɛ́-á;bébé (lit;;pɛɛlga;kom-peelse;;pɛɛlga2;
bi-pugla;;Nom;ì-ú-á;jeune fille, fille;young woman, girl;;kom-pugli;Person;;bi-ribla
birga;;Nom;í-à;fumier, engrais qui contient de la matière organique , fumure organique;manure, fertilizer, organic manure;;;Agriculture;põosgo1;
bi-ribla;;Nom;ì-í-á;garçon, fils;boy, son;;kom-dibli;Person;;bi-pugla
bi-rib-roagdga;;Nom;;fils;son;;;Person;;
birimdi;;Verbe;ì;agir promptement;act quickly.;;;;;
birip;;Adverbe;ì;tout d'un coup;suddenly.;;;;;
birkɛ;1;Nom;;barrique;barrel;;;Container;barika;
birkɛ;2;Nom;;briquet;lighter;;;;bug-bãnga;
bir-põnegdem;;Nom;ì-ó-é;compost, engrais organiques, fumier, matière organique provenant de la litière (feuilles mortes des arbres) et des déchets d'animaux décomposés;compost, organic fertilizer, manure;;;Agriculture;;
biru;;Nom;;bureau;office, desk.;;;;;
bisa;;Nom;í-à;sous produit dans la préparation de a bière de mil;residue in millet beer production.;;;;;
biskãse;;Nom;í-á-é;drêche;distiller's wash, brewer grains, residue of beer brewing;;;;;
bitga;;Nom;;boutique;shop, store, boutique;;;Building;;
bĩungu;;Nom;;excrément;excrement, dung, shit, faeces, a single turd.;;bĩndu, bĩna;;;
bi-wẽnga;;Nom;ì-ẽ́;gamin, garçon de mauvais comportement;pickle, boy with bad behaviour.;;kom-wẽnse;;;
bi-yende;;Nom;;enfant unique, seul enfant;only child;;;;;
bɩ;1;Verbe;ɩ̀;mûrir, être cuit / mûr;"grandir; ripen, be cooked / ripe, grow, to be mature";;;;;
bɩ;2;auxiliaire;ɩ́;donc, alors, s'il est ainsi;consequently, then, so, thus;;;;;
bɩ;3;conjonction;ɩ́;ou bien (alternatif, indique une possibilité d'un choix));or, or else (alternative, indicating the possibility of a choice);bɩɩ;;Grammar;;
bɩbla;;Nom;ì-á;petit grenier en terre (à l'intérieur);small clay granary (inside storehouse);;bɩblɩ;Container, Building;;
bɩdbe;;Verbe;ɩ̀;bégayer;stutter, stammer;;;;baame1;
bɩdgo;1;Nom;ɩ́;grain d'oseille, roselle;seed of sorrel, Rosella,;bɩʋdgo;bɩto;;;
bɩdgo;2;Nom;;oseille;sorrel;bɩto;;Grass, herb, vine;;
bɩgemde;;Adjectif;ɩ́;mûr;ripe;;bɩgma;;"mogemde, bɩɩnga, lʋko; antonyme: kãsre";kãsre
bɩɩ;;conjonction;;ou, ou bien;or, or else;bɩ;;;;
bɩɩnga;;Adjectif;;mûr, à point, à terme;ripe, cooked, done;;bɩɩmse;;bɩgemde;"kãsre, kãoogo4; synonyme: bɩgemde"
bɩɩse;;Verbe;ɩ̀;mûrir (faire);ripen (make / cause to);;bɩɩma;;;
bɩlemde;;Adjectif;;nu;naked, bare.;;;;;
bɩlle;;Nom;ɩ́;levure;yeast.;rã-bɩlle;bɩla;;;
bɩmbɩlga;;Nom;;termitières;termite mound;;;;yaoore tãmbeko;
bɩmbɩʋlgo;;Nom;;espèce de termite;kind of termite;bɩʋmbɩʋngo;;Insect;yaoore;
bɩnde;1;Adverbe;ɩ̀-é;pas de marche de cheval, trotter;certain walking pace of horse, trot;;;;;
bɩnde;2;Nom;;langue gulmanchéma;Gurma language;bɩndre;;;;
bɩsemd sõdre;;expression;;nombre décimal;decimal number;;;;sõor ne begse;
bɩsemde;;Nom;ɩ̀-é;scarification sur la joue;scarification on the cheek;;bɩsma;Grammar;;
bɩsem-poor sõdr bila;;expression;;unité décimale;decimal unit.;;;;;
bɩsem-poor sõdre;;expression;;partie décimale;decimal part;;;Mathematics;;
bɩsem-toaka;;Nom;ɩ̀-óa;apostrophe;apostrophe;;;Grammar;;
bɩt-kõbre;;Nom;ɩ̀-ṍ;plante (espèce);plant sp;;bɩt-kõba;Grass, herb, vine;;
bɩt-maasga;;Nom;ɩ̀-á-á;cycle long;long cycle;;;Grass, herb, vine;wegdre;
bɩt-sʋgre;;Nom;ɩ̀-ʋ́;cycle moyen;average cycle, middle cycle.;;;;;
bɩt-tʋʋlga;;Nom;ɩ̀-ʋ́-á;cycle court;short cycle.;;;;;
bɩʋdgo;;Nom;ɩ́ʋ;oseille;sorrel.;bɩdgo;bɩto;;;
bɩʋmbɩʋʋngo;;Nom;;période de maturité des cultures;period when the farming products are mature;;;Agriculture;;
bɩʋʋng naoore;;Nom;;cycle;cycle.;;;;;
bɩʋʋngo;;Nom;ɩ́;maturité, croissance;maturity, ripeness, growth;;;;;
[ó-] bõaasa;;Nom;õ̀-á;mendiant;beggar;;bõos-rãmba;;gariibu;
boabga;;Nom;ó;foulard (de tête);headscarf;;;Adornment, Clothing;;
bõaga;1;Adverbe;õ̀;complètement;completely.;;;;;
bõaga;2;Adverbe;ṍ;lourdement;heavily.;;;;;
boaka;;Nom;ó;moitié, partie d'une chose fendue;half, part of something split into two parts.;;bogse;;;
boal-boal;;Nom;;boules de farine de mil avec sauce;dish (balls of millet and sauce);;;Food;;
boalenga;;Adjectif;óa;d'une forme parfaite, sans aspérité;in a perfect shape, without unevenness;;bolemse;;;
boalga;;Nom;ó;argile;clay;;boala, bolse;Land;bolle;
boalg-yũ;;Nom;;espèce de plante;kind of plant;;;Grass, herb, vine;;
boambãko;;Nom;;arbuste (espèce);shrub sp;;boambãgdo;Bush, shrub;bõang-bãoko;
bõan-bãoko;;Nom;;espèce d'arbre;kind of tree;;;Tree;;
bõan-daoogo;;Nom;;margouillat mâle;Agama male lizard;bõan-kʋnkʋdre;;Reptile;kʋnkʋdre;
bõanga;;Nom;òa-á;âne;donkey;bõnga;bõanse, bõaense, bõense;Mammal, Animal husbandry;;
bõanga-rugi;;Nom;;espèce de plante;kind of plant;;;Grass, herb, vine;;
bõang-bãoko;;Nom;;plante (espèce);plant sp;;;Bush, shrub;boambãko;
bõang-boko;;Nom;;espèce de plante;kind of plant;;;Bush, shrub;;
bõang-paare;;Nom;õ̀-á;plaie sous l’orteil;wound under the toe;;bõang-paya;Disease;bõn-kɩnde;
bõan-kũuri;;Nom;;charrue;plough;;;Agriculture;wãka, subdri, rũm-kũuri;
bõan-kʋnkʋdre;;Nom;õ̀-ʋ́;margouillat mâle;mail lizard;bõan-daoogo, zu-miidu;bõan-kʋnkʋda;;kʋnkʋdre, zu-miuugu;
bõan-poaka;;Nom;òa-á;margouillat;lizard sp;bõn-poaka, bõampoaka;bõan-pogse;Reptile;bulum-poaka;
bõan-tʋbre;;Nom;õ̀-é;plante (espèce);plant sp;bõn-tʋbre;bõan-tʋba, bõn-tʋba;Grass, herb, vine;;
bõan-wɛɛga;;Nom;;mule;mule.;;bõan-weese;;;
bõasa;;Nom;;mendiant;beggar;bõaasa;bõs-rãmba;;;
boata;;Nom;ó-à;boîte;bin, box, can;;botse;Container;;
bobdo;;Nom;ó;harnais, lanière;horse harness.;;;;;
bobe;;Verbe;ò;porter à l'épaule, se mettre autour du corps (ex;;;;;;
bobge;;Verbe;ò;enlever ce qui était suspendu;take away what was hung up.;;;;;
boble;;Verbe;ò;confier;entrust somebody with something;;;;;
boboore;;Nom;ò-ó-é;langue bobo;Bobo language.;;;;;
bobre;;Nom;ó;action / fait de porter en bandoulière;carrying hanging down.;;;;;
bobʋb-peoogo;;Nom;;une corbeille;trash can;;;Container;;
bõdge;;Verbe;õ̀;écorcher, entailler;to skin, flay, slash, nick.;;;;;
bodgo;;Nom;ó;sac en jute;sack mad of jute.;;boto, bot-rãmba;;;
bõe;1;interrogatif;ò;quoi ?;;;;;;
bõe;3;Nom;ṍ;chose, affaire (imprécise);thing, matter (undefined).;bõndo;;;;
bõe yĩnga;;interrogatif;;pourquoi ?;;;;;;
why? bõeedga;;Nom;;pépinière;nursery, garden centre.;;;;;
bõeere;;Nom;;pépinière;garden centre, nursery;;;;tɩ-bõeega;
boɛɛga;;Nom;ó-à;bouc;he goat;zãmboɛɛga;boeese;Mammal, Animal husbandry;;
bogbo;;Nom;ó;vaccination;vaccination;;;;bogbo tɩɩm;
bogbo tɩɩm;;Nom;;vaccination;vaccination;;;;bogbo, bog-boge2;
bog-boge;1;Adverbe;ó;en élevant le ton;raising the voice.;;;;;
bog-boge;2;Nom;ò-ó-é;vaccination;vaccination;;;;bogbo tɩɩm;
bõg-bõge;;Adverbe;õ̀;en mille morceaux;in thousand pieces;;;;;
boge;1;Verbe;ò;vacciner;vaccinate.;;;;;
boge;2;Verbe;ò;diviser en parties;to split (into pieces).;;;;;
bõgemde;;Verbe;ṍ-è;briser, casser en mille morceaux;smash, break in thousand pieces;;;;;
bog-fɩre;;Nom;ò-ɩ́;papayer;papaya tree;bogfɩre, bog-fʋɩre;;Tree;papaye, mantaamde, mang-taamde;
bogle;1;Verbe;ò;mettre côte à côte;to put things side by side, alongside;;;;;
bogle;2;Verbe;ó;couper, marquer, vacciner;to cut, mark, vaccinate.;;;;;
bõgne;;Verbe;ṍ-è;marmotter, parler indistinctement;mutter.;;;;;
bogre;;Nom;ó;partie, moitié côté, tranche, séquence;part, half, side, slice, sequence;;boaga;;;
bogse;;Verbe;;broyer;grind, crush.;;;;;
bõgse;1;Nom;;boxe;boxing.;;;;;
bõgse;2;Verbe;ṍ;briser en mille morceaux;to shatter, break completely.;;;;;
bog-zulunga;;Nom;;abîme;abyss, gulf.;;;;;
bog-zulungu;;Nom;;trou profond;deep hole;;bog-zulumsi;;vũni;
boke;1;Verbe;ò;diviser en deux;divide into two parts, to split (into two pieces).;;;;;
boke;2;Verbe;ò;vacciner, faire une entaille, marquer;vaccinate, do an incision, cut, mark.;;;;;
boko;;Nom;ò-ó;trou;hole, pot-hole.;;bogdo;;;
bolbo;;Nom;ó-ò;action / fait de crépir, crépissage;plastering.;;;;;
bole;;Verbe;ó;crépir, badigeonner;plaster, rough-cast, paint;;;;;
bolemde;;Adjectif;ó;lisse;smooth, sleek.;;boalma;;;
bolen-daoogo;1;Nom;ò-é;essieu;axle.;;;;;
bolen-daoogo;2;Nom;;fléau de la balance;balance beam;;;;la-tɛbla;
bolge;1;Verbe;ó-è;chercher en demandant;look for by asking people, to ask about sth.;;;;;
bolge;2;Verbe;ó-è;enduire;smear;;;;;
bolle;;Nom;ó;argile, une boule d'argile;clay, a lump of clay;;boala;;boalga;
bõmbõ;;Nom;;bonbon;sweet, candy.;;;;;
bon dɩtla;;Nom;;chose mangeable;edible thing.;;bon dɩtlɩ;;;
bõn koaadla;;Nom;;chose cultivable;farmed product.;;bõn koodlɩ;;;
bõn-bãnde;;Nom;;miracle, chose étonnante, chose étrange / extraordinaire;miracle, astonishing thing, extraordinary thing;;bõn-bãna;;bõn-yɛɛsdga, tʋʋm-bãnde;
bõn-beelle;;Nom;;grain;grain;;;Parts of a plant;;
bõn-belen-bɛɛga;;Nom;;un tel, «chose»;thingamajig.;;;;;
bõn-bila;;Nom;;ânon;donkey's foal, colt.;;;;;
bõn-bĩngdim;;Nom;;stock;stock;;;;bĩngdim;
bõn-bɩʋʋngo kiuugu;;Nom;;septembre;September.;;;;;
bõn-bõne;;Adverbe;;de manière agile;in a agile manner.;;;;;
bõn-buud tũusgu;;expression;;choix (de variété de semences), sélection;seed selection;;;Agriculture;;
bõn-buudu;;Nom;ó-ú;semence, graine destinée à être reprise ou mise en terre;seed;;;Agriculture;;
bõn-daoogo;;Nom;;mâle;male;;;;;
bondge;;Verbe;ó;mélanger, gâter;mix up, muddle, spoil sth.;;;;;
bõndo;1;Nom;ṍ-ò;chose ou personne imprécise, affaire, machin, truc;thing, thingamajig;bondo;;;a zagla;
bõndo;2;Nom;;un tel, «chose»;thingamajig.;;;;;
bõn-dũmdi;;Nom;;êtres piquants;stinging beings;;;;;
bõne;;Nom;õ̀-é;perte;loss;;;;lʋɩɩse1, lʋɩɩse1;
bõnege;1;Verbe;õ̀;fendre, tailler;split, chop, cut.;;;;;
bõnege;2;Verbe;ṍ-è;pousser en grande quantité;grow in large quantities.;;;;;
bõnege;3;Verbe;ṍ-è;contaminer;contaminate.;;;;;
bõn-kãense;;Nom;;ces choses;these things;;;;;
bõn-kãnga;;Nom;;cette chose, cela;this thing, this.;;;;;
bõn-koaadla;;Nom;;récolte, céréales (lit;;;;Food;;
bõn-koodɩ sẽn pa yikd yĩngri;;expression;;cultures basses;short crops;;;Food, Agriculture;;
bõn-koodɩ sẽn yaa wogdo;;expression;;cultures hautes;tall crops;;;;;
bõn-koodr bɩʋʋng wakato;;expression;;cycle de croissance des cultures;growth period for crops;;;Agriculture;;
bõn-koom;;Nom;;liquide;liquid.;bõn-koom buudu;;;;
bõn-kũuri;;Nom;;charrue;plough, plow;bõan-kũuri;;Agriculture;;
bõn-naandga;;Nom;;idole fabriqué;man made idol.;;bõn-naandse;;;
bõn-naandse pʋʋsdba;;Nom;;idolâtres, adorateurs d'idoles;idolater, idolatrous, idol worshipper, those who worship idols.;;;;;
bõn-naanega;;Nom;;dessin;drawing.;;;;;
bõn-naanese;;Nom;;animaux;animals;;;;bõn-vɩɩlɩ;
bõn-nana;;Nom;;chose moins chère;cheaper thing;;;;;
bõn-neeba;;Nom;;jolie choses, bonnes choses;nice things, beautiful things.;;;;;
bõn-paalle;;Nom;;chose neuve;new thing;;;;;
bõn-poaka;;Nom;;margouillat (femelle);lizard (female);bõan-poaka;bõn-pogse;Reptile;;
bõn-põbendga;;Nom;;emballage;packaging, wrapping.;;;;;
bõn-saadga;;Nom;;reptile;reptile;;bõn-saadse;Reptile;bõn-vuudga;
bõn-sõama;;Nom;;bonne chose;good thing;;bõn-sõamya, bõn-sõmse;;bõn-naanese;
bõn-vɩɩl-yalenga;;Nom;ó-ɩ́-á-á;insecte (lit;;;;Insect;bõn-yɩgdla;
bõn-vuudga;;Nom;;reptile;reptile;;bõn-vuudi, bõn-vuudse;Reptile;bõn-saadga;
bõn-wẽnga;;Nom;;méchante chose;bad thing;;;;;
bõn-yẽega;;Nom;ṍ;lion;lion;bõnyẽega;;Mammal;gɩgemde;
bõn-yɛɛsdga;;Nom;;miracle, chose étonnante, chose étrange / extraordinaire, prodige;miracle, astonishing thing, extraordinary thing;;bõn-yɛɛsdse;;bõn-bãnde;
bõn-yitg biisi;;expression;;graines;seeds;;;Agriculture;;
bõn-yɩgda;;Nom;;oiseau (lit;;;bõn-yɩgdɩ;Reptile;;
bõn-yɩgdla;;Nom;;insecte;insect;;;Insect;bõn-vɩɩl-yalenga;
bõn-yɩgdr zũuri;;Nom;;larve;larva;;;Small animals;;
bõn-yɩgdse;;Nom;;insectes;insects;;;Insect;;
bõn-yũudla;;Nom;;boisson;drink, beverage.;;;;;
bõn-zẽmse;;Nom;ó-é-è;divers;miscellaneous, various.;;;;;
bõn-zẽnga;;Nom;;chose d'une toute autre nature;thing of a very different matter.;;bõn-zẽmse;;;
bõn-zɩsd pɛɛsdga;;Nom;;bascule;weighing machine.;;;;;
bõn-zɩtga;;Nom;;moyens de transport;means of transport;;bõn-zɩtse;Travel;bõn-zombdga;
bõn-zoeende;;Nom;õ̀-ó;avarice;stinginess.;;;;;
bõn-zoɛta;;Nom;õ̀-ɛ́;personne avare;stingy person.;;;;;
bõn-zombdga;;Nom;;moyen de transport;means of transport;bõn-zoambdga;bõn-zombdse;Travel;bõn-zɩtga;
boobe;;Verbe;ó-è;proclamer, annoncer;proclaim, announce.;;;;;
bõode;;Verbe;õ̀;gratter avec les ongles, griffer;scrape, scratch with finger nails.;;;;;
boog kẽnda tʋʋlem;;expression;;ralentir la vitesse, diminuer la vitesse;slow down (speed).;;;;;
boog namsgo;;expression;;soulager;relieve.;;;;;
booge;1;Verbe;ò;diminuer, baisser;diminish, reduce;;boose;;wo, wooge;"yãdge2; synonyme: wo, wooge"
booge;2;Verbe;ó;dissoudre dans un liquide;dissolve in a liquid, go runny.;;;;;
booge;3;Verbe;ó-è;fondre;melt, smelt, dissolve;;;;;
bõoge;1;Verbe;õ̀;prélever en raclant;take away by scraping off, to scrape off.;;;;;
bõoge;2;Verbe;ṍ-è;diluer pour faire de la bouille;add water to make food thinner.;;;;;
boogre;;Nom;;réduction, baisse, diminution;reduction, reducing, lowering, decline.;;;;;
boole;;Verbe;ò;appeler;call, call out, call to sb;;;;;
boolgo;;Nom;;appel, vocation, action d'appeler;call, calling, vocation;;;;;
boolle;;Nom;ó-é;appel, convocation;call, convocation, summons;;boaala;;;
bõonde;;Adjectif;ṍ;pâteux;slushy, sloppily;;bõoana;;;
bõore;1;Nom;;farine diluée dans de l'eau;in water diluted flour.;;;;;
bõore;2;Nom;ó-è;pâte;dough, paste.;;;;;
boose;;Verbe;ó;chercher noise /bagarre;to pick a quarrel.;;;;;
bõose;;Verbe;õ̀;demander, mendier, supplier;ask, beg;bõse;;;;
boosre;;Nom;ó;vipère bitis;African Puff Adder;;boaasa;;;
bordɩ;;Nom;ó-ɩ́;banane plantain;plantain;;;Food;;
bore;;Nom;ó-è;nouvelle;news;;;;;
bõre;;Verbe;ṍ;s'enfoncer;sink in.;;;;;
Sa bõrge;;Verbe;ṍ-è;s'effondrer sous le poids;slump down;;;;nade;
borose;;Nom;;brosse;brush;;;Tool;;
bõse;;Verbe;õ̀;mendier, demander;beg, to ask, ask for;bõose;;;;
bosemborgo;;Nom;ò-ó-ó;python royale;Royal or Ball python;;bosembordo;Reptile;;
bosge;;Verbe;ó-è;s'effondrer, se casser;slump down, break down.;;;;;
bõsgo;;Nom;õ̀-ó;mendicité;begging.;bõosgo;;;;
bõs-rãmba;;Nom;;mendiants;beggars;;;;;
bõtgo;;Nom;õ̀;mets;dish.;;;;;
bõtme;;Verbe;ṍ-è;entrelacer, mélanger, délayer;interlace, interweave, mix up, add water to.;;;;;
boto;1;Adverbe;ò-ó;ainsi, comme cela;like this, like that, that way, so;woto;;;;
botre;;Adjectif;ò-è;trop mûr (fruit);too ripe (fruit);;boata;;;
bõ-zoeende;;Nom;;avarice;meanness, miserliness.;bõn-zoeere;;;;
bubgi;;Verbe;ú-ì;donner un coup de fouet;hit someone with a whip, to whip sb./sth.;;;;;
budgi;1;Verbe;ú-ì;verser, vider entièrement le contenu d'un grand récipient dans un autre;pour, empty a big container , to decant.;;;;;
budgi;2;Verbe;ù;découper (grosse quantité);cut (big quantity).;;;;;
bug miuugu;;Nom;;feu rouge;red light;;;Travel;;
bug-bãnga;;Nom;ù-ã́;briquet;lighter;;;;birkɛ2;
bug-ba-yẽnega;;Nom;;plante (espèce);plant sp;;;Grass, herb, vine;;
bug-bugi;;Nom;;moto, vélomoteur, mobylette;motorbike, moped;;;;montɛɛre;
bugdu;;Nom;ú-ù;insecte qui attaque le bois, grains etc;insect that attacks the wood, grain etc.;;;;;
bug-gelle;;Nom;;ampoule;bulb.;;bug-gɛla;;;
bugi;1;Verbe;ú;porter sur le dos;carry on the back;;;;;
bugi;2;Verbe;ú;piler pour réduire en farine;pound to get flour, bruise.;;;;;
bu-girga;;Nom;;tranche de pain;slice of bread;;;Food;;
bug-koakdga;;Nom;ù;inflammable;inflammable, flammable.;;;;;
bug-koom;;Nom;;pétrole;kerosene, petroleum;;;;karenzĩ, petrolle;
buglunvãre;;Nom;ú;taupe-grillon, courtilière;mole-cricket;bugvãre;buglunvãya;Insect;buglunvã-wʋnga;
buglunvã-wʋnga;;Nom;;grillon;cricket;;buglunvã-wʋmse;Insect;buglunvãre;
bug-pãrga;;Nom;ù-à-à;étincelle;spark.;;bug-pãrse;;;
bug-rãmb bɛoondga;;Nom;;Panneau feux tricolores;traffic signals ahead;;;7;;
bug-raoogo;;Nom;ù-ó;arme à feu, fusil;gun firearm;bu-raoogo;bug-raado;;malfo, manfo;
bug-ra-vargdga;;Nom;;fusil mitrailleur;machine gun;;;Tool;mitrayɛɛre;
bugri;1;Adjectif;;bien en chair (viande), sans os;meaty, meat without bones;;buga;;;
bugri;2;Adjectif;ù-í;ne pas bien mûr;not quite ripe;;buga;;;
bug-saalle;;Nom;ù-á;braise ardente;ember, a charcoal fire, burning charcoal;;bug-saala;;bug-zẽoongo, zẽoongo;
bugsẽn-tũngu;;Nom;;espèce d'arbre;kind of tree;;bugsẽn-tũndu;Tree;;
bugsi;;Verbe;ù;effrayer, terrifier;frighten, terrify, threaten;;;;;
bugtelle;;Nom;;bouteille;bottle.;bugtele;bugtellse;;;
bug-tẽnga;;Nom;ù-ẽ́;enfer (lit;;;;;bugum yiri;
bug-toaalga;;Nom;ù-á-á;foyer (pour cuisiner);hearth (fire place), fireplace;;bug-toolse;Household equipment;yɩgre;
bugulli;;Nom;ú;petite clochette;small bell.;;;;;
bugum;;Nom;ù-ú;feu;fire;;;;;
bugum nodre;;Nom;ù-ó;brûlure;scald, a burn;;bugum noda;Disease;;
bugum yiri;;Nom;;enfer;hell;;;;bug-tẽnga;
bugvã-yẽnga;;Nom;;plante (espèce);plant sp;;bugvã-yẽnes;Grass, herb, vine;;
bug-vɩlenga;;Nom;;torche en paille;straw torch;vɩlenga;;;molle;
bug-vũundu;;Nom;ù-ṹ-ú;suie laissé sur le dos de la marmite par le feu de bois;soot on the back of pan because of the wooden fire.;;;;;
bug-witim;;Nom;;langue de feu;tongue of fire.;;;;;
bug-zẽoongo;;Nom;ù-ẽ́;charbon de bois;charcoal;;bug-zẽendo;;bug-saalle;
bug-zõose;;Nom;ù-ṍ-è;fumée;smoke;;;;vũundu;
bui;1;Verbe;ù;pétrir, mélanger avec de l'eau;knead, mix with water, mash.;;;;;
bui;2;Verbe;;recouvrir, se revêtir d'un habit ample;cover, put on a loose coat;;;;;
buiidu;1;Nom;;œufs de poisson ou batraciens;eggs of fish or other water animals.;;;;;
buiidu;2;Nom;ù-ú;jaune d’œuf;egg yolk, yolk.;;;;;
buiiri;;Nom;;espèce de mouche;kind of fly;;buya;Insect;;
buka;;Nom;ú-à;tracé, fil conducteur;tracing, lead;;bugsi;;;
buki;1;Verbe;ú-ì;porter au dos (une seule fois);carry on the back (single instance).;;bugi;;;
buki;2;Verbe;ù;déterrer;unearth, excavate.;;bugsi;;;
bul;;auxiliaire;ú;d'ailleurs même;besides, for that matter;;;;pʋde1;
bula;1;Nom;ú-à;germes;sprouts;;;;;
bulga;1;Nom;ú;puits;water-well, well, spring;;bulsi;Water;kʋɩlga, ko-bundega;
bulga;2;Nom;ù-á;baobab qui bourgeonne, jeunes pousses du baobab;shoot of baobab tree;;bulsi;Tree;toe-bulga;
buli;;Verbe;ú;germer;germinate.;;;;;
buli-bĩisim;;Nom;;espèce de plante;kind of plant;;;Grass, herb, vine;;
bull rɩlg-boaka;;expression;;cotylédon;cotyledon.;;;;;
bulla;;Nom;ù-á;chevreau, cabri;kid;;bulli;Animal husbandry;;
bulla bĩisim;;Nom;;plant rampante utilisée pour la sauce;creeping plant used for sauce;;;Grass, herb, vine;;
bulli;1;Nom;ú;bas-fond ou grand trou que retient l'eau;shallow hole keeping the water, pool, hollow or hole full of water;;;Water, Land;;
bulli;2;Nom;ú-ì;espèce, variété, type de, germe;kind, sort of, species, germ, type.;;bula;;;
bulumbuku;;Nom;ù-ú;crapaud-bœuf;toad sp;;bulumbugdu;Amphibian;;
bulum-poaka;;Nom;;margouillat (femelle);lizard (female);;;Reptile;bõan-poaka;
bulvãg-yãanga;;Nom;ú-ã̀-ã́;plante (espèce);plant sp;;bulvãg-yãanse;;;
bulvãka;;Nom;ú;plante dont les feuilles servent à faire la sauce;plant used for sauce;;;Grass, herb, vine;;
bulvãk-raaga;;Nom;;espèce de plante;kind of plant;;;Grass, herb, vine;;
bulwãoogo;;Nom;ú;grue couronnée;crowned crane;;bulwãado;Bird;kʋ-vãaga;
bul-yam;;Nom;;crécelle pour musique;round rattle, shaker;;;Musical instrument;sɩlsãka;
bulyẽoogo;;Nom;ú;canard armé (oie de Gambie);goose.;;bulyẽedo;;;
bũmb b sẽn yãk n bĩngi;;expression;;réserves;stocks.;;;;;
bũmb buud fãa yalẽ;;expression;;à l'état liquide, solide, gazeux, forme (liquide, solide, gazeux);state (liquid, solid or gaseous).;;;;;
bũmb mams rẽesdem;;Nom;;plan;map, diagram.;;;;;
bũmb paasgo;;expression;;hausse, augmentation;increase.;;;;;
bũmb sẽn pa wɛ ye;;expression;;chose rare, qu'on ne trouve pas souvent, difficile à trouver;rare thing.;;;;;
bũmb sẽn pa zemse;;expression;;défaut, ce qui n'est pas normale, insuffisance;fault, flaw, shortcoming.;;;;;
bũmb soaba;;Nom;;propriétaire;owner;;;;;
bũmb tɛka;;expression;;extrême, limite, au bout, plus forte ou plus bas;extreme .;;;;;
bũmb võor wilgri;;expression;;signification;signification.;;;;;
bũmb yalẽ naanego;;expression;;figure, forme, représentation d'un objet;figure;;;Mathematics;;
bũmb zãnga;;expression;ṹ-ã̀-á;surtout;most of all, particularly.;;;;;
bũmbã yalẽ;;Nom;ú-à á-é;nature;nature, consistence, quality, configuration, property.;;;;;
bũmbri;;Adjectif;;arrondi, bombé;rounded, bulgy.;;bũmba;;;
bũmbu;;Nom;ṹ-ù;une chose;a thing, something;;;;;
bũndila;;Nom;;monstre, chose horrible, chose étonnante;monster, horrible thing, amazing thing;;;;bũn-ninda;
bũndu;;Nom;;espèce de plante;kind of plant;;;Grass, herb, vine;;
bũndumdi;;Verbe;ũ̀;ramper;creep, crawl;;;;;
bũnd-yaaba;;Nom;;espèce de plante;kind of plant;;;Grass, herb, vine;;
bũni;;Verbe;ũ̀;apprécier à son extrême;appreciate highly.;;;;;
bũn-ninda;;Nom;ṹ-ì-á;monstre, chose horrible non identifiée;monster, unidentified horrible thing;ninda;bũn-nindi;;bũndila;
bũnumdi;;Adjectif;ṹ;recourbé;hooked, bend back.;;;;;
bũn-yoogo;;Nom;;chose non-specifiée;non specified thing.;;bũn-yoodo, bũn-yoto;;;
bur maneg roogo;;Nom;;boulangerie;;;;Building;bur-doogo;
bur-doogo;;Nom;;boulangerie;bakery;;;Building;bur maneg roogo;
burgi;;Verbe;ú-ì;céder sous le poids;cave in because of weight;;;;;
burgumdi;1;Nom;ù-í;cobe Defassa;Water-buck;we-bõanga, burgundi;;Mammal;;
burgumdi;2;Nom;ù-í;gale (des bœufs, chèvres, moutons);mange (cows, goats, sheep), scabies;;;Disease;;
buri;1;Nom;ú-ì;pain;bread;;;;;
buri;2;Verbe;ú;faire bouillir longtemps et à grand feu;cook for a long time, to hard-boil sth;;;;;
buri;3;Verbe;ù;tomber, s'effondrer, crever, avoir un pneu crevé;drop, fall, slump down, puncture, get a flat tire.;;;;;
buri;4;Nom;ú;abeille sans dard;bee without dart;;buya;Insect;;
burkĩna;;Nom;ù-á;intègre (personne), homme intègre qui a le sens de la dignité et de l'honneur;upright / honest person, an noble, free, respectable person.;;;;;
Burkĩna Faso fãag-m-meng yɩɩle;;expression;;Ditanye, hymne nationale;national Hymn;;;;tãp-kaoor yɩɩlle, tẽng-sondg yɩɩlle;
burkĩndi;;Nom;ù-í;intégrité, honnêteté dans la dignité;integrity, honesty in dignity, nobility, character of a noble person.;;;;;
burkĩndlim;;Nom;;intégrité;integrity.;burkĩndi;;;;
bur-maasa;;Nom;;gâteau;cake;;;Food;;
burumuka;;Nom;;arbuste (espèce);kind of shrub;;;Bush, shrub;pũmumuka, põsempõrgo;
bur-wẽeda;;Nom;;boulanger;baker;;;Worker;;
burwɛta;;Nom;;brouette;wheelbarrow.;;;;;
busa;;Nom;;ignames;yams;;;Food;ku2;
busgi;;Verbe;ú-ì;casser en parlant d'un pan /mur;break (of wall).;;;;;
busi;1;Nom;ù-í;bougie;candle.;buusi;;;;
busi;2;Verbe;ù;recouvrir de terre, enfouir dans le sol;to earth up, to earth over, bury.;;;;;
busla;;Nom;ù-á;larve qui suce le sang de l'homme;leech that sucks human blood.;;busli;;;
busri;;Nom;ú;ignames;yams;;busa;Food;;
butelle;;Nom;ú-è;bouteille;bottle;bugtelle;butellse, butell-rãmba, butɛla;;kolbre;
butu;;Nom;ú;mélasse obtenue en écrasant les noix de karité;treacle, molasses obtained from shea nut grinding.;;;;;
bu-tũusdi;;Nom;ù-ú;variété sélectionnée;selected variety.;;;;;
buud gomde;;Nom;ú ó-è;langue;language;;buud goama;;;
buudã gom-bi baoore;;Nom;;dictionnaire;dictionary;;;;gom-biis sebre;
buudu;;Nom;ú;famille (souche), parenté, ethnie;family, blood relationship, family ties, relations, ethnic group, kinship;;;Relationships;;
buugu;;Nom;ù-ú;modèle;model.;;buudu;;;
bu-zẽmse;;Nom;;autres races, peuples étrangers;other races, foreign peoples;;;;;
bʋ;;Verbe;;juger;to judge, to consider / decide a case;;;;;
bʋdbo;;Nom;;semailles, semis;sowing, seeding;;;Agriculture;;
bʋdb-tuu-tuu;;Nom;;oiseau (espèce);bird sp;;;Bird;faoogo1, kafaoogo;
bʋde;;Verbe;;semer;to sow, to plant;bʋdre;;;;
bʋdge;;Verbe;ʋ́-è;quitter le bon chemin;abandon the right way, to get lost, to go astray;;bʋde;;;
bʋd-gẽbga;;Nom;;petite calebasse pour semer;small calabash used for sowing;;bʋd-gẽbse;Container, Agriculture;;
bʋdo;;interrogatif;ʋ́-ò;qui, quoi, lesquels, lesquelles;which, what kind of.;bʋgo;;;;
bʋd-yaooga;;Nom;;semis tardif;late planting, late sowing;;;Agriculture;;
bʋg-bʋge;;Adverbe;;doucement, calmement;softly, gently, calmly;;;;zãb-zãbe;
bʋge;1;Verbe;ʋ̀;divination (faire de la), consulter;consult a diviner, practise divination.;;;;;
bʋge;2;Verbe;ʋ́-è;devenir gluant, lisse;become sticky, sleekly, smooth;;;;;
bʋgle;;Verbe;ʋ́-è;ramollir, assouplir, adoucir;soften, make supple, soften.;;;;;
bʋglɛɛlɛɛ;;Nom;ʋ̀-ɛ́-ɛ́;malchance;misfortune, bad luck.;;;;;
bʋglme;;Verbe;ʋ́-ẽ̀;mâchonner;munch.;;;;;
bʋgo;;interrogatif;ó-ô;quel, lequel, laquelle;which, what.;bʋdo;bʋse;;;
bʋgse;1;Verbe;;deviner, penser intensivement;divine, guess, think thoroughly;;;;;
bʋgsem;;Nom;ʋ́-é;humidité, fraîcheur, douceur;wetness, dampness, moistness, freshness, mildness, softness;;;Weather;;
bʋgsem pãng sẽn yala pemsmã pʋgẽ;;expression;;humidité relative, quantité d'humidité (vapeur d'eau) dans l'air;relative humidity;ko-walmã sẽn yala pemsmã pʋgẽ;;Weather;;
bʋgsgo;;Adjectif;ʋ́-ó;doux, tendre;meek, gentle, sweet, mild, sleek, soft.;;bʋgsa;;;
bʋgs-n-geele;;Verbe;ʋ̀;résoudre;figure out, resolve.;bʋgs n geele;;;;
bʋgs-n-gese;;Nom;;problème (math.);problem (math.) synonyme: bʋgs-n-gɛɛlga.;;;;bʋgs-n-gɛɛlga;
bʋgs-n-gɛɛlga;;Nom;ʋ̀;problème (math.);problem (math.) Category: Mathematics;;;Mathematics;bʋgs-n-gese;
bʋg-tẽnga;;Nom;;Paradis, au-delà;Paradise, the next world.;;;;;
bʋka;;Adjectif;ʋ́-à;finement moulu;finely ground;;bʋgse;;;
bʋ-kaooda;;Nom;;juge, magistrat;judge, magistrate;;bʋ-kaoodba;Worker;;
bʋ-kaore;;Nom;;justice;justice;;;Government;;
bʋke;;Verbe;ʋ́-è;moudre, écraser finement, ruminer;grind, to grind finely, refine, chew the cud, ruminate;;;;;
bʋko;;Nom;ʋ́;malheureux, malchanceux, malheur;unhappy, ill-fated, unfortunate, woe.;;;;;
bʋl;;auxiliaire;;pas de tout (avec négation);not at all (with negation);pʋd;;;pʋs;
bʋla;1;Nom;;bleu;blue;;;Colour;koobr gelle, yir gelle;
bʋla;2;Adverbe;;gluant;sticky, slimy;;;;;
bʋ-lug-pɛɛla;;Nom;;chèvre au pelage noir et blanc;goat with black and white coat/fur;;;Mammal;mal-bʋʋga;
bʋr-bʋre;;Adverbe;ʋ́;manière indistincte, en chuchotant;indistinctly, in whispering;;;;;
bʋre;;Verbe;ʋ́;marmonner, marmotter;mumble, mutter.;;;;;
bʋ-reongo;;Nom;;case construite pour abriter les chèvres;hut made for goats;;bʋ-rendo;Agriculture, Building;rũm-rende;
bʋrga;;Nom;ʋ̀-á;bruit;noise;bʋrgo;;;bʋʋre1;
bʋr-toagsenga;;Nom;ʋ̀-òa-é-á;onomatopée;onomatopoeia;;;;;
bʋsãande;;Nom;ʋ̀-ã́;langue bissa;Bissa language.;;;;;
bʋsãanga;;Nom;ʋ̀-ã́-á;personne de l'ethnie bissa;person of the Bissa tribe;;bʋsãanse;Community;;
bʋsãoongo;;Nom;ʋ̀-ã́-ó;territoire de l’ethnie bissa;Country of the Bissa speaking people;;;Country;;
bʋse;;interrogatif;;quels?, lesquels?;;;;;;
bʋtga;;Nom;;semoir;sower;;;;bʋd-wamde;
bʋtla;;Nom;ʋ̀-á;pioche servant à semer;hoe for sowing;;bʋtlse;Agriculture, Tool;;
bʋʋd kaoob soogo;;Nom;;juridiction;jurisdiction;;;Government;;
bʋʋd zĩiga;;Nom;;tribunal;court.;;;;;
bʋʋda;;Nom;;juriste;jurist, lawyer;;;Worker;;
bʋʋdba;;Nom;;jury;jury, panel of judges.;;;;;
bʋʋdo;;Nom;ʋ́;jugement, procès;judgement, trial, lawsuit.;;;;;
bʋʋga;;Nom;ʋ́;chèvre;goat;;bʋʋse;Mammal, Animal husbandry;;
bʋʋge;;Verbe;ʋ̀;rejoindre;rejoin;;;;;
bʋʋm;;Nom;ʋ̀ʋ́;raison;reason, to be in the right, innocent;;;;;
bʋʋm soaba;;Nom;;innocent;innocent person;;;;ka-yelle;
bʋʋre;1;Nom;ʋ̀-é;bruit, son;noise, sound;;;;bʋrga;
bʋʋre;2;Nom;;se mêler aux affaires d'autrui;meddle in other people's affairs;;;;;
bʋ-yãanga;;Nom;;chèvre (femelle);she goat;;;Animal husbandry;;
-d;;Verbe;;marque de l'aspect inaccompli / progressive (collé au verbe);imperfect marker (joint to the verb);-t;;Grammar;;
d;;Pronom;;nous (forme réduite du pronom de première personne du pluriel);we (short form of first person plural);do;;;;
da;1;Verbe;à;acheter;buy.;ra;;;;
da;2;auxiliaire;á;marque du passé lointain;past particle;ra, dag, rag;;Grammar;;
da;3;auxiliaire;á;ne pas (injonctif négatif, phrase impérative);don't (negative imperative);ra;;;;
da;4;Verbe;;vouloir;to want, to wish, want to do.;ra;;;;
daage;;Verbe;;verser;pour.;ra;;;;
dãam;;Nom;ã́;bière;beer;rãam;;Food;;
daar fãa;;Adverbe;;toujours, quotidien, chaque jour;always,, daily .;raar fãa;;;;
daar ninga;;expression;;probable, ce qui peut arriver, peut-être…;probable;;;;tõe2;
daar tẽegre;;Nom;;anniversaire;anniversary, birthday.;raar tẽegre;;;;
daarã kibay;;Nom;;nouvelles d'aujourd'hui;today's news.;raarã kibaya;;;;
daarã pʋsʋka;;expression;;mi-journée;half-day.;raarã pʋsʋka;;;;
daare;1;Nom;á;jour, journée;day.;raare, date;;;;
daare;2;auxiliaire;á;peut-être;maybe, perhaps;;;;;
daarenga;;Nom;à-á;date;date.;raarenga;;;;
dabde;;Verbe;á-è;aller (forme progressive), marcher, partir;going, walking;rebde;;;kɩbe;
dabʋre;;interrogatif;;quand ?;when? Fo waa dabʋre? Quand est-tu venu ? When did you come.;rabʋre;;;;
da-bʋrga;;Nom;à-ʋ́-á;calendrier;calendar;ra-bʋrga, dabʋrga;;;kalãndirye;
dag;;auxiliaire;á;marque du passé lointain;past particle;da, ra, rag;;Grammar;;
dagaabga;;Nom;à-á-á;personne de l’ethnie dagara;Dagara person;ragaabga;dagaabse;Community;;
dagaabre;;Nom;à-á-é;langue dagara, ou façon de faire des dagara;Dagara language, Dagara way of doing things.;ragaabre;;;;
da-lugdga;;Nom;;potence, gibet;gibbet, gallows.;;;;;
dãmba;;Nom;à-á;et compagnie;and associates, squad, company;rãmba;;;;
dãmbe;;Verbe;;luxer, fouler, déboîter;dislocate.;rãmbe;;;;
dãn-kale;;Nom;à-á-é;patate;potato;rãn-kale, nayarga;;;woso, nayũ-noodo, nayũuri, põaaga2;
daoa;;Nom;á;homme;man;raoa;dapa, rapa;Person;;
da-pɩka;;Nom;;croix;cross;;;;pɩka, pika, pɩka;
dargõ;;Nom;;dragon;dragon.;;;;;
das̃an-daaga;;Nom;;kermesse;garage sale;ra-sãn-daaga, rasãn-daaga;;;;
dauosuuri;;Nom;;espèce d'arbre;kind of tree;rausuuri, kirdiandaga, kisikiinde;;Tree;;
da-yɩta;;Nom;;après-demain, dans deux jours;after tomorrow, in two days.;ra-yɩta;;;;
da-yopoend baasgo;;Nom;;week-end;weekend;;;;sɩmend saabo;
da-yopoende;;Nom;;semaine;week;ra-yopoende;;;sɩmende, rasem a yopoe;
dayʋʋga;;Nom;;rat voleur;Gambian rat.;rayʋʋga;dayʋʋse;;;
dẽ;;conjonction;;et, alors, ensuite;and, then, afterwards;rẽ;;;;
dẽ poore;;conjonction;;après cela;after that;rẽ poore;;;;
dẽ wã yaa;;expression;;donc;thus, so;rẽ wã yaa;;;;
dẽeg tẽngre;;expression;;souligner;underline, outline.;rẽeg tẽngre;;;;
deeg toogo;;expression;;supporter;endure, to bear the weight of.;reeg toogo;;;;
deeg zĩiga;;expression;;succéder (lit;;reeg zĩiga;;;;
deege;;Verbe;;accueillir, retirer;welcome, receive, take off, remove, take away, take back.;reege;;;;
deegre;;Nom;;hospitalité, accueil;hospitality, welcome, reception;reegre;;;gãag sobendo, sãando, sãan-deegre;
dẽenem;;Nom;;premier;first;rẽenem;;;;
dẽgme;;Verbe;;salir;to dirty, soil.;rẽgme;;;;
degre;;Nom;;degré;degree.;;;;;
dekalɩtre;;Nom;é-á-è;décalitre (dal);decalitre;;;Mathematics;;
dekametre;;Nom;é-á-è;décamètre (dam);decametre;;;Mathematics;;
dekametr-kaare;;Nom;;are;one hundred square meters, are;;;Mathematics;;
delle;;Verbe;;adosser, s’appuyer sur;to lean on / against, lean back.;relle;;;;
demse;;Verbe;;corriger, redresser;correct, straighten.;remse;;;;
deng n togse;;Verbe;;avertir, prévenir;warn, tell beforehand.;reng n togse;;;;
denge;;Verbe;;précéder;to precede, to go in front of.;renge;;;;
deng-n-lɛmbga;;Nom;;garantie, acompte, arrhes, paiement initial;guarantee, deposit, down payment;;;Money;;
departma;;Nom;;département;county, department (administration), area, domain;departema;;Government, Region;;
depite rãmb soogo;;Nom;;parlement;parliament;;;Government;;
desẽ;;Nom;;croquis, dessin;drawing;resẽ;;;naan-rẽesdem, nin-naande, mams-rẽesdem, naande;
desɩmetre;;Nom;é-ɩ́-è;décimètre (dm);decimetre;;;Mathematics;;
diga;;Adverbe;;très noir, intensification de noir;very black, intense black;;;;tĩma;
digdinyidga;;Nom;;hyène, lycaon, chien chasseur;hunting dog;rigd-n-yĩidga;;Mammal;gɩgem-baaga;
dĩiri;;Nom;ĩ́-ì;front;forehead;rĩiri;dĩya;Body;;
disga;;Nom;;un disque;disk.;;;;;
dɩ;;Verbe;ɩ̀;manger, consommer;eat, consume;rɩ;;;;
dɩ naam;;expression;;régner;to reign, rule over.;rɩ naam;;;;
dɩgle;;Verbe;;poser par terre, mettre, déposer;lay down, put down, to dump.;rɩgle;;;;
dɩɩbo;;Nom;ɩ́;nourriture;food;rɩɩbo;;;rɩẽ;
dɩɩme;;Verbe;;mettre à sécher, étendre au soleil pour faire sécher;to spread sth;rɩɩme;;;;
dɩke;;Verbe;ɩ́-è;prendre;take;rɩke;;;;
Dɩke n kẽese;;expression;;Télécharger;Download;;;computer / digital;N moke;
dɩlge;;Verbe;ɩ̀;manger (faire), nourrir, alimenter;eat (cause to), to feed;rɩlge;;;;
dɩtgo;;Nom;;à droite, la droite, le nord;the right hand side, the North.;rɩtgo;;;;
do;;Pronom;;nous;us;du;;;;
doaaga;;Nom;;bénédiction, aumône;blessing;;;;;
dõaana-dõaaga;;Nom;;espèce d'arbre;kind of tree;;;Tree;;
doagdba;;Nom;;parents;parents.;roagdba;;;;
doand dãmb zĩiga;;Nom;;panneau douane;customs;;;7;;
doarba;;Nom;;chauffeur;driver;roarba;;Worker;zir-wẽnda, sofɛɛre;
dõbe;;Verbe;;être accroupi;squatting down;rõbe;;;;
dõde;;Verbe;;calomnier, diffamer, accuser injustement;slander, vilify, defame, libel, accuse unfairly / unjustly.;rõde;;;;
dog ne;;expression;;né avec, inné;born with, innate.;rog ne;;;;
doge;;Verbe;ò;accoucher, naître;give birth, to be born;roge;;;;
dogem pʋɩɩre;;Nom;;héritage (lit;;rogem pʋɩɩre;;;;
dok sũuri;;Verbe;;venger;avenge, to take one's revenge;rok sũuri;;;dol samde;
do-kãsenga;;Nom;;grande maison;big house;ro-kãsenga;;Building;;
dol samde;;expression;;venger;avenge;rol samde;;;dok sũuri;
dõnege;;Verbe;;allonger, étirer;lengthen, extend, prolong, stretch.;rõnege;;;;
dooge;;Verbe;;se redresser, se lever;straighten;;;;;
doogo;;Nom;;maison, case, chambre, bâtiment;house, room, hut, building;roogo;;Building;;
doore;;Nom;ó-è;bâton, canne;stick, rod;roore;doaya, roaya;City;;
dõose;1;Verbe;;biner, faire des buttes autour de la plante;farm in making heaps of earth around plants to strengthen them.;rõose;;;;
dõose;2;Verbe;;confectionner (galettes);to make (pancakes);rõose;;;;
dõsendõaaga;;Nom;õ̀-ó;arbre (espèce);tree sp;rõsendõaaga, rõandõaaga, tẽngen-dõaaga;dõsendõose;Tree;rõandõaaga;
doto;;Nom;;maisons, cases, chambres;houses, huts, rooms.;roto;;;;
dugi;;Verbe;;nager, flotter;swim, float, stay on the surface.;rugi;;;;
dũmi;;Verbe;;mordre;bite.;rũmi;;;;
dũnda;;Nom;;aujourd'hui;today;rũnda;;;;
dũni wã boak a ye;;expression;;hémisphère, Une moitié de la terre (Nord/Sud);hemisphere;;;;tẽn-bogre;
dũni yaooga;;Nom;;temps modernes;modern times;;;;zamaan-paalga;
dũniya;;Nom;;monde, univers;world, universe;rũniya, dũnya;;;ãndũni;
dũn-yaooga;;Nom;;temps modernes;modern times;rũn-yaooga;;;zamaan-paalga;
dʋ;;Verbe;;monter, grimper;mount, climb, ascend.;rʋ;;;;
dʋge;;Verbe;;cuire, bouillir, préparer de la nourriture;to cook, boil.;rʋge;;;;
dʋgre;;Nom;;charognard;vulture, carrion feeder;;;;yɩbrgo, yɩbrengo;
dʋrwa;;Nom;;droit;right, the law;;;Government, Language and thought;kõn-mongre, segdenga;
dʋʋde;;Verbe;;uriner, pisser;urinate.;rʋʋde;;;;
dʋʋge;;Verbe;;franchir, traverser;to cross, get over, go across.;rʋʋge;;;;
ed;;Pronom;;nous;we;d;;;;
ekaliptis;;Nom;é;arbre (espèce), eucalyptus;tree sp, eucalyptus tree;;ekaliptis rãmba;Tree;;
epõose;;Nom;;éponge;sponge.;;;;;
esãase;;Nom;é;essence;petrol, gasoline.;;;;;
esãns kosg zĩiga;;Nom;;une pompe à essence;gas pump;;;Travel, Building;;
-ẽ;3;Verbe;é;marque de l'accompli, exclamation;;;;;;
past tense marker,;;exclamation;;A waẽ la! A waẽ wɛ! Eh bien, il est venu (que vas tu faire ?) Well, he has come (what are you going to do?) Category: Grammar;;;;Grammar;yã3;
ẽemde;;Verbe;;se racler la gorge;to clear one's throat;;;;yẽemde;
ẽhẽe;1;interj;ẽ̀-ẽ́;expression indiquant la compréhension de quelque chose;expression showing comprehension of something.;;;;;
ẽntɛrnete;;Nom;;internet;Internet;;;computer / digital;;
ẽyyn;;interj;ẽ́ ;réponse d'une femme à une salutation;female's answer to a greeting;ẽyn;;;;
f;;Pronom;;tu, te, toi, te, ton, ta, tes;you (sg.);foom, fo;;;;
f to;;Nom;;autrui, ton prochain;others, other people;;f taaba;;;
f yʋʋre;;Nom;;ton homonyme;your homonym;;;;;
fa;1;Verbe;à;serrer entre les cuisses;press firmly between the thighs.;;;;;
fa;2;Verbe;á;apprécier, donner de la valeur;appreciate, give value.;;;;;
fã;;Verbe;ã́;piller, arracher, prendre prestement et de force, confisquer;plunder, loot, rob, take away by force, grab, confiscate;;;;;
fãa;;Adjectif;á;tout, tous, sans exception;all, every, absolutely all;;;;gilli1, sõd-kʋmsdga, zãnga1, kʋmsdga, gilli1;
fãa ligdi;;Nom;;prix total, coût total;total price;;;Money;sõd-kʋmdga;
fãa sẽn naag taaba;;expression;;totale;total;;;Mathematics;geel n paame;
fãabo;;Nom;ã́-ò;pillage;looting.;;;;;
fãada;;Nom;á-à;brigand qui prend par force, voleur;bandit taking things by force, thief, robber;fãagdga;fãadba;;wagdre;
faadga;;Nom;;cache-sexe;G-string;;;Clothing;;
faado;;Nom;á-ò;partie d'héritage envoyée par le fils aîné d'un chef défunt;part of the heritage sent by the oldest son of a chief.;;;;;
faad-rɩta;;Nom;á-ɩ̀-á;héritier;heir.;faad-rɩkda;;;;
faaga;;Adjectif;á;léger, mince;light (weight), thin;;faase;;;zɩse, zɩʋsgo
fãagda;;Nom;ã́-á;Sauveur;Saviour;;fãagdba;;;
faage;;Verbe;à;maigrir, perdre du poids;lose weight, to slim, become thin;;;Mathematics;wagle1;
fãage;1;Verbe;ã́;retirer une chose par force, arracher;tear away by force, grab, confiscate.;;;;;
fãage;2;Verbe;ã́-è;sauver, délivrer, libérer, défendre, échapper;save, deliver somebody from, defend, escape;;;;;
faag-faaga;;Adverbe;á-á;facilement, sans complications;easy, without complications.;;;;;
faagre;;Nom;à-é;simplification;simplification.;;;;;
fãagre;;Nom;ã́-é;salut;salvation;;;;;
faame;;Verbe;á-ẽ̀;rendre fin, moudre finement;make smooth, grind finely.;;;;;
faare;1;Nom;à-é;amaigrissement;slimming.;;;;;
faare;2;Nom;á-è;phare;headlight, head lamp.;;faar-dãmba;;;
faase;1;Verbe;á-è;mettre des beaux habits, se parer;put on nice clothes.;;;;;
faase;2;Verbe;;peser peu, être léger;to be light, not heavy;;;;;zɩʋsgo
faasem;;Nom;á-é;légèreté, finesse, facilité, aisance;thinness, ease, easiness;;;;;
faasenga;;Adjectif;;léger, pas lourd;light, not heavy, thin.;;faasense;;;
faasga;;Adjectif;à-á;léger;light.;;;;;
faba;;Adverbe;à;vidé, épuisé;empty, worn out, exhausted.;;;;;
fabe;1;Verbe;á;liquider à perte;sell off with loss.;;;;;
fabe;2;Verbe;á;avorter (animal);abort, miscarry (of animal);;;;vibgi1;
fabge;;Verbe;á-è;jeter au sol avec force;throw to the ground;;fabse;;;
fade;1;Verbe;á;payer l'impôt;pay taxes.;;;;;
fade;2;Nom;;espèce de plante;kind of plant;;;Grass, herb, vine;;
fãe;;Adverbe;ã́;brillant, clairement;brilliantly, clearly.;;;;;
fãeege;;Verbe;ã́-e;éclabousser, asperger, jeter à la volée;spatter, spill off, splash;;;;;
fae-fae;;Adverbe;;légèrement sec;slightly dry.;fɛ-fɛ;;;;
fãerge;;Verbe;ã́-è;défaire, éparpiller en jetant;undo, scatter in throwing.;;;;;
faga;1;Adverbe;à;complètement vide, à plat;completely empty, flat;;;;;
faga;2;Adverbe;;tout blanc;very white;;;;falll;
fage;;Verbe;à;tromper par ruse;cheat cunningly, to trick, deceive;;;;belge1;
fagla;;Nom;à-á;bonnet;cap, hat.;;faglse;;;
fãgla;;Nom;ã̀-á;bonnet;cap, bonnet, hat.;;fãglɩ;;;
fagse;;Verbe;á-è;vider complètement et laisser à plat;empty completely and leave it flat.;;;;;
fake;1;Verbe;à;disparaître de la vue;disappear from view.;;;;;
fake;2;Verbe;à;finir par dégoûter;finish by disgusting /hating it;;;;;
faklga;;Adjectif;à-á;aplati;flattened.;;faklse;;;
faktɩʋʋre;;Nom;á;facture;invoice, account, bill, credit note;;;Money;;
falenga;;Nom;á;le plus jeune des circoncis;the youngest of the circumcised.;;falense;;;
fal-fale;;Adverbe;á;léger;light;;;;;
falll;;Adverbe;á;tout blanc;extremely white;;;Colour;faga2, fara;
fão;;Verbe;ã̀;buter contre, heurter;stumble over, bump into, hit, strike, knock, to butt.;;;;;
faodgo;;Nom;á-ò;impôt;tax;;fato;Money;lampo;
faong teoogo;;Nom;;parure;finery, dressed up in all their finery.;;;;;
faongo;;Nom;á-ò;coquetterie vestimentaire;vanity in clothing.;;;;;
fãoobo;;Nom;;action d'appliquer en jetant contre;putting on by throwing at;;;;;
fãooge;;Verbe;ã́-è;appliquer en jetant contre;put on in throwing at, throw against, splatter, splash;;fão;;;
faoogo;1;Nom;à-ó;coucal du Sénégal;Senegal coucal;;faado;Bird;bʋdb-tuu-tuu, kafaoogo;
faoogo;2;Adjectif;á;sans contenu, sans substance, vide;without content or substance, empty;;faado;;;
faoogo;3;Nom;ò-ó;insecte ressemblant à une mouche, se nourrissant du sang;insect similar to a fly eating blood;;faado;Insect;;
faoole;;Verbe;á-è;malmener, traiter comme un rien;treat roughly, deal with somebody without showing respect;;;;;
faoolme;;Verbe;á-è;perdre la face, son prestige, se comporter en vaurien;loose face, loose respect, conduct oneself like a fool.;;;;;
faoore;;Nom;áo-é;grave préjudice, dommage;detriment, harm, damage;;faoa;;;
fara;;Adverbe;á;tout blanc;completely white;;;Colour;falll;
fãrbo;;Nom;á-ò;cueillette (feuilles);picking (of leaves), gathering leaves.;;;;;
fare;1;Nom;à-é;peine, souffrance, douleur, misère;pain, suffering, ache, misery;;;;namsgo;
fare;2;Verbe;á;dégringoler;rush down, tumble down;;;;;
fãre;;Verbe;ã́;arracher des feuilles;pull off leaves, to strip leaves (by handfuls).;;fãrse;;;
fãrende;;Nom;;français;French.;farende;;;;
Fãrens tẽngẽ;;expression;;en France;in France;;;Country;;
farge;;Verbe;á-è;aller rapidement;go quickly;;;;;
fãrge;;Verbe;;exfolier;to strip leaves, denude a plant.;;;;;
farongo;;Nom;;arbuste (espèce);shrub sp;;;Bush, shrub;pargande;
fãsge;;Verbe;ã́-è;casser en tirant, cueillir, récolter;break by pulling, pluck, tear off, pick, harvest.;;fãse;;;
fasɩ;;Adverbe;á;net, très claire;sharply, very clearly;fasa, fas-fase;;;paa;
fasme;;Verbe;á;avoir une aptitude;have a capacity to do, to be skilful.;;;;;
fass;;Adverbe;á;complètement, absolument, clairement, sans traces;completely, absolutely, clearly;;;;kasɩ2;
fãto;;Nom;ã́-ò;résidu pâteux;slushy residue;;;;;
fayy;;Adverbe;;brillant;brilliantly, brightly, shiningly;faee;;;;
fe;;auxiliaire;é;pourvu que;so long as, let's hope;feeg;;;we, weeg, ye4, yeeg;
fẽ';;Adverbe;ẽ̀;boueux, souillé;muddy, dirty, sludgy.;fẽ'e;;;;
febelle;;Adjectif;é;brûlé, écorché;burnt, abraded;;fɛbla;;;
fẽbgdem;;Adjectif;ẽ̀;poreux;porous, permeable;;;;;
febge;;Verbe;è;écorcher;flay, to skin, remove the skin (from animal), to graze.;;;;;
fẽbge;;Verbe;ẽ́-è;disparaître par infiltration, vider un liquide par aspiration;disappear by infiltration, empty a liquid by aspiration;;fẽebe;;;
fẽbgre;;Nom;è-é;infiltration, aspiration;infiltration.;;;;;
feble;1;Verbe;è;s'écorcher, se brûler;flay, burn oneself.;;;;;
feble;2;Verbe;é-è;parler avec volubilité (beaucoup ou rapide);talk a lot or quickly;;;;;
fẽdge;;Verbe;ẽ́-è;écraser, écrabouiller;squash, crush;;fẽde, fẽdse;;;
fẽebdga;;Adjectif;ẽ́-è;qui tarissent;that dry up;;fẽebdse;;;
feeg;;auxiliaire;;pourvu que;so long as, let's hope that;fe;;;we, weeg;
fẽege;;Verbe;ẽ̀-è;se moucher;blow one's nose, to wipe ones nose.;;fẽese;;;
feesbuk;;Nom;;Facebook;Facebook;;;computer / digital;;
feese;;Verbe;;enquêter, examiner, investiguer;hold an inquiry, investigate, examine;fɛɛse;;;;
fẽgse;;Verbe;ẽ́-è;renifler;snuffle, sniff, sniffle, nuzzle, snort, snuff;;;;;
fẽmm;;Adverbe;ẽ̀;intensément (regard, attention);intensely (looking or pay attention);;;;;
fẽnetre;;Nom;é;fenêtre;window;fɩnetre;fẽneta;Household equipment;peem-lɛɛga;
fẽo;;Adverbe;ẽ́;dense, serré;close, dense, tightly.;;;;;
feooge;;Verbe;è;extirper, arracher, déterrer;root out, pull up, tear out, to pull sth;;feoose;;;
feoogo;;Adjectif;è-ó;vide, creux (car arraché);empty (because pulled off);;feedo;;;
fẽoolle;;Adjectif;ẽ́;consistant, épais;substantial, thick;fẽoonde;fẽoola;;;
feoore;;Nom;;cicatrice (accident);a scar (accidental);;;;;
fẽoose;;Verbe;ẽ́-è;aspirer, inhaler;suck up, draw a fluid, draw in, to breathe in, sniff up (as: nasal mucus), inhale;;;;;
feoosgo;;Nom;èo-ó;action d'arracher;tearing away, pulling away, grabbing sth from sb.;;;;;
fẽra;;Adverbe;ẽ̀;parsemé sur tout l'endroit;spread out on the whole surface;firrr;;;;
fẽre;;Verbe;ẽ́;s'enfoncer, s'embourber, s'enliser;to sink in, get stuck in the mud, bog down.;;;;;
feremde;;Verbe;é-è;devenir boueux;become muddy, sludgy.;;;;;
ferge;;Verbe;é-è;parsemer, émailler;disseminate, enamel;;;;;
ferme;;Verbe;è-é;marginaliser, devenir asocial;opt out of society, become marginal.;;;;;
fẽrʋ;;Nom;ẽ̀-ʋ́;frein;brake.;;fẽrʋ-rãmba;;;
fẽto;;Adjectif;;pulpe écrasée;squashed pulp;;;;;
fɛ;1;Verbe;ɛ́;assécher;dry out, to dry sth., drain.;;;;;
fɛ;2;Verbe;ɛ́;paresser;laze;;;;;
fɛbga;;Adjectif;ɛ́;mince au point de ne pas retenir un habit autour de la taille;too thin to hold a garment around the waist.;;febse;;;
fɛda;;Adverbe;ɛ̀;humide et désagréable;humid and unpleasant;fɛ'ɛ, fɛga;;;;
fɛɛdga;1;Adjectif;ɛ́;paresseux;lazy.;;fɛɛdse;;;
fɛɛdga;2;Adjectif;ɛ́;asséché;dried out.;;fɛɛdse;;;
fɛɛge;;Verbe;ɛ́-è;sécher un peu, sécher à moitié;to partly-dry sth., dry a bit, dry half way.;;fɛɛse;;;
fɛɛlge;;Verbe;ɛ́-è;étaler pour faire sécher;to spread out to let dry, to spread sth;;fɛɛle, fɛɛse;;;
fɛɛre;;Nom;;un fer à repasser;iron, smoothing-iron;;;Tool, Clothing;;
fɛɛsa;;Nom;;fabirama;Frafra potatoes;;;Food;peesre, pɛɛsa;
fɛɛse;1;Verbe;;questionner pour tout savoir, sonder;ask to find out everything;;;;;
fɛfɛ;;Nom;ɛ̀-ɛ́;condiment;seasoning, condiment;;;Grass, herb, vine;;
fɛres-rãmba;;Nom;;fraises;strawberries;;;Food;;
fibga;;Adverbe;í;susceptible de tomber, de glisser, de se défaire;likely to fall, glide, slide, unfasten, undo;;;;;
fibi;1;Verbe;í;éventer, agiter l'air près de;to fan.;;;;;
fibi;2;Verbe;í;duper, tromper, berner, escroquer;fool, dupe, trick sb;;;;;
fĩdgi;;Verbe;ĩ́-ì;prélever un petit morceau;take away a small piece.;;fĩdsi;;;
fidi;;Verbe;í;porter des beaux habits;wear nice clothes;;;;;
fĩini;;Verbe;ĩ́-ì;supplier, implorer;entreat, beg, implore, beseech.;;;;;
fika;;Nom;ì-á;éventail;fan.;;figsi;;;
fi-linga;;Nom;;espèce d'arbuste;kind of shrub;fi-linga, fi-ninga, filega;;Bush, shrub;;
film;;Nom;;film;movie;;;computer / digital;;
fĩnfĩi;;Adverbe;ĩ́-ĩ́;très peu;very little, very small quantity, tiny bit, wee-small.;fĩifu, fĩnfĩifu, fĩyãa;;;;
fira;;Adverbe;;couvert de, parsemé de;covered with, studded with.;firrr;;;;
fir-firi;;Adverbe;í;allant ici et là de manière agitée;go here and there in hectic manner.;;;;;
firgi;1;Verbe;ì;couper d'un trait;cut at once.;;firsi;;;
firgi;2;Verbe;í-ì;parsemer, couvrir;disseminate, cover.;;;;;
firgo;;Nom;;réfrigérateur;fridge, refrigerator.;;;;;
fisga;;Adjectif;í;mal relié;badly bound;;fissi;;;
fisgi;;Verbe;ì;se défaire, dénouer;unfasten, undo, untied, to come undone;;fisi;;;
fisiye;;Nom;;fichier;file;;;computer / digital;;
fiu;;Verbe;ì;défricher, couper les touffes d'herbe;to cut grass, clear (as: a farm).;;;;;
fiuku;;Adjectif;ì-ú;large;broad, wide;;figdu;;vaoko1;
fiuugi;;Verbe;ì;couper, un morceau en cassant le bout, amputer;take away a bit by breaking it at an end;;fiuusi;;;
fiuungu;1;Adjectif;í-ù;coupé;cut, shortened;;fiuundu;;;
fiuungu;2;Nom;ìu-ú;action de couper, coupé;cutting.;;;;;
fĩ-zã;;Nom;;espèce d'arbre;kind of tree;;;Tree;;
fɩ;;Adverbe;ɩ́;rien;nothing;fʋɩ;;;;
fɩbe;;Verbe;;donner un coup de fouet;to whip.;;fɩbse;;;
fɩbge;1;Verbe;ɩ̀;enlever de sa coque / enveloppe;take off its shell / envelope, to squeeze sth;;fɩɩbe, fɩbse;;;
fɩbge;2;Verbe;ɩ́-è;donner un coup de fouet, taper (une seule fois);hit /beat with something (single instance), to whip;;fɩbse, fɩbe;;;
fɩdge;;Verbe;ɩ̀;faire sortir de son enveloppe en tirant ou en repliant celle-ci;make get of its envelope by pulling, unwrap sth.;;;;;
fɩɩbre;;Nom;ɩ́;enveloppe des céréales;husk of cereals.;;fɩɩba;;;
fɩɩge;;Verbe;ɩ́-è;augmenter;increase;;;;mode;
fɩɩle;1;Verbe;ɩ̀;siffler;whistle;;;;vɩɩle, vɩɩle;
fɩɩle;2;Verbe;;disparaître, éclipser;vanish, disappear, slip away.;;;;;
fɩɩlgo;;Nom;;sifflement;whistling;;;;;
fɩɩre;1;Nom;;enflure, œdème;swelling;;;Disease;modsem;
fɩɩre;2;Nom;ɩ́-è;augmentation, gonflement;increase, raise, augmentation.;;;;;
fɩke;;Verbe;ɩ̀;être projeté, propulsé;be thrown;;fɩgse;;;
fɩle;;Verbe;;remercier;to thank;;;;pʋʋs barka;
fɩlem-fɩlem;;Adverbe;ɩ̀;rapidement;quickly, fast;;;;;
fɩma;;Adverbe;;d'un goût piquant;spicy taste, flavour;fɩmm, fɩmsaa, fimsa;;;;
fɩnetre;;Nom;;fenêtre;window;fẽnetre;;Household equipment;;
fɩrdga;;Nom;;spatule en bois pour battre le lait ou beurre;wooden spatula to whip the milk or butter, dasher, paddle for churning milk / butter;;fɩrdse;Tool;;
fɩre;;Verbe;ɩ́;battre pour séparer (lait, beurre, huile);to churn, separate out milk, butter, oil.;;;;;
fɩrga;;Adjectif;ɩ̀-á;boueux et glissant;muddy and slippery;;fɩrse;;;
fɩrge;;Verbe;ɩ̀;extraire, quitter son support, déchausser;extract, get out of its supporting structure, take off shoes, lay bare.;;fɩrse;;;
fɩsge;1;Verbe;ɩ́-è;progresser un peu plus;progress a little more.;;fɩse;;;
fɩsge;2;Verbe;ɩ-è;se détacher, se libérer;detach (oneself), liberate, release, get free;;;;;
fɩtla;;Nom;;lampe à pétrole;lamp (petroleum).;fitla;;;;
fɩʋʋgo;;Nom;ɩ́-ó;cage tressé servant à transporter des volailles;woven cage to transport chicken, fowl-basket;;fɩɩdo;Container, Animal husbandry;;
fo;1;Pronom;ò;tu, toi;you, thou;fu, f, ef, foo;;;;
fo;2;Verbe;ó;enlever plusieurs choses en tirant;take away several things by pulling.;;;;;
fo;3;Verbe;ò;serrer entre les jambes;press between legs, tighten.;;;;;
fõ;;Verbe;;bourdonner;buzz, whirr, drone;;;;võ2;
fõadga;;Nom;;bourdonnement;buzzing, whirring, droning;;;;võaaga, fõdbo;
fõara;;Adverbe;ṍá;complètement, en profondeur;completely, in depth;;;;;
fobge;;Verbe;ò;détacher en glissant, dés-enrouler, enlever;untie, detach unfasten.;;fobse;;;
fõbge;;Verbe;ṍ-è;boire, vider d'un trait;drink, empty at once.;;;;;
fõdbo;;Nom;;bourdonnement;buzzing, whirring, droning;;;;fõadga, võaaga;
fõde;;Verbe;ṍ;aller en vitesse, rapidement, bouger vite;go quickly, move quickly.;;;;;
fõdge;;Verbe;ṍ-è;se précipiter, se hâter;rush, go precipitately, speed up, hasten, to hurry.;;;;;
fõge;1;Verbe;ṍ;piler un légume frais;pound a fresh vegetable.;;;;;
fõge;2;Verbe;;couvrir, renverser, poser l'ouverture vers le bas;cover, reverse, put upside down, to put mouth down, invert sth., to cover;fõgne;;;;
fõgne;;Verbe;;couvrir, renverser, poser l'ouverture vers le bas;cover, reverse, put upside down, to put mouth down, invert sth., to cover;;;;;fõke
fõke;;Verbe;õ̀;enlever le couvercle, découvrir;take off the lid, uncover the lid;;fõgse;;;fõgne
fol-fole;;Adjectif;ò;gluant;sticky;;;;;
folle;;Adjectif;ò-é;gluant, amorphe;sticky, amorphous.;;foala;;;
foo;;Pronom;ó;toi;you (sg.) A gomda ne foo;foom, foogo;yãmba;;;
foobre;;Nom;ó;rouleau;roll;;foaaba;;;
fooge;1;Verbe;;enlever une chose en tirant, défaire;take away one thing by pulling, unfasten;;;;wõoge;
fooge;2;Verbe;ó-è;frapper, battre;hit, strike, thresh;;;;;
fooge;3;Verbe;ò;tutoyer;use the familiar form.;;;;;
fõoge;;Verbe;ṍ-è;pomper, aspirer, inhaler;pump, suck up, draw a fluid, inhale, breathe;;fõose;;;
foogo;;Nom;ó-ò;tube;pipe.;;;;;
fõogre;;Nom;ó-é;infiltration, pompage;infiltration.;;;;;
foolle;;Nom;ó-é;espace entre deux lignes;space between two lines;;foaala;;;
foom;;Pronom;ó;toi (emphatique);you (sg.) emphatic pronoun, thou, thee, thy;foo;yãmba;;;
fõosre;;Nom;ṍ;bronchite, pneumonie;bronchitis, pneumonia;;fõaasa;Disease;waorengo;
fõre;;Verbe;ṍ;s'enfoncer dans, s'introduire dans;sink in, introduce.;;;;;
fõr-fõre;;Adjectif;õ̀;poreux, cartilagineux;porous, permeable;;;;;
fõrse;;Verbe;ṍ-è;faire pénétrer péniblement;make to penetrate with difficulty.;;;;;
fõss;;Adverbe;;impeccablement, franchement;impeccable, faultless, straight out;;;;;
foto;;Nom;;photo;photo;;fot-rãmba;computer / digital;;
foto suiidga;;Nom;;album photo;album.;;;;;
fotokopi;;Nom;;photocopie;photocopy.;;;;;
fu;1;Pronom;ù;te, toi (en position d'objet après voyelle i, ĩ, u, ũ);you;;;;;
fu;2;Verbe;ú;moudre pour la seconde fois;grind for the second time.;;;;;
fu;3;Nom;ù;boule de fibres pour laver la vaisselle;chunk of fibres used for washing dishes.;;;;;
fũbgi;;Verbe;ṹ-ì;contracter (ventre), comprimer;contract (belly, stomach), compress.;;fũbsi;;;
fu-bila;1;Nom;ú-á;tissu pour porter des enfants;cloth for carrying children.;;;;;
fu-bila;2;Nom;;tricot;sweater.;;;;;
fudgi;;Verbe;ù;déborder par suite d’ébullition;to boil over, overflow because of cooking, spill over.;;;;;
fugi;1;Verbe;ú;souffler (vent), faire du vent, flotter au vent;make wind, float in the wind, to blow (wind does), be windy.;;;;;
fugi;2;Verbe;ú;mousser;lather;;;;;
fũgi;;Verbe;ũ̀;couvrir (avec couvercle);cover with a lid.;;;;;
fũgni;;Verbe;ũ̀;couvrir avec un couvercle ou chapeau;cover with a lid or hat;;;;pibli;
fu-gõaaga;;Nom;;aiguille;needle;fu-gõoga;;Tool;supĩim;
fu-goabga;;Nom;ú;couverture;blanket, cover-cloth;;fu-gobse;;fu-pindga, kũndri;
fu-gõoga;;Nom;ú;aiguille;needle;fu-gõaaga;fu-gõose;;supĩim, fu-pĩim;
fugumdi;;Verbe;ú-ì;secouer pour faire tomber;shake to make fall off;;fugsi;;;
fũki;;Verbe;ũ̀;découvrir, enlever un couvercle;uncover, take away a lid;;;Body;piki, libgi;
fulfuud bãaga;;Nom;ú;pneumonie;pneumonia;fulunfuud bãaga;fulfuudu bãase;Disease;;
fulfuudu;;Nom;;espèce de plante;kind of plant;;;Grass, herb, vine;;
fulfuugu;;Nom;ú;poumon;lung;;fulfuudu;Body;;
fulli;;Nom;ú-ì;pétale de la fleur du kapokier;petal of kapok tree flower;;fula;Parts of a plant;;
fũna;;Adverbe;ũ̀;doux au toucher;soft to touch;;;;vũna;
fũni;;Verbe;;affaiblir;weaken;;;;zʋme;
fu-paasda;;Nom;;blanchisseur;laundry worker, laundress;;;Worker;;
fu-pĩim;;Nom;ú;aiguille;needle;;;;fu-gõoga, supĩim;
fu-pindga;;Nom;;couverture;blanket;;;;fu-goabga, kũndri;
fu-poko;;Nom;ú-ó;pagne;loincloth.;;fu-pogdo;;;
furgi;;Verbe;ú-ì;transpercer, faire un trou;drill, make a hole, to pierce;;fursi;;;
furi;1;Nom;ú-ì;four;oven, stove.;;;;;
furi;2;Nom;ú;mariage, se marier;to marry, get married, marriage, wedding;;;;kãadem, maryaase;
fu-risga;;Nom;ú-à;frange;fringe.;;fu-rissi;;;
furkãnga;;Nom;ù-ã́-á;coussin de riche ou de chef;cushion for rich people.;;furkamse;;;
fu-roogo;;Nom;;moustiquaire;mosquito net.;;;;;
furrr;;Adverbe;ù;précipitamment;scuttle, quickly;;;;;
fut-koglgo;;Nom;;valise;suitcase.;fut koglgo;;;;
futu;;Nom;ú-ù;habits, vêtements;garments, clothes;;;Clothing;;
fuug-goeele;;Nom;;fauteuil;armchair.;;;;;
fuugu;;Nom;ú-ù;habit, vêtement, tissu, chemise;cloth, garment, clothing, shirt;;futu;Clothing;;
fu-wogdga;;Nom;;nappe;tablecloth.;;;;;
fu-woko;;Nom;;robe;dress;;;Clothing;;
fu-yergo;;Nom;;chemise;shirt;fu-yorgo, fu-yeorgo;;Clothing;;
fu-yorgo;;Nom;ú-ó;chemise, boubou;shirt, garment .;fu-yergo;fu-yordo;;;
fʋbge;;Verbe;ʋ́-è;lécher (doigt);lick, suck up.;;fʋbe;;;
fʋgdo;;Nom;ʋ́-ò;son de céréale;bran.;;;;;
fʋge;;Verbe;ʋ̀;enlever le son (céréales);take off husk of grains.;fʋke;;;;
fʋɩ;;Adverbe;;rien;nothing;fɩ;;;;
fʋke;;Verbe;ʋ̀;enlever l'enveloppe ou l'écorce (céréale ou plante);take off the husk or bark, uncover, strip, shell;;fʋgse;;;
fʋko;;Nom;ʋ́;écorce;bark;;;Parts of a plant;paoko1;
fʋlga;;Nom;;ethnie vivant au nord du Burkina Faso (aussi appelés koromfé);ethnic group living in the northern part of Burkina Faso;;fʋlse;Community;;
fʋnglgo;;Adjectif;;volumineux et peu solide, peu combatif;bulky and not hard/strong.;;fʋnglse;;;
fʋra;;Nom;;boules de farine de mil délayées dans l'eau, boule d'akassa;dish (balls of millet flour and water);;;Food;;
fʋre;;Verbe;;consommer la sauce uniquement sans le tô qui l'accompagne;eat the sauce alone without the porridge that goes with it;;;;yʋbe;
fʋremde;;Nom;;goitre;goitre;;fʋrma;Disease;koko-lʋʋgo;
fʋrge;1;Verbe;ʋ́-è;aspirer un liquide avec la bouche, boire un peu;suck up a liquid with the mouth, drink a little bit.;;fʋrse;;;
fʋrge;2;Verbe;ʋ́-è;s'échapper par une petite ouverture;escape through a small opening.;;;;;
fʋrge;3;Verbe;;défaire, démêler, déplier, démanteler;unfold, unravel, dismantle sth;;;;yidgi;
fʋrsɛta;;Nom;;fourchette;fork;;fʋrsɛtse;Tool;;
fʋsge;;Verbe;ʋ́-è;se défaire, se détacher;unfasten, undo, untie.;;fʋse;;;
fʋʋge;;Verbe;ʋ́-è;s'enfler;swell up.;;;;;
fʋʋre;1;Adjectif;ʋ́-è;enflé;swollen.;;fʋya;;;
fʋʋre;2;Nom;;four;oven;;;;;
fʋʋse;;Verbe;ʋ́-è;souffler;blow;;;;;
ga;1;Verbe;á;tirer plusieurs choses hors de;pull out several things, to pull sth;;;;;
ga;2;Verbe;à;manger sans sauce;eat without sauce, to eat dry staple without soup;;;;"wẽeme2; antonyme: yʋbe";yʋbe
ga;3;Verbe;à;se serre (mâchoires);press firmly (jaws).;;;;;
gã rãmba;;Nom;;gants;gloves;;;Clothing;nug-wʋʋgo;
gãabg-bĩn-peendo;;Nom;;plante (espèce);plant sp;;;Grass, herb, vine;;
gãabg-sũmkaam;;Nom;;espèce de plante;kind of plant;;;Grass, herb, vine;;
gaafara;;Nom;;pardon, excuse;pardon, excuse me;;;;kabre;
gãag soaba;;Nom;á-à-á;hôte, étranger, visiteur;host, stranger, guest;;gãag soben-dãmba;;;
gãag sobendo;;Nom;á-ò-ó;hospitalité;hospitality;;;;sãan-deegre, deegre;
gãag zĩiga;;Nom;;hôtel, auberge;hotel, inn, hostel;;;Building;;
gãaga;1;Nom;á-à;dormir (action de);sleeping, sleepover, kip, action of sleeping, night's rest;;gãase;;;
gãaga;2;Nom;á-à;fruit du diospyros mespiliformis;fruit of the diospyros tree;;;Food;;
gaage;1;Verbe;á-è;tirer une chose hors de, tirer à soi, faire venir vers soi, faire une excavation;pull out one thing, pull towards oneself, excavate.;;gaase;;;
gaage;2;Verbe;à;accrocher, faire passer autour;hook on, hitch up, make go around.;;;;;
gãaka;;Nom;á;arbre (espèce), ébénier de l'ouest Africain;swamp-ebony tree;;gãagse;Tree;;
gaame;;Verbe;à;mélanger, malaxer, brasser, entortiller;mix up, knead, brew, entangle;;;;gẽdme;
gãande;;Verbe;ã́-è;coucher se, passer la nuit;to lie down, lay down, go to bed, pass the night;;;;;
gãane;;Verbe;à;marcher lentement;walk slowly;;;;;
gaare;1;Nom;á-è;selle, bât;saddle, packsaddle.;;gaya;;;
gaare;2;Adjectif;à-é;sans sauce;without sauce;;gaya;;;
gaarga;;Nom;á-á;fil pour coudre;thread for sewing, yarn.;;gaarse;;;
gaa-rʋʋre;;Nom;;roux;foxy red;gaarʋʋre;;Colour;moosgo;
gaas buud sẽn gũbg tẽngã;;expression;;atmosphère, couche de gaz qui entoure la terre;atmosphere;;;Sky;;
gaas yalẽ;;expression;;gazeux;gaseous form.;;;;;
gãa-saaga;;Nom;;espèce de plante;kind of plant;;;Grass, herb, vine;;
gaase;;Nom;á-è;gaz;gas.;;;;;
gaaz yiisgu;;expression;;émission de gaz;gas emission;;;Sky;;
gãbdo;;Nom;;feuilles d’oignon pilées et séchées;onion leaves dried and pound.;;;;;
gãbe;;Nom;à-é;force physique, pouvoir;physical strength.;;;;;
gãbga;;Nom;á-à;point ou but (jeu ou sport);score or goal (game or sports).;;gãbse;;;
gã-bila;;Nom;;berceau;cradle;;;Household equipment;;
gãbre;;Adjectif;à-é;gros, énorme;big, corpulent, enormous.;;gãba;;;
gãbro sinkma;;Nom;;plante (espèce);plant sp;;;Grass, herb, vine;;
gabrobim-pendo;;Nom;;plante (espèce);plant sp;;;Grass, herb, vine;;
gabse;;Verbe;à;plaisanter, s'amuser, taquiner;joke, jest, amuse, tease.;;;;;
gada;;Nom;à-á;orgueil;pride.;;;;;
gadbe;;Verbe;à;mal faire un travail;do a lousy job.;;;;;
gãde;;Verbe;ã̀;saisir, tenir, attraper;catch, hold, grip, grasp, take hold of;gʋde;;;;
gadgo;;Nom;;canapé, lit;sofa, bed.;;;;;
gãe;;Verbe;ã́;couché (être);to be laying down;;;;;
gãeega;;Nom;;chenille aux poils;hairy caterpillar;;;Small animals;gãnga3;
gãeemdo;1;Nom;á-ó;folie;folly, foolishness.;;;;;
gãeemdo;2;Nom;ã́-ó;folie, trouble mental;folly, mental trouble;;;Disease;zu-lɛbga;
gãeeme;;Verbe;á;devenir fou, rendre fou, devenir enragé, perdre la tête;become mad, make mad, to be / become / make sb;;;;;
gãense;;Verbe;à;enjamber, sauter plusieurs fois;step over, stride over, jump several times.;;;;;
gage;;Verbe;á;consommer trop (liquide);consume too much (liquid);;;;;
gãge;;Verbe;á;se disputer, se chamailler;quarrel, contest, bandy words with, argue, squabble.;;;;;
gãg-gãge;;Adverbe;;de manière saccadée;jerkily, fitfully;;;;yã-yã;
gãgne;;Verbe;á-è;grommeler;mutter, grumble.;;;;;
gãgnese;;Nom;á-é;disputes, chamailleries;quarrelling, bickering.;;;;;
gãkɩ;;Adverbe;á;plein jusqu’au bord;totally full to the rim;;;;;
galbre;;Adjectif;;gros, énorme;corpulent, fatty, too big;;galba;;;
gale;;Verbe;á;être excédentaire;be too much, surplus;;;;;
galem;;Nom;;charbon;anthrax;;;Disease;zalem;
galen-tẽnga;;Nom;à-é;ville, centre urbain;town, urban centre;;galen-tẽnse;;galʋ tẽnga;
galle;;Nom;à-é;nombreux, abondant, riche;numerous, abundant, rich, plentiful, common;;gala;;;
gal-peelga;;Nom;;espèce d'arbre;kind of tree;;;Tree;;
galse;;Verbe;á-è;trier, sélectionner, rechercher;select, sort out, assort, try to find, look for, pick out;;;;;
galʋ tẽnga;;expression;;ville;town;;;;galen-tẽnga;
gãm;;Nom;;le tiens;holding;;;;;
gãmbre;;Nom;;filet de rangement;cradle for storing calabashes, line sp;;gãmbse;;gãnegãmdo;
gãmdo;;Nom;ã́-ò;plante grimpante;vines, creepers (general term);;;Grass, herb, vine;;
gãme;;Verbe;à;s'accrocher, être accroché;cling on, hitch up, hook on, to hang on / from, be yoked / harnessed.;;;;;
gãnd nomb zĩiga;;Nom;;tannerie;tannery;;;Building;;
gãnda;;Nom;à-á;espace non cultivé;land that is not farmed.;;;;;
gãndaalem;;Nom;à-é;vivacité, intrépide, bravoure;dauntless, fearless, bravery.;;;;;
gãndaoogo;;Nom;à-á;personne brave, intrépide, énergique;person who is brave, fearless, energetic, a hero, champion;;gãndaado;;;
gãndge;;Verbe;ã̀-é;passer par-dessus, enjamber, sauter;pass over, step over, jump over, cross over, go over;gãnge;;;;
gãneg yam;;Verbe;;tranquilliser;reassure, stop worrying.;;;;;
gãnegãmdo;;Nom;à-á-ò;toile d'araignée;spider-web, cobweb;gãngãmdo;;;gãmbre;
gãnege;;Verbe;á-è;coucher, faire coucher (une seule fois);to lay sth./sb;;gãnese;;;
gãnem;;Nom;à-é;parasite qui attaque les pieds de mil;parasite that attacks millet stalks;;;;;
gãnga;1;Nom;ã́;bande de cotonnade noir et blanc, étoffe faite des bandes noires et blanches;cloth strip mad of black an white cotton;;;;;
gãnga;2;Nom;ã̀-á;bracelet tissé;bracelet (woven);;gãense;Adornment;;
gãnga;3;Nom;à-á;chenille aux poils;hairy caterpillar;;gãense;Small animals;gãeega;
gãngãdo;;Nom;á;brouillard;mist, fog;gangadgo;gãngãbdo;Weather;wulgu, wul-faaga, gãngãobgo, wuswulli;
gãngãobgo;;Nom;;brouillard;mist, fog;;gãngãbdo;;wuswulli, wulgu, gulgubri, gãngãdo;
gãngãoogo;;Nom;à-ó;tambour fait d'un tronc d'arbre creux, tam-tam;big drum made of tree trunk, cylinder-drum;;gãngãado;Musical instrument;;
gãnge;;Verbe;;enjamber, sauter;step over, stride over, jump over;;;;zãndge;
gãng-la-pɛɛlga;;Nom;;tissu noir et blanc;black and white cloth / fabric;;;Colour;;
gãngo;;Nom;ã́-ò;peau (d'un animal), cuir;skin (of animal), leather.;;;;;
gãn-naongo;;Nom;;espèce de plante;kind of plant;gãn-noanga;;Grass, herb, vine;;
gãn-noanga;;Nom;;cuir;leather;;;;gãn-nomdem;
gãn-nomdem;;Nom;;cuir;leather;;;;gãn-noanga;
gãn-peelle;;Nom;;derme;dermis skin;;gãn-pɛɛla;Body;;
gãnsaaga;;Nom;ã̀-á-à;herbe fine utilisée pour tresser;plant sp (used for braiding);;gãnsaase;Grass, herb, vine;;
gãn-tika;;Nom;;cuirasse;breastplate, coat of armour;;;;;
gãn-yogre;;Nom;;courge (espèce) dont la pulpe sert à travailler les peaux;marrow;;gãn-yoaga;Grass, herb, vine;;
gãobgo;;Nom;;oignons séchés;dried onion-greens;;gãbdo;Food;;
gaolgo;;Nom;á-ò;abreuvoir de forme allongée (ex;;;gando;Animal husbandry;;
gãongo;;Nom;ã́-ò;peau;skin;gãngo;gãndo;;yĩn-gãongo;
gãoobgo;;Nom;á-ó;corbeau;crow, pied-crow;;gãabdo;Bird;;
gaooge;;Verbe;á-ò;retourner (terre) en tirant vers soi;turn over the soil in pulling it towards oneself;;;;;
gãooge;;Verbe;á-è;plisser, froisser;wrinkle up, to fold, crease sth;;;;põdge;"yõdge2; synonyme: põdge"
gãoog-nanguri;;Nom;;espèce de plante;kind of plant;;;Grass, herb, vine;;
gãoone;;Verbe;à;devenir froissé, se faner;become rumpled, screw up, droop;gãoole;;;;
gaoore;;Nom;á-è;butte, petite tertre de terre retournée;mound, small knoll of soil turned over.;;gaoa;;;
gãoore;;Nom;à-é;boulette de farine de haricot ou de petit mil cuite;ball of cooked been or millet flour;;gãoa;Food;;
gaorengo;;Nom;à-ó;grand panier à volaille;big basket for fowls.;;garendo;;;
gão-saala;;Nom;;gâteau de petit mil;millet cake;;;Food;;
gaosgo;;Nom;à-ó;lit sur piquets;bed.;;gasdo;;;
gãosgo;;Nom;;une tour;tower;;;Building;;
gã-pʋkre;;Nom;;énurésie, mouiller le lit;enuresis, bed-wetting;;;Disease;rʋʋd-ko-rʋʋdgo;
garaam;;Nom;á;gramme;gram, gramme.;;;;;
garas soaba;;Nom;;garagiste;garage manager, mechanic;;;Worker;;
garbe;;Verbe;á-è;mendier;beg for;;;;;
gare;;Nom;à-é;teinture indigo;indigo dyeing;;;;soabga;
gãre;;Verbe;à-é;dépourvu de, privé de;be without, bereft of;;;;;
garenga;;Nom;á-á;crabe;crab;;garense;Small animals;;
garenwiiga;;Nom;;arbuste (espèce);shrub sp;;;Bush, shrub;wilinwiiga;
garga;1;Nom;à-á;arbuste (espèce), indigotier;shrub sp;;garse;Bush, shrub;;
garga;2;Nom;á-à;parc, parcage;gardens, fold (for animals).;;garse;;;
gar-gare;;Adverbe;à;précipitamment;hastily, scuttle;;;;;
garge;;Verbe;á-è;égratigner;scratch;;garse;;;
gariibu;;Nom;à-í-á;mendiant;beggar;garribga;gariibsi;;bõaasa;
gar-loasda;;Nom;;teinturier;dyer;;;Worker;;
garweongo;;Nom;á;escargot;snail;;garwendo;Small animals;;
garzungo;;Nom;;arbuste (espèce);shrub sp;;;Bush, shrub;subdga;
ga-saoko;;Nom;;indigo ayant perdu sa teinture;indigo fabric having lost its dye / colour.;;ga-sagdo;;;
gasge;;Verbe;á-è;mordre;bite;;gase;;yĩigi1, rũmi;
gãss;;Adverbe;á;abondamment;abundantly;;;;;
gãtga;;Nom;à-à;manche, mancheron (d'une charrue);shaft, handle.;;gãtse;;;
gatme;;Verbe;à;entrelacer, emmêler;interlace, interweave, mix up, tangle up.;;;;;
gẽ;;Verbe;é;bouder, rechigner;sulk.;;;;;
gebe;;Verbe;é;osciller, se balancer;oscillate, jiggle, swing.;;;;;
gẽbga;;Nom;è-á;petite calebasse pour semer;small calabash for sowing;bʋd-gẽbga;gẽbse;Container;;
gẽbge;;Verbe;è;sectionner, couper un bout;slice, dissect, cut away a part;;gẽbse, gẽebe;;wõrge1;
gebre;;Nom;è-é;oignon;onion;;gɛba;Food, Grass, herb, vine;zeyõ, albasle;
gede;;Nom;è-é;crinière;mane;gedo;;;;
gẽde;;Verbe;;mélanger;mix up;;;;gẽdme;
gẽdge;;Verbe;é-è;mélanger, combiner (une fois);mix up, blend, mingle, combine, merge, to mix things together (single instance);;gẽede;;gẽdme;
gẽdme;;Verbe;é-è;mélanger;mix up, to mix things together (single instance);;;;gẽdge, kalme, gẽde, gaame;
gẽege;;Verbe;é-è;viser, regarder, attendre, espérer;aim at, watch, wait, hope;;;;;
geel n paame;;expression;;total;total;;;Mathematics;fãa sẽn naag taaba;
geel-baoosem;;Nom;è-ào-é;mathématiques;mathematics;;;Mathematics;geel-baoosgo;
geel-baoosgo;;Nom;;mathématiques;mathematics;;;Mathematics;geel-baoosem;
geel-bila;;Nom;è-í-á;chiffre;number, digit, figure;;geel-biisi;Mathematics;sõd-bila, tikr bila;
geele;1;Verbe;è;calculer, faire des comptes, estimer la valeur, effectuer;calculate, do the accounting, carry out, perform;geelge, gelge;;Mathematics;;
geele;2;Verbe;è;supposer, penser, escompter;suppose, think, believe.;;;;;
geelgo;;Nom;;calcul;calculation;;;Mathematics;magbo2;
geel-kaseto;;Nom;;preuve mathématique;mathematical proof;;;Mathematics;;
geel-sigindim;;Nom;;opération (math.);operation (math.) Category: Mathematics;;;Mathematics;gɛɛlga;
geema tãabo;;Nom;;espèce de plante;kind of plant;;;Grass, herb, vine;;
geemde;;Nom;è-é;bord surplombant d'une rivière;overhanging shore /rim of river.;;geaama, gɛɛma;;;
geeme;;Verbe;;se pavaner;prance.;;;;;
gẽenego;;Nom;;regard réprobateur;disapproving look;;;;;
geere;;Nom;é-è;sorte de divan en terre battue, trône;kind of platform to sit made of clay or adobe, throne.;;gɛya;;;
geese;;Verbe;è;défier, rivaliser avec, concurrencer;defy, compete with.;;;;;
gẽese;;Verbe;ẽ́-è;chercher (dans l'environnement immédiate), rechercher;look for (in the immediate environment), search, seek;;;;;
gẽgse;;Nom;;branchies;gill;;;Parts of an animal;;
gẽka;;Nom;è-á;extrémité supérieure de la mâchoire;endpoint of upper yaw;;gẽgse;Body;;
gẽke;;Verbe;é-è;se casser;break, fall apart;;gẽgse;;;
gel-buiim;;Nom;é-ù-í;jaune d’œuf;egg yolk.;;;;;
gele;;Verbe;é;balancer la tête;jiggle the head from side to side;;;;;
gelle;1;Nom;é-é;œuf;egg;;gɛla, geala;Food;;
gelle;2;Nom;é;ovule;egg, reproduction cell (ovum);;gɛla;Body;pag-rogem-bulli;
gell-ko-pɛɛlga;;Nom;;blanc d’œuf;white of egg, egg white, albumen.;;;;;
gel-lobda;;Nom;é-ó-à;ovaire;ovary;;gel-lobdba;Body;pen-zɩlmde;
gel-lobdba;;Nom;;ovaires;ovaries, ovary;;;Body;;
gel-põosre;;Nom;é;arbuste (espèce);shrub sp;;gel-põosa;Bush, shrub;kaseng-sãa-nenga;
gel-soay;;Nom;;trompes de Fallope;fallopian tube, oviduct;;;Body;;
gel-sore;;Nom;é-ó-è;trompe (femme);fallopian tube;;gel-soya;Body;;
gel-vaka;;Nom;;utérus;uterus;;;Body;rog-vaka;
gem-bãoogo;;Nom;;arbre (espèce);tree sp;;;Tree;zãmnenga;
gem-daoogo;;Nom;;cimier haut (cheveux nattés);summit, peak (plait hair, braided hair);;gem-daado;;;
gem-gongo;;Nom;è-ó;tresse au bout recourbé;braid with a curved end;;gem-gondo;;;
ã, ẽ, ĩ, õ, ũ gem-kʋka;;Nom;è-ʋ̀-á;accent circonflexe;circumflex;;;;;
gem-nini;;Nom;è-í-ì;tréma;diaeresis.;;;;;
ï, ë gem-poore;;Nom;è-ò-é;accent grave;grave accent;;;;;
gẽmse;;Verbe;;couper des feuilles avec des ongles, pincer;pinch sth;;;;;
gem-taoore;;Nom;è-ào-é;accent aigu;acute accent;;;;;
gẽne;;Verbe;è;s'amincir par la taille, s'effiler;shrink, get smaller.;;;;;
gẽodgo;;Nom;éo-ò;farine grossièrement moulue que l'on mélange aux feuilles;roughly ground flour that one adds to leaves for meals.;;;;;
geonfo;;Nom;è-ó;tresse, bande nattée, crête;braid, woven strip, cockscomb;;gɛma;;;
gẽoodre;;Nom;é-è;insecte qui s'attaque aux ruches;insect that attacks beehives;;gẽooda;Insect;;
geoog ne tẽka;;Nom;éo é té-à;point d’interrogation;question mark.;;;;;
gẽoogo;;Adjectif;é-ò;mi-fermé;half closed;;gẽedo;;;
geoolgo;;Nom;;arithmétique;arithmetic;;;Mathematics;sõds baoosgo;
gẽoone;;Verbe;è-è;s'étioler, rabougrir;wilt;;;;;
geosgo;;Nom;éo-ó;visite;visit;gesgo;;;;
gepeyɛse (GPS);;Nom;;GPS;GPS;;;;;
gere;;Nom;é-è;cuisse;thigh;;gɛya;Body;;
ger-kõbre;;Nom;é;fémur;thigh-bone, femur;;ger-kõba;Body;;
ges n gʋlse;;Verbe;é- ʋ́-è;recopier;recopy, copy out;ges-n-gʋlse;;;rɩke2;
ges nin-gɛtgẽ;;expression;;mirer;gaze one's reflection.;;;;;
gese;;Verbe;é-è;regarder, observer, voir, s'occuper de;look at, look for, see, look after, take care of;;;;;
gesgo;;Nom;;regard, visite;look, visit.;;;;;
ges-kãag baoosgo;;expression;;sciences d'observation;sciences of observation;;;Language and thought;;
ges-kãaga;;Nom;é-á-à;observation;observation.;;;;;
ges-n-gʋlsga;;Nom;é-ʋ́-á;copie;copy.;;;;;
gesre;;Nom;;spectacle;a show, theatre, sight;;;;;
gɛ;1;Verbe;ɛ̀;aller partout à la recherche de;go everywhere looking for.;;;;;
gɛ;2;Verbe;ɛ̀;tout accaparer, occuper, prendre avant les autres;monopolize, hoard, take before the others.;;;;;
gɛ;3;Verbe;ɛ̀;juxtaposer, mettre côte à côte;juxtapose, put one besides the other;;;;;
gɛ;4;Adverbe;ɛ̀;jusqu'aux quatre bords;completely full;;;;;
gɛba;;Nom;ɛ̀-á;oignons;onions;;;Food;salbsale, albasle;
gɛɛbe;;Verbe;ɛ́-è;prospérer;prosper.;;;;;
gɛɛl ne zugu;;Nom;ɛ́ ú-ù;calcul mental;mental arithmetic;;;Mathematics;;
gɛɛla;;Nom;ɛ́;calcul, comptes;calculation;;;Mathematics;;
gɛɛlga;;Nom;ɛ̀ɛ́-à;opération (math.);operation (math.) Category: Mathematics;geelga;;Mathematics;geel-sigindim;
gɛndba;;Nom;ɛ̀-á;variole;smallpox;;;Disease;;
gɛta;;Nom;;spectateur;spectator, member of the audience, onlooker.;;;;;
gɛtga;;Nom;ɛ́-à;miroir;mirror;;getse;Body;nin-gɛtga;
gĩda;;Nom;;cicatrice ethnique, scarification sur le visage;ethnic scars;;;;wi1;
gĩdgi;;Verbe;í-ì;démêler, désentraver;unravel, disentangle things, clear up, to separate;;gĩdsi,gĩidi;;;gĩdi, gĩmi
gĩdi;;Verbe;í-ì;entraver, mettre dans une situation fâcheuse;entangle, confuse, mix up things, hold up, clog, put into a difficult situation;;;;;gĩdgi
gĩdri;;Nom;;cicatrice;scar;;gĩda;;wĩifu, waeefo;
giiga;;Nom;í-à;morceau;bit, fragment, piece.;;giisi;;;
gĩigi;;Verbe;ì;s'efforcer, s' y mettre, s'activer;strive, make a shift, endeavour to;;;;modge1, mobne2, nadge, mao;
gĩilli;;Nom;;tendon, muscle, nerf;tendon, muscle;;;Body;gĩindi;
gĩindi;;Nom;ĩ́;tendon, muscle, nerf;tendon, muscle;gĩinfu, gĩilfu;gĩina;Body;gĩilli;
gĩin-rɩlgdga;;Nom;;cordon nourricier;nurturing cord.;;;;;
gilbu;;Nom;;fraude;fraud, cheating.;;;;;
gilg n gese;;Nom;;tournée (lit;;;;;;
gilga;;Adjectif;ì-á;rond;round.;;gilsi;;;
gilgi;;Verbe;í-ì;tourner, faire le tour, contourner;to turn, go around, walk around, to surround;;;;yilmi;
gilgu;;Adjectif;ì-ú;rond, en forme de boule;round, form of a ball.;giulgu;gila;;;
gili;1;Verbe;í;éviter en contournant, contourner;bypass, avoid, evade, to circumvent, go round;;;;;
gili;2;Verbe;;mettre en boules;make balls of;;;Region;fãa, zãnga1, fãa;
gilli;2;Adjectif;ì-í;en forme de boule;in a round ball shape;;gila;;giulgu;
gilmi;;Verbe;í-ì;aller et venir;go and come back;;;;yilmi;
gĩmi;;Verbe;í;s'agripper à, emmêler, devenir confus, mélangé;grip, grab, seize, clutch, grasp, muddle, to tangle, become confused, mixed up;;;;;gĩdgi
gĩmm;;Adverbe;ì;fermement;tightly, firmly;;;;;
ginda;1;Nom;;celui qui contourne;who gets around an obstacle;;;;;
gĩndi;;Nom;í-ì;gerbe, grappe, régime;sheaf, cluster;;gĩna;;tomde, kalga, killi;
gĩni;;Verbe;í;faire des gerbes, mettre en grappes;put into sheaves.;;;;;
gĩningĩtu;;Nom;;plante rampante (espèce de);creeping plant sp;gĩningĩdgu;;Grass, herb, vine;;
giri;;Verbe;í;secouer la tête pour nier;shake the head to deny.;;;;;
gĩsga;;Nom;ĩ̀-á;fil (de coton), ficelle;thread (of cotton), yarn.;;gĩsi, gĩssi;;;
gĩsi;;Verbe;í-ì;coaguler;coagulate, become thick, to set;;;;;
giulgu;;Adjectif;ì-ú;mis en boule, rond;formed as ball, round;;gila, gindu;;gilli2;
giulgu;2;Nom;;boule;ball.;;;;;
giurgu;;Adjectif;ì-ú;coupé;cut.;;girdu;;;
gi-yoko;;Nom;;silure;mud-fish;;;Fish;sẽega1;
gɩble;;Verbe;ɩ̀;barrer la route à, occuper avant les autres, rencontrer au passage;block the road, be there before the others, encounter on the way.;;;;;
gɩblgo;;Nom;ɩ̀-ó;prévention;prevention;;;Disease;koglgo2;
gɩde;;Verbe;ɩ̀;barrer le passage;block the way.;;;;;
gɩdg vʋʋsem;;Verbe;;étouffer;suffocate, choke.;;;;;
gɩdga;;Adjectif;ɩ̀-á;émoussé;dull, blunt;;gɩdse;;;
gɩdgda;;Nom;;barrière;barrier.;gɩdgdga;;;;
gɩdge;;Verbe;ɩ̀;empêcher, intercepter, barrer le passage;prevent, intercept, block the road, to block, impede, bar off;;;;;
gɩdgre;;Nom;ɩ̀-é;empêchement, opposition, objection, interdiction;hindrance, opposition, objection, prohibition.;;;;;
gɩfo;1;Nom;ɩ́-ò;poche;pocket;;gɩf-rãmba;;loaaba;
gɩfo;2;Adverbe;ɩ́-ò;mort sans avoir été égorgé, carcasse d'animal;dead without having been killed, carcass of an animal which has not been properly slaughtered;;;;;
gɩgem-baaga;;Nom;ɩ̀-á;hyène, lycaon, chien chasseur, loup;hunting dog, wolf;;gɩgem-baase;Mammal;digdinyidga;
gɩgemde;;Nom;ɩ́;lion;lion;;gɩgma;Mammal;bõn-yẽega;
gɩɩga;;Adjectif;ɩ̀-á;court, non allongé;short, not long;;gɩɩse;;;
gɩɩge;;Verbe;ɩ̀;faire revenir;cause to come back;;;;;
gɩla;1;Adverbe;;entier, intacte;whole, entire, unbroken.;;;;;
gɩla;2;Nom;;butte;earth mound;;;;vũka1;
gɩmbe;;Verbe;ɩ́-è;stagner, être arrêté;stagnate, be stopped;;;;;
gɩnga;1;Adjectif;ɩ́;trop court;too short, short;;gɩnse;;;
gɩnga;2;Nom;;espèce d'arbuste;kind of shrub;;;Bush, shrub;;
gɩrga;1;Nom;ɩ̀-á;arbuste (espèce);shrub sp;;gɩrse;Bush, shrub;;
gɩrga;2;Adjectif;ɩ́;morceau, bout;bit, fragment, stub, piece;;gɩrse;;;
gɩrma;;Nom;ɩ́;parade, mode comportement démonstratif;parade, fashion, behaviour demonstrating greatness.;;;;;
gɩta;;Nom;ɩ́;obstacle, celui qui barre le passage;obstacle, the person blocking the way.;;gɩtba;;;
gɩʋngo;;Adjectif;ɩ́-ò;court;short, too short;gɩngo;;;;
go;;Verbe;ò;tamiser;filter, sift, sieve sth.;;;;;
gõ;;Verbe;õ̀;promener (se), errer, voyager;walk around, stroll, to travel, go for a walk, roam.;;;;;
gõaada;;Nom;;voyageur;traveller.;;;;;
goaadba;;Nom;;espèce de plante;kind of plant;;;Grass, herb, vine;;
goaadga;;Nom;ò-à;tamis;sieve, sifter;;goodse;;karzaka, tẽme;
gõaaga;1;Nom;ó;promenade, voyage;promenade, journey, walk, trip;;;;gõodem, gõobo;
gõaaga;2;Nom;ó;épine;thorn;;gõose;Parts of a plant;;
gõaaga;3;Nom;;espèce d'arbre épineux;kind of thorn tree;;;Tree;;
goabg baobgo;;expression;;sud;south;;;;wĩn-goabga, wĩndg goabga;
goabg gõd-wẽnga;;Nom;;panneau virage à gauche;bend to right;;;7;;
goabga;;Nom;ò-á;à gauche, main gauche;left (to the), left hand;;;;;
goalenga;;Adjectif;ó;tordu, courbé;crooked, distorted, bent, curved, twisted;;golemse;;golengo;
goam wʋgbo;;Nom;óa ʋ́-ò;construction de phrases;sentence construction.;;;;;
goama;;Nom;ó;paroles, langue;words, language;;;;;
gõama;;Adverbe;ò;tête baissée;with bowed head;;;;;
goam-yood soaba;;Nom;;grossier, grossière;rude person, coarse.;;;;;
goandga;;Nom;;herbe (espèce de);grass sp;;gondse;Grass, herb, vine;;
goanga;;Adjectif;ó;recourbé;bent, curved.;;goense;;;
goarga;;Nom;ó;champ de coton;cotton field;;gorse;;langa1, lam-pʋʋgo;
gobre;1;Nom;ò-á;maladroite (d'un manière);awkwardly, crack-handed, the wrong way up/round;;goaba;;;
gobre;2;Nom;;gaucher;left-handed, left-handedly;;goaba;;;
gõde;;Verbe;ò;plier, enrouler;to fold up, become folded, crease, wrap, wind up;;;;"põdge; antonyme: yõdge2";yõdge2
gõdem-gõdem;;Adverbe;;zigzag;zigzag.;gẽdem-gẽdema;;;;
gõdge;;Verbe;õ̀;tourner, virer;to turn;;gõode;;;
gõdgo;;Adjectif;ó;recourbé;hooked, bent;;gõdse;;;
gõdme;;Verbe;;serpenter;to wind.;;;;;
gõdre;;Nom;ó;virage, tournant;curve, turning.;;gõada;;;
gõdre-yẽoogo;;Nom;;espèce d'arbre;kind of tree;;;Tree;;
gõd-wẽyns a yiib sẽn pʋgd taaba;;expression;;succession de virages;double bend, first to left;;;7;;
goe;;Verbe;ò;raidir, raide;stiffen, to grow stiff, taut, get stiff.;;;;;
gõe;;Verbe;ṍ;endormi (être);fallen asleep (be), to be (fast) asleep;;;;;
goeele;;Nom;ó-è;banc, siège, chaise, tabouret;bench, seat, chair, stool;;goeelse, goeen-dãmba;Household equipment;;
gõeem;;Nom;ṍ-ẽ́;sommeil;slumber.;;;;;
gõeem-bãoogo;;Nom;;arbre (espèce);tree sp;;;;;
gõen-gõeta;;Nom;ó-á;dormeur;sleeper.;;gõen-gõetba, gõengõetba;;;
goeoogo;;Nom;ó-ó;faucille;sickle;;goeto;Tool;;
goɛɛrba;;Nom;;chenille;caterpillar;;;Small animals;;
goɛtrgoɛɛga;;Nom;ò-ó;grosse fourmi rouge;big red ant;;goɛtrgoeese;Insect;;
gofneema;;Nom;;gouvernement;government;;;Government;;
gofneere;;Nom;;gouverneur;governor;gofneema, gosneema;;Government;gʋvɛrneere;
gõgen-gõgne;;Nom;ó-ó-è;murmures, ronchonnements;muttering, warbling tones, beefing.;;;;;
gõgne;;Verbe;ó-è;grommeler, ronchonner;grouse, moan, beef;;;;;
goke;;Verbe;ó-è;donner un coup de bec;to peck, strike with the bill /beak;geoke;go, goge;;;
go-kɩɩnga;;Nom;ò-ɩ́-á;chaux éteinte;slaked lime.;;;;;
golengo;;Adjectif;;tordu;crooked, distorted, bent, curved;goalenga;golendo;;goalenga;
gõlengõonde;;Nom;;iule, myriapode;millipedes;;;Small animals;gũun-daoogo;
golme;;Verbe;ò;tordre;to twist, wrench, wring, contort, become twisted, curved, bent;;;;;
gombgo;;Nom;ò-ò;mante religieuse;praying mantis;;gombdo;Insect;;
gom-biiga;;Nom;;mot;word;;gom-biisi;;gom-bila;
gom-biis kʋʋsgo;;Nom;;abréviations;"forme courte; abbreviation, short form";;;Grammar;;
gom-biis saka;;Nom;ó-í á-à;classe de mots, catégorie;word class, part of speech.;;;;;
gom-biis sebre;;Nom;;dictionnaire;dictionary;;;;buudã gom-bi baoore;
gom-biis wʋgbo;;Nom;ó-í ʋ́-ò;construction de mots;word construction;;;Grammar;;
gom-bila;;Nom;ó-í-á;mot;word;;;;gom-biiga;
gom-bi-soakdga;;Nom;;mot interrogative;interrogative word, question word;;;Grammar;;
gom-bi-sũgdum;;Nom;ó-ì-ù-ú;mot composé;compound word;;;Grammar;;
gom-bi-taaga;;Nom;;dérivé;derivative, derivation;;;;;
gom-bi-taare;;Nom;ó-í-á;synonyme;synonym.;;;;;
gomde;;Nom;ó-è;parole, propos;speaking, word, palaver, rebuke, reprimand;;goama;;;
gom-dɛɛsa;;Nom;ó-à;porte-parole;spokesman.;;gom-dɛɛsdba;;;
gomd-n-taare;;Nom;;dialogue;dialogue;;;;sõasga2, yẽsgo;
gome;;Verbe;ó;parler, communiquer, bavarder;speak, communicate, talk, chat, rebuke;;;;;
gom-gomda;;Nom;ó-à;bavard;chatterer.;;gom-gomdba;;;
gomi;;Nom;;amidon;starch;;;;sõm2;
gõ-miiga;;Nom;ó;arbre (espèce);tree sp;gõ-miuugu;gõ-miisi;Tree;;
gõ-miuugu;;Nom;;espèce d'acacia;kind of acacia tree;gõ-miiga;;Tree;;
gom-kalga;;Nom;;paragraphe;paragraph;;;Grammar;;
gom-sag-tika;;Nom;;dialecte de référence;dialect of reference;;;Language and thought;;
gom-saka;1;Nom;ó-á-à;variante dialectale;dialect variant / difference.;;;;;
gom-saka;2;Nom;;chapitre;chapter.;;;;;
gõmse;;Verbe;ó-è;acquiescer par hochement de la tête;say yes by shaking of the head;;;;;
gom-sigdim;;Nom;ó-í-í;texte;text.;gom-sĩgdim;;;;
gom-soakdga;;Nom;ó;phrase interrogative;interrogative sentence;;;Grammar;sokrgomde;
gom-tedga;;Nom;;espèce de plante;kind of plant;;;Grass, herb, vine;;
gõm-tiidga;;Nom;;plante (espèce);plant sp;;;Grass, herb, vine;sawi-pɛɛlga;
gom-tika;;Nom;ó-í-à;phrase-clé;key sentence.;;;;;
gomtɩ-laongo;;Nom;ó-ò;plante (espèce) dont les feuilles ressemblent à celles du coton;plant sp;;gomtɩ-lamdo;Grass, herb, vine;;
gomtɩʋʋgo;;Nom;ó-ó;caméléon;chameleon;;gomtɩto;Reptile;;
gomtɩ-zʋʋre;;Nom;;espèce de plante;kind of plant;;;Grass, herb, vine;;
gom-toogo;;Nom;ó;bavardage;chatter.;;;;;
gom-wẽnga;;Nom;;paroles méchantes;mean words;;;;;
gom-wʋgbo;;Nom;ó-ʋ́-ò;grammaire;grammar;;;Grammar;;
gom-yooko;;Nom;;paroles méchantes;mean words;;;;;
gom-zẽnde;;Nom;;langue étrangère;foreign language.;;gom-zẽna;;;
gom-zugu;;Nom;;titre;title, heading;;;;zãmsgã gom-zugu;
gõndre yẽoogo;;Nom;;arbre à encens (espèce);tree sp;;;Tree;kʋmbryẽoogo;
gondr-yẽoogo;;Nom;;plante (espèce);plant sp;;;Bush, shrub;kʋmda-yãoogo;
gonge;1;Verbe;ò;se gonfler, faire l'important;billow, swell, make important.;;;;;
gonge;2;Verbe;ò;prendre la forme d'une courbe;to bend sth;;;;;
gongo;;Adjectif;ó;tortueux;winding, tortuous.;;gondo;;;
gõnme;;Verbe;ò;se replier, s'enrouler;fold, roll up, wind up, curl up;;;;;
gonongotoogo;;Nom;;petit calao à bec rouge;red-beaked Horn-bill;;;Bird;kulgu-kõdgo;
gõobo;;Nom;ṍ;promenade;promenade;;;;gõodem, gõaaga1;
goobre;;Nom;;zébus;zebu cows, humped oxen;;;Mammal;nag-zẽgre;
gõodem;;Nom;õ̀-é;promenade;stroll, journey, walk, trip;;;Hunt and fish;gõaaga1, gõobo, yamleo-gõore;
googe;;Verbe;ó-è;tirer vers le bas;pull downwards;;go, goose;;;
gõoge;;Verbe;ò;retenir, empêcher de continuer;keep back, hold back, hinder prevent from continuing, impede, to restrain.;;gõose;;;
googo;;Nom;ó-ò;grand couteau courbé;big curved knife;;goodo;Tool;;
goole;;Verbe;ó-è;racler avec les dents, mordiller;nibble at;;;;;
goolle;;Nom;;gecko;gecko;goole;;Reptile;;
gõonde;;Nom;;trompe;proboscis;;gõaana;;wob-nugu;
goor-boanda;;Nom;;peintre;painter, house painter;;;Worker;;
goore;;Nom;ò-é;kaolin, chaux (peinture), craie;kaolin, quicklime (painting), chalk;;;;lakrɛ;
gõose;;Nom;;épines;thorns;;;;;
gõ-pɛɛlga;;Nom;ṍ-ɛ̀-á;arbre (espèce), acacia à épines blanches;tree sp;gõl-põsgo, gõ-põasgo;gõ-peelse;Tree;;
gõ-poko;;Nom;;espèce d'arbre;kind of tree;;;Tree;gõ-põosgo;
gõ-põosgo;;Nom;ó-ó;arbre (espèce), acacia à épines blanches;tree sp;gõ-ponasogo, gõlpõsgo;gõ-põosse;Tree;gõ-poko;
gõ-põrgo;;Nom;;espèce d'arbre;kind of tree;;;Tree;;
gõ-põ-yaadga;;Nom;;espèce d'arbre;kind of tree;gõ-pangyalga, gõ-poliali, gõ-sablga;;Tree;;
gor-biiga;;Nom;ò-í;grain de coton;grain of cotton;;gor-biisi;;gor-bila;
gor-bila;;Nom;ò-í;graine de coton;cotton grain;;;;gor-biiga;
gore;;Verbe;ó;gargouiller;rumble, gurgle;;;;;
gorge;;Verbe;ó-è;griffer;to scratch sb;;;;;
gorgongo;;Nom;ó;crevasse, creux;cranny, hollow, cavity;;gorgondo;Land;;
gõ-sablga;;Nom;ṍ;arbre (espèce);tree-sp;;gõ-sablse;Tree;;
go-vɩɩga;;Nom;ò-ɩ́-á;chaux vive;quicklime, burnt lime.;;;;;
goyaaka;;Nom;ò-á-à;arbre (espèce), goyavier;tree sp, guava tree;goyaaka tɩɩga;goyaagse;Tree;;
gõ-yaar soaba;;Nom;;vagabond;wandering person, vagrant.;;;;;
gõ-yaare;;Nom;;vagabondage;wandering, vagrancy.;;;;;
griiyaase;;Nom;;grillage;wire netting, chicken wire.;;;;;
gũ;;Verbe;ũ̀;attendre;wait;;;;;
gũ';;Adverbe;ù;évocation d'un choc d'objet lourd contre le sol;recalls a crash of a heavy object on the soil.;gũ'ũ;;;;
gũbdu;;Nom;ù;plante aquatique (espèce de);water plant sp;;;Grass, herb, vine;;
gũbga;;Nom;;clôture;fence, hedge, surrounding wall;;;Animal husbandry;;
gũbgi;;Verbe;ù;entourer, encercler, clôturer;surround, encircle, enclose, fence in;;;;;
gũbri;;Nom;ú;enclos;enclosure;;gũba;;zĩig sẽn gũbgi;
gudgi;;Verbe;ú-ì;troubler (liquide);make unclear, agitate (liquid), to stir up;;;;;
gũdi;1;Verbe;ù;croiser les jambes;cross legs.;;;;;
gũdi;2;Verbe;ù;donner dos;be backwards.;;;;;
gudri;;Nom;ú-ì;butte;mound;;guda;;;
gũlgi;;Verbe;;surveiller (faire) confier;guard (have someone to), entrust, be trusted with;;;;gũnugi;
gulgubri;;Nom;;brouillard;fog, mist;;;Weather;wul-faaga, gãngãobgo, wuswulli;
gulli;;Nom;ù-í;pirouette;pirouette.;;gula;;;
gulumdi;;Nom;;espèce de plante;kind of plant;pulumdi;;Grass, herb, vine;;
gulungu;;Adjectif;ú;boursouflé;puffy.;;gulunsi;;;
gũmi;;Verbe;;s'attrouper;troop together.;;;;;
gũndgi;;Verbe;ú-ù;aller et venir sans arrêt, s'affairer;go and come continuously, bustle about.;;;;;
gũndgu;;Nom;;panier, corbeille;basket;;;Container;yaaga;
gũngũmdi;;Nom;;buisson, fourré;bush, shrub, thicket;;gũngũma;Bush, shrub;;
gũnugi;;Verbe;ũ̀;surveiller (faire), confier;guard (have someone to), entrust, be trusted with;;;;gũlgi;
guri;;Verbe;ú;remuer la terre en grattant, retourner;move the earth by scratching, turn over, to rake over (soil).;;;;;
gurupma;;Nom;;groupement, ensemble de personnes qui travaillent pour des intérêts communs;association.;;;;;
gũsi;;Verbe;ṹ-ì;dormir;sleep;;;;;
gũsum;;Nom;ú;ronflement;snoring.;;;;;
gutungulungu;;Nom;;scarabée sacré, bousier;scarab, dung beetle;;gutungulundu;Insect;bĩndingãoosgo;
gũubu;;Nom;ṹ;attente;waiting.;;;;;
gũuda;1;Nom;ú;gardien, surveillant;guardian, warden, watchman;;gũudba;;;
gũudu;;Nom;ú-ù;champignon;mushroom;;gũugu;Food, Moss, fungus, algae;;
gũudum;;Nom;ù-ú;garde, surveillance;guard, surveillance, supervision, stakeout.;;;;;
guugu;;Nom;ù-ú;gourdin, massue, casse-tête;cudgel, club;;guudu;Tool;;
gũun-daoogo;;Nom;ṹ;myriapode, iule;millipedes;;gũun-daado;Small animals;gõlengõonde;
gũuri;1;Nom;;mastite (maladie du sein);mastitis (breast disease);;gũya;Disease;;
gũuri;2;Nom;ú;fourmi (espèce);ant sp;;gũya;Insect;;
gũus n gese;;Verbe;;observer, examiner;look over, inspect, examine.;gũus-n-gese;;;;
gũus n yãnde;;expression;;constat, remarque;observation.;;;;;
gũusi;;Verbe;ũ̀;attention (faire), surveiller, observer, veiller, remarquer;to pay attention, keep an eye on, watch over, to notice, to look after;;;;;
gũus-m-menga;;Nom;;prudence;caution, prudence;;;;;
gʋbla;;Adverbe;ʋ̀-á;sur l'épaule;on the shoulder;;;;;
gʋga;;Nom;;battue, chasse;hunting, hunt;;;Hunt and fish;waoongo2, soom-saare;
gʋɩɩga;;Adjectif;ʋ́;pas tout à fait mûr;not really ripe;;gʋɩɩse;;;
gʋɩɩlle;;Nom;ʋ́;tubercule de nénuphar, patate d'eau;water potato;;gʋɩɩla;Grass, herb, vine;;
[ʋ́] gʋɩɩnga;;Nom;ʋ́-à;arbuste (espèce) amer;shrub sp;gʋɩnga, gʋʋnga;gʋɩmse, gʋɩɩnse;Bush, shrub;;
gʋɩka;;Nom;ʋ́;hoquet;hiccough;;;;;
gʋɩke;;Verbe;ʋ́-è;hoqueter;hiccough, hiccup.;;gʋɩgse;;;
gʋɩsengʋɩɩga;;Nom;;hoquet;hiccough.;gʋsengʋʋga;;;;
gʋle;;Verbe;ʋ́;décorer en coloriant ou en gravant, écrire sur;scribble, decorate, to be decorated, scratch /write on;;;;;
gʋlgo;;Nom;ʋ́-ò;massue, gourdin;club, mace, cudgel.;;gʋndo;;;
gʋlgʋndga;;Nom;;panneau, signalisation (route);panel, road signs.;;;;;
gʋlgʋnd-gilga;;Nom;;panneau rond;round panel.;;;;;
gʋll sʋg-pɩʋʋga;;Nom;ʋ́ ʋ́-ɩ́-à;diamètre;diameter;;;Mathematics;sʋg-pʋɩtga;
gʋll yaad-bɛka;;Nom;;rayon;radius;;;Mathematics;;
gʋlle;;Nom;ʋ́-é;cerceau;hoop, circle;;gʋla;Mathematics;lo-gãnde;
gʋls mood sẽn tar koom;;Nom;;un stylo à encre;ink pen.;;;;;
gʋls-bi-bedre;;Nom;;majuscule;capital letter;;;Grammar;gʋls-bi-kẽemde;
gʋls-bi-gĩndi;;Nom;;groupe de lettres;group of letters;;;Grammar, Language and thought;;
gʋls-biis;;Nom;ʋ́-í;alphabet;alphabet;;;;;
gʋls-biis tongre;;Nom;;ordre alphabétique;alphabetical order;;;;gʋls-bi-pʋgre;
gʋls-biis yaadem;;Nom;;corps d'écriture;writing body;;;Teach;;
gʋls-bi-kẽemde;;Nom;ʋ́-ì-é-è;majuscule;capital letter;;;;gʋls-bi-bedre;
gʋls-bi-kinkirsi;;Nom;;géminées;double letter, geminate, combination of letters;gʋls-bi-yɩɩba;;Grammar, Teach;;
gʋls-bi-kɩdga;;Nom;ʋ́-ì-ɩ́-à;minuscule;lower case letter.;;gʋls-bi-kɩdse;;;
gʋls-bila;;Nom;ʋ́-í-á;lettre de l'alphabet;letter of the alphabet.;;gʋls-biisi;;;
gʋls-bi-pʋgre;;Nom;;ordre alphabétique;alphabetical order;;;Grammar;gʋls-biis tongre;
gʋls-bi-sĩndidga;;Nom;ʋ́-ì-í-í-à;lettre muette;voiceless letter;;;Grammar;;
gʋlsda;;Nom;ʋ́-á;écrivain, rédacteur;writer, author, editor;;gʋlsdba;Worker;;
gʋlse;;Verbe;ʋ́-è;écrire, inscrire, prescrire, rédiger;write, register, scribble;;;;;
gʋlsem;;Nom;ʋ́;écrit, écriture;writing.;;;;;
gʋlsg pʋgẽ nen-wamde;;expression;;comportement orthographique;orthographical behaviour;;;Grammar;;
gʋlsgo;;Nom;ʋ́-ó;façon d'écrire, écriture, rédaction;manner of writing, writing, editing, drafting;;;;;
gʋls-koom;;Nom;ʋ́ òó;encre;ink;;;;rʋba, ãnkre;
gʋls-moogo;;Nom;;stylo, bic, crayon;pen, ballpoint, pencil;;;Tool;bika;
gʋls-raoogo;;Nom;ʋ́-ò-ó;crayon, stylo;pencil, pen;;gʋls-raado;;keryõ;
Gʋls-y baoobã gom-biisã;;expression;;Saisissez les mots à rechercher;Enter the terms you wish to search for;;;computer / digital;;
Gʋls-y yãmb gom-bi zu-raadã;;expression;;Saisissez vos mots-clés;Enter your keywords;;;computer / digital;;
gʋmde;;Adjectif;;rond et gros;round and big.;;gʋma;;;
gʋm-sira;;Nom;;espèce de figuier;kind of fig tree;;;Tree;;
gʋnga;;Nom;ʋ̀-á;fromager;cotton tree, kapok tree;;gʋmse, gʋɩnse;Tree;;
gʋ-raoogo;;Nom;;espèce de plante;kind of plant;;;Grass, herb, vine;;
gʋrende;;Nom;;langue des gourense;language of the Gurense people.;;;;;
gʋrenga;;Nom;ʋ́-á;nom d'une ethnie (inclus peuvent être les lyélé, nuni, kassena et ninkarse);name of ethnic group;;gʋrense;Community;;
gʋrengo;;Nom;ʋ́-ò;territoire des Gourense;land of the Gurense people;;;Country;;
gʋrge;;Verbe;ʋ́-è;égratigner, griffer;scratch, grate sth;;;;;
gʋsengʋʋga;;Nom;ʋ̀-é;hoquet;hiccough;;gʋsengʋʋse;Disease;;
gʋsge;;Verbe;ʋ-è;arracher (plume), retirer des mains en tirant;tear out (feather, single instance), strip, draw out, withdraw, take off;;gʋse;;;
gʋ-tɩɩga;;Nom;;kolatier;cola tree;;;Tree;;
gʋvɛrneere;;Nom;;gouverneur;governor;;;Government;gofneere;
gʋʋle;;Verbe;ʋ́-è;élever;raise (animals);;;Animal husbandry;;
gʋʋlg zaka;;Nom;;ferme;farm, farmhouse;;;Agriculture;;
gʋʋlgo;;Nom;ʋ́;élevage;breeding;;;;wubri3;
gʋʋnda;;Nom;;éleveur, producteur;stockbreeder, farmer;;gʋʋndba;Worker;gʋʋn-gʋʋnda;
gʋʋn-gʋʋnda;;Nom;;éleveur;livestock farmer;;;Animal husbandry, Worker;gʋʋnda;
gʋʋre;;Nom;ʋ́-è;cola (noix de);cola nut, kola-nut;;gʋya;Food;;
ha';;Nom;á;indique la plus petite ouverture de la bouche;indicating the smallest opening of the mouth;;;;;
hable;;Verbe;;hurler;yell out, howl, scream;;;;;
habse;;Verbe;á-è;vociférer;vociferate, hurl abuse.;;;;;
hagiimd;;Nom;;pèlerinage (à la Mecque);pilgrimage (to Mecca).;;;;;
hakɩka;;Adverbe;à-ɩ́-à;véritable, vrai, juste, réel;really, genuine, real, correct, truly.;;;;;
hal;;Adverbe;á;jusqu'à (temps, distance, degré), tellement;until, up to, so much, to such a degree, as far as (time, distance or degree);;;;;
hal tɩ ta ka;;expression;;jusqu'ici;till here, so far, until now, up to here;;;;;
halaale;;Adjectif;;digne, pure, naturel, génuine;worthy, trustworthy, dignified, pure, purely, genuine, genuinely, natural, naturally.;;;;;
halhaale;;Nom;à-á-è;essence, nature, caractère;essence, nature, character;;;;yalẽ;
halɩ;;Adverbe;á;certainement, certes;without a doubt, surely;;;;;
halke;;Verbe;á-è;déprimer, démoraliser, malmener;sadden, demoralize, depress.;;;;;
ham;;Adverbe;;tout, complètement;wholly, every, completely;;;;kama, wamm;
hãmm;;Adverbe;;flambant neuf;brand-new;;;;zam-zam;
hato;;Nom;á-ò;dimanche;Sunday;;;;rimaasa;
haya;;Nom;á-à;invitation, exhortation à l'action;invitation;;;;;
he';;interj;;appel à la prudence, à la méfiance;call to prudence, suspicion.;;;;;
hɛgtogaraam;;Nom;;hectogramme;hectogram;;;Mathematics;;
hɛgtolɩtr;;Nom;;hectolitre (hl);hectolitre;hegtolitre, hegtolitri;;Mathematics;;
hɛgtometr;;Nom;;hectomètre (hm);hectometre;hegtometre;;Mathematics;;
hĩrsi;;Verbe;í-ì;braire;bray;hĩisi;;;;
hõo;1;interj;ó;voici prends;here take it.;;;;;
hõo;2;interj;;tiens !, voilà !;;;;;;
here you are! hũl-hũli;;Adverbe;;à voix basse, chuchotement;with a low voice volume, whispering;;;;vũn-vũni;
ka;1;Adverbe;á;ici, là;here, there;;;;;
ka;2;auxiliaire;á;ne pas (particule de négation), n'a pas;not (negative particle), haven't, isn't, aren't, didn't;;;;pa1;
ka;2;Verbe;;ce n'est pas;it's not;;;;;
ka;3;Verbe;;n'être pas dans un lieu, ne pas exister;not be in a place, not exist.;;;;;
ka;4;Verbe;;n'être plus, être décédé;not be any more, have died.;;;;;
ka;3;Verbe;á;écoper;bail.;;;;;
ka;4;Verbe;à;clouer, taper pour fixer;to nail, peg, hammer in, hit to fix;;;;;
ka;5;Verbe;;puiser généreusement ou plusieurs fois;draw generously or several times, to scoop water between legs (fishing);;;;;
ye;;auxiliaire;á é;n'est pas, n'a pas, ne pas (négation de «ya»), ne pas exister;isn't (negation of «ya»), hasn't, haven't, to not exist, not be there, not;;;Grammar;kae2, pa;be2
yɛs ye;;expression;;ne plus;not any more, no longer;;;;;
ka be (sẽn);;expression;;absent, qui n'est pas là, il n'y en a plus;absent, that is not there.;;;;;
ka mi (sẽn);;expression;;inconnu;unknown.;;;;;
ka mi raoa;;expression;;vierge;virgin.;sẽn ka rẽgme;;;;
ka sãnde;;expression;;vilain;ugly, nasty, awful.;;;;;
ka sek bark ye;;interj;;de rien, je vous en prie;you are welcome.;;;;;
ka toaaga;;expression;;illimité;unlimited.;;;;;
ka võore;;expression;;vaurien;good for nothing, scamp;;;;ka võor-soaba, nin-yaalga;
ka võor-soaba;;Nom;;vaurien;good for nothing, scamp, no-good;;;;nin-yaalga, ka võore;
ka yɩ;;expression;á í;n'était pas;wasn't;;;Grammar;;
ka zugu;;expression;;être cher;be expensive;;;;;
kã';;Adverbe;à;d'un coup sec et violent;a sharp and violent bash;kã'a;;;;
kãabe;;Verbe;ã́-è;jeter un sort, maudire, attirer une calamité;put a spell on, curse;;;;;
kãabe wẽnga;;expression;;maudire;utter a curse against;;;;;
kãab-kʋdgã;;Nom;;Ancien Testament;Old Testament.;;;;;
kãab-paalgã;;Nom;;le Nouveau Testament;the New Testament.;;;;;
kãab-sõngo;;Nom;;alliance sainte;holy covenant;;;;;
kãada;;Nom;á;homme marié;a married man.;;kãadba;;;
kãadba;;Nom;;couple;couple, married people, pair;;;;pok la raoogo;
kãadem;;Nom;ã́;mariage;marriage;;;;yikãadem, maryaase, furi2;
kãadem buka;;Nom;;régime matrimonial;marital property regime.;;;;;
kãadem kaset sebre;;Nom;;acte de mariage;marriage certificate.;;;;;
kãadem sãoongo;;Nom;;divorce;divorce.;;;;;
kãado;;Adjectif;ã́-ò;cru (non cuit), frais;raw, rough, not cooked;;;;;
kãad-taaga;;Nom;;conjoint;spouse.;kãad-n-taaga;;;;
kaaf ma;;Nom;á à;plante à fleurs jaunes (espèce);plant with yellow flowers;;ki ma-rãmba;Grass, herb, vine;;
kaafo;;Nom;á-ó;mil;millet;;ki;Agriculture;;
kaafr maana;;Nom;;plante (espèce), balai doux;plant sp;;;Grass, herb, vine;;
kaafr maan-pɛɛlga;;Nom;;plant (espèce);plant sp;;kaafr maan-pɛɛlse;Grass, herb, vine;;
kaafre-mande;;Nom;;espèce de plante;kind of plant;;;Grass, herb, vine;;
kãaga;;Nom;;espèce d'herbe;kind of grass;;;Grass, herb, vine;;
kãagdga;;Nom;;râteau;rake;;;Tool;;
kaage;1;Verbe;à;jeter un coup d’œil;look around, to glance;;;;;
kaage;2;Verbe;á-è;évacuer, vider un liquide;to pour out, evacuate, empty a liquid, scoop out, empty (contents);;;;;
kãage;1;Verbe;ã̀;rassembler, racler, emporter en traînant;gather, go off with something by dragging.;;;;;
kãage;2;Verbe;;montrer les dents en retroussant les lèvres;show the teeth by drawing back the lips;;;;yĩigi2;
kaalem;1;Nom;á-é;manque, absence, inexistence, défaut;shortage, absence, lack, non-existence, failing.;;;;;
kaalem;2;Nom;á-é;mort, décès;death, decease, demise.;;;;;
kaalem;3;Nom;á-é;terre retournée /remuée en cultivant;farmed land turned upside down.;;;;;
kaalem kaset sebre;;Nom;;certificat de décès;death certificate.;;;;;
kaal-lɛbgdga;;Nom;;versoir d'une charrue;mouldboard of a plough.;;;;;
kaam;1;Nom;á;huile;oil;;;;;
kaam;2;Nom;á;sorte de maladie des nourrissons;kind of disease of babies;;;Disease;;
kãamde;;Verbe;à;racler la gorge;clearing the throat;;;;;
kaame;;Verbe;à;frapper pour fixer ou enfoncer, enfoncer une pointe;hit to fix or knock in, drive in a nail / peg.;;;;;
kaam-pit-laaga;;Nom;á-í-á;sauterelle grasse;fat grasshopper.;;kaam-pit-laas e;;;
kãan-bila;;Nom;;pintadeau;guinea fowl chick;;;Animal husbandry;;
kãande;;Nom;à-é;calebassier;calabash tree;;kãana;Tree;wamde1, tũngu, tũn-kãande;
kaanẽ;;Adverbe;á;ici;here;;;;;
kãane;;Verbe;;racler, ratisser;to scrape, rake, comb, sweep.;kãale;;;;
kaanse;;Verbe;;nettoyer, débarrasser la saleté;to clean up;;;;;rẽgme
kaante lʋnga;;Nom;;courge bouteille;bottle calabash plant;kaante lɩnga;;Grass, herb, vine;kolbre;
kãan-toabga;1;Nom;;espèce de plante utilisée dans le traitement des plaies;kind of plant;;kãan-tobse;Grass, herb, vine;;
kãan-toabga;2;Nom;;plante (espèce), sansevière;plant sp;kãan-toabenga;kãan-tobse;Grass, herb, vine;;
kãanzoeere;;Nom;à-é;oiseau (espèce), pelage noir avec poitrine rouge, Gonolek de Barbarie;bird sp, Yellow-crowned Gonolek;;kãanzoeya;Bird;;
kãanzukumdi;;Nom;à-í;coléoptère (espèce);beetle sp;;kãanzukuma;Insect;;
kãan-zʋʋre;;Adverbe;á;l'un après l'autre, file Indienne;one after the other;;;;;
kaare;1;Adjectif;à-é;pelage blanc;white fur;;kaya;Colour;;
kaare;2;Nom;à-é;mouche bleuâtre;blue fly.;;kaaba;;;
kaare;3;Nom;á-è;autocar;bus;;kaya, kaar-dãmba;Travel;;
kaare;4;Nom;á;piquet;peg.;;kaya;;;
kaare;5;Nom;á-è;parcelle lotie;allotted piece of land;;kaya;Land;zĩisi (loeemse);
kãare;;Nom;á;nuque;nape, neck, the back of the head;;kãya;Body;;
kaarɩsa;;Nom;á-ɩ̀;expression de dégoût, de dédain;expression of disgust, distaste.;;;;;
kãasdga;;Nom;;herse;harrow;;;Agriculture, Tool;saremdga;
kaase;1;Verbe;á-è;pousser des cris (de pleur ou de rire), crier;shout, scream, cry out (for weeping or laughing);;;;waase2, woose;
kaase;2;Nom;á-è;fouet, cravache;whip;;;;;
kabge;;Verbe;á-è;prélever une partie d'un liquide;take some of a liquid;;kabse;;;
kãbge;;Verbe;à;brûler (nourriture), cramer en parlant de la nourriture;burn (food does), scorch speaking of food, carbonize;;kãbe;;;
ka-biiga;;Nom;á-í-á;grain de mil;millet grain.;;ka-biisi;;;
kab-kabe;;Adverbe;à;de manière agitée;hectic, agitated, restless;;;;;
kable;;Verbe;á-è;se débattre;beat off;;;;mobne2, pɩble, pɩble;
kãbne;;Verbe;;brûler (nourriture), cramer en parlant de la nourriture;burn up (food does), scorch speaking of food, carbonize.;;;;;
kabre;;interj;á-è;pardon, excuse;pardon, excuse me;;;;yaafa, gaafara;
kabse;;Verbe;á-e;frapper à la porte;to knock at the door;;;;;
ka-bulli;;Nom;á-ì;semence de mil (qui a commencé à pousser);millet seed that has started to sprout.;;ka-bula;;;
ka-butu;;Nom;;résidu, tourteau de noix de karité;residue from shea nuts.;ka-budgu;;;;
ka-buudu;;Nom;á-ú;mil servant pour semer;millet used for sowing.;;;;;
kada;;Pronom;;celui-ci;this one here, this person;;kadba;;yãoã;
kadãntiki;;Nom;;carte d'identité;identity card;;;;neng sebre, neng sebre;
kãde;;Verbe;á;broder;embroider;;;;wage1;
kadem;;Verbe;;aller à quatre pattes;crawl on all fours;;;;vũnmi;
kãdemde;;Adjectif;á;solide, ferme, mûr;solid, strong, ripe, mature;;kãdma;;kegemde, kegemde;
kadeng taoor soaba;;Nom;;administrateur;administrator;;;Government, Worker;;
kadeng tʋʋma;;Nom;;administration;administration;;;Government;kadenga1;
kadenga;1;Nom;á-à;administration;administration;;;Government;kadeng tʋʋma;
kãdenga;;Nom;á-é-à;bâtiment administratif;administrative building;;kãdense;Government, Building;;
kadengẽ;;Nom;;préfecture;prefecture;;;Government, Building;perfɛktɩɩre;
kadengẽ yel-gɛta;;Nom;;responsable administratif;administrative officer / official;;;Government, Worker;;
kaden-pʋɩtre;;Nom;á-ɩ́-é;division administrative;administrative division;;;Government;;
kãdga;;Nom;;babouin, chimpanzé;baboon;wãam-kãdga, kãdre;kãdse, kãda;;wãam-kãdga;
kãdge;1;Verbe;à;égratigner;scratch, to graze (skin damage);;kãade, kãdse;;;
kãdge;2;Verbe;à;atteindre la pleine maturité;arrive at full maturity;;;;;
kãdre;;Adjectif;á;crasseux;dirty.;;kãda;;;
kae;1;Nom;á;mil germé;germinated millet, malt;kɛ;;Agriculture;kaya;
kae;2;Verbe;;ne pas être là, manquer, ne pas exister, faire défaut;not be there, not exist, be missing, lacking;;;;ka;
kae;3;Verbe;á;bouillir;boil, come to boil, be boiling.;kɛ;;;;
kae;4;Adverbe;à;alors, donc, bien sûr, bien entendu;now then, surely.;kɛ;;;;
kãeega;;Nom;;cheval au pelage noir luisant;black horse;;kãeese;Animal husbandry;;
kaeege;;Verbe;á-è;bouillir (faire);boil (get something to), to boil sth., bring to the boil;;;;;
kãenkãe;;Adverbe;;fermement, solidement;firmly, tightly, solidly, securely;;;;;
kafaabo;;Adverbe;à-ó;rester sans suite;remain without consequences;;;;;
kafaoogo;;Nom;á-ó;coucal du Sénégal, oiseau (espèce);Senegal Coucal, bird sp;;kafaado;;bʋdb-tuu-tuu, faoogo1;
kafaorʋ;;Nom;à;vantardise;boastfulness, bragging.;kafarʋ, kafarem;;;;
kafe;;Nom;à;café;coffee.;;;;;
kafika;;Nom;à-á;éventail tissé avec des feuilles du rônier;fan made of palm tree leaves.;;kafigsi;;;
ka-fɩɩbre;;Nom;á-é;enveloppe du grain de mil;millet grain husk.;;ka-fɩɩba;;;
kaga;;Nom;à-á;crasse;grime, scum, dirt, crud.;;;;;
ka-galem;;Nom;;charbon;anthrax;;;Disease;zalem;
kãg-bila;;Nom;;bosquet;grove;;;Tree;;
kagdga;;Nom;á;arbre (espèce);tree sp;;kagdse;Tree;;
kagdge;;Verbe;à;mettre / poser de manière croisée;put in a crossed manner, to lay, put things crosswise, arrange (things) crosswise.;kagle;kage;;;
kage;;Verbe;á;encrasser;encrust, to lay, arrange (things) crosswise.;;;;;
kãge;;Verbe;á;densifier;get more dense, to thicken, get dense / thick;;;;;
kãgemde;;Verbe;à;rester à travers de la gorge;remain across in the throat;;;;;
kãgendo;;Nom;á;morve séchée;dried snot.;;;;;
kãgenga;;Nom;;espèce d'arbre;kind of tree;kãngre;;Tree;kãongo1;
kagfo;1;Nom;;durillon, ganglion, kyste;callus, lymph node, ganglion, cyst;;;Disease;zulfu;
kagfo;2;Nom;á-ò;fruit du detarium microcarpa;fruit of the detarium tree.;;kaga;;;
kagle;1;Verbe;à;poser / mettre de manière croisée;put in a crossed manner, arrange (things) crosswise.;kagdge;kage;;;
kagle;2;Verbe;á-è;croquer en faisant du bruit;crunch in a noisy manner.;;;;;
kagle;3;Verbe;á-è;s'affairer dans la cuisine;be busy in the kitchen, bustle.;;;;;
kaglem-toɛɛga;;Nom;à-á;arbuste (espèce);shrub sp;kalgem-toɛɛga, kalem-toɛɛga;kalgemtoeese;;kʋlga-toɛɛga;
kãgne;;Verbe;à;être croisé, être en travers;be crossed / cruciform, to cross (each other).;kãgle;;;;
kãgre;;Nom;á;fourré, forêt, touffu, présence de beaucoup d'arbres, d'herbes;thicket, forest, woods;;kãga;Tree, Land;;
kãgse;;Verbe;à;racler (la gorge);to clear one's throat.;;;;;
kãgsendo;;Nom;à-é-ó;crachat;spittle, gob.;;;;;
kãgsre;;Nom;à-á;crachat;spittle.;;kãgsa;;;
kagte;;Nom;;carte;card, map, chart.;;;;;
ka-gũudu;;Nom;;mildiou;mildew;;;Agriculture;ka-wãoodo;
kaka;;Nom;à-á;bracelet porté au-dessus du coude;bracelet worn above elbow;;kagse;Adornment;;
kakaduru;1;Nom;;espèce de plante;kind of plant;;;Grass, herb, vine;;
kakaduru;2;Nom;;gingembre;ginger;;;Food, Grass, herb, vine;;
kãkãnaose;;Nom;;plante (espèce);plant sp;;;Grass, herb, vine;;
kakanga;;Nom;;arbre (espèce), figuier sauvage, sycomore;tree sp, fig tree;kãnkãnga, kankanga;kakamse;Tree;;
kake;1;Verbe;à;soutenir, renforcer, retenir;uphold, support, strengthen, maintain.;;;;;
kake;2;Verbe;á-è;errer, vagabonder;err, ramble, idle around.;;;;;
kake;3;Verbe;à;tapoter;strike smartly;;;;;
kake;4;Verbe;á-è;débiter, réciter rapidement sans s'arrêter;utter, recite quickly without stopping.;;;;;
kakemsalle;;Nom;á;arbuste (espèce) utilisé en décoction pour purger les enfants;shrub sp;;kakemsala;Bush, shrub;;
kakenyalle;;Nom;;cafard;cockroach;kakyalle;kakenyala;;yalle, kak-yalle;
ka-kɛɛre;;Nom;á-é;récolte / moisson du mil;millet harvest.;ka-keere;;;;
kak-ma;;Nom;;espèce d'arbre;kind of tree;;;Tree;;
ka-koaada;;Nom;á-à;cultivateur, paysan (lit;;;ka-koaadba;Agriculture, Worker;koaada;
kak-yalle;;Nom;;cafard;cockroach;;;Insect;kakenyalle, yalle;
kalamde;1;Nom;á-é;plante à bulbe qui grandit au début de la saison des pluies;corn plant growing at the beginning of the rainy season;kalandre;kalama;Grass, herb, vine;lamde2;
kalamde;2;Nom;á-é;fausses nouvelles, fausse affaire;untrue news, wrong / false matter.;;kalama;;;
kalãndirye;;Nom;á;calendrier;calendar;;;;da-bʋrga;
kale;1;Nom;à;fabriquer une corde, tresser;plait a rope, braid, weave (a rope, cord);;;;;
kale;2;Verbe;á;monter lestement sur;climb agilely on.;;;;;
kale;3;Verbe;á;caler, retenir ou bloquer avec une cale;chock up.;;;;;
kalembãnga;;Nom;à;bracelet en fer avec des boucles par endroits, bracelet torsadé;bracelet of iron, twisted bracelet;;kalembãense;Adornment;kam-bãnde;
kalemde;1;Nom;á-é;pirouette;pirouette.;;kalma;;;
kalemde;2;Verbe;à;croiser (mains ou pieds);cross (arms or legs).;;kale;;;
kalemde;3;Verbe;á-è;avaler facilement;swallow easily.;;;;;
kalɛoka;;Nom;à-á;cache-sexe féminin;women's loincloth, underwear;;;Clothing;;
kalga;;Nom;á-à;gerbe, motte;sheaf, cluster, bunch;;kalse, kala;;killi, gĩndi;
kalgãnga;;Nom;à-á;bracelet en paille;straw bracelet;;kalgãense;Adornment;;
kal-gem-toɛɛga;;Nom;;espèce d'arbre;kind of tree;;;Tree;;
kalgemtoɛɛga;;Nom;;espèce d'arbuste;kind of shrub;kaglem-toɛɛga;kalgemtoeese, kalgem-toeese;Bush, shrub;;
kalidri;;Nom;á-ì;herbe fine /mince (espèce) utilisée par les oiseaux pour construire leurs nids;thin grass sp;;kalida;Grass, herb, vine;lidri, liuul saaga;
ka-liungu;;Nom;á-ú;période, lieu où la hauteur du mil dépasse la taille d'une personne;time, place when the millet is taller than a person;ka-lingu;;Agriculture;;
kalka;;Nom;á-à;lit fait de tiges de bois;bed made of wood sticks.;;;;;
kal-kando;;Nom;;pâte d'arachide;groundnut paste;kalkando;;;nangur-n-bẽedo, tɛgdɛgɛ;
kal-koonde;;Nom;á-é;sauce composée de soumbala, de sel et d'eau;sauce made of dawadawa seasoning, of salt and of water;;;Food;;
kal-kudgu;;Nom;;espèce d'arbre;kind of tree;kar-kudga;;Tree;;
kalle;;Verbe;à;falloir;has to, is necessary;;;;;
kalme;;Verbe;à;mélanger, malaxer;to mix, knead, associate with;kalem;;;gẽdme;
kal-pɛka;;Nom;á-à;grains de néré cuits et lavées;dawadawa seeds cooked and washed.;;kal-pegse;;;
kalsaka;;Nom;á-á-à;arbuste (espèce);shrub sp;;kalsagse;Bush, shrub;;
kalse;1;Verbe;á-è;ranger par tas, par bottes;put in order, tidy up, pile up in heaps, to lay things out, set in place, in piles.;;;;;
kalse;2;Verbe;á-è;manger insuffisamment;not eat enough.;;;;;
kalwaare;;Nom;à-á;grosse criquets qui se déplace en bande et ravage les plantes;big locust that moves in groups and destroys plants.;;kalwaya;;;
kalwaase;;Nom;á-è;cravache, fouet;riding whip, whip.;;kalwaas-rãmba;;;
kalwẽdga;;Nom;à-é-à;iniquité (en usant d'une ruse);iniquity (using wiles, tricks).;;kalwẽdse;;;
kal-yãaga;;Nom;à-à;herbe (espèce);grass sp;kal-yãanga;;Grass, herb, vine;;
kãl-yãanga;;Nom;;arbuste (espèce);shrub sp;;;Bush, shrub;sɩlkoore;
kalyãka;;Nom;á-à;arbuste (espèce);shrub sp;;kalyãgse;;sɩlkoore;
kalyãnga;;Nom;á-à;espèce d'arbuste épineux, fruit d'arbuste;kind of thorny shrub, fruit of shrub;kalyãtga;kalyãense, kalyãynse;Bush, shrub;lamboɛtga;
kama;;Adverbe;á;tout, complètement;wholly, every, completely;;;;ham, wamm;
kãma;;Adverbe;;tout neuf;completely new;;;;yoama;
kamaana;;Nom;;maïs;corn, maize;;;Food, Grass, herb, vine;;
kamaan-daoogo;;Nom;;préfet;prefect;;;Government, Worker;perfɛ, perfe;
kamaande;;Nom;á-é;épi de maïs;maize, sweet corn;;kamaana;Food;;
kamaanga;;Nom;á-á;champ de maïs;maize field;;kamaense;Agriculture;;
kamaan-lamboeemdo;;Nom;;barbe de maïs;corn silk.;;;;;
kamaan-no-bĩndu;;Nom;;épi de maïs dont les grains sont multicolores;corn with different colours;;;Food, Agriculture;kamaan-wãoore;
kamaan-wãoore;;Nom;á-à-é;épi de maïs dont les grains présentent des couleurs différentes;corn with different colours;;kamaan-wãoa;Food;kamaan-no-bĩndu;
kamaan-zũndu;;Nom;;barbe de l’épi de maïs;corn silk.;kamaan-zoob-zũndu;;;;
kamande;;Nom;á-é;sardine;sardine;ka-mande;;Fish;;
kamb zĩ-roaadga;;Nom;;panneau sécurité enfants;caution children playing;;;7;;
kamba;;Nom;à-á;enfants;children;koamba;;Person;;
kam-bãnde;;Nom;à-á;bracelet en fer;iron bracelet;;kam-bãense;Adornment;kalembãnga;
kam-bõanga;;Nom;;soldat, militaire;soldier, military person;;;;sodaaga;
kam-bõndo;;Nom;;service militaire;military service;;;;sodaare;
ka-mi-sebre;;Nom;;illettré;illiterate;;;Teach;sebr zõanga;
kamiyõ;;Nom;;camion;lorry, truck;;;;mobilli, lo-bedre;
ka-moaaga;;Nom;á-á;beurre de karité (recette mossi);shea butter (Mossi recipe).;;;;;
kampẽbre;;Nom;à-é;plante donnant des petites tubercules sucrées;plant producing small sweetish fruits;;kampẽba;Food, Agriculture;;
kampẽo;;Nom;à-é;herbe (espèce);grass sp;;kampẽo-rãmba;Grass, herb, vine;;
kamsãoogo;;Nom;à-ó;figuier (espèce);kind of fig tree;;kamsãado;;kãnkãsĩiga, kãnkãsĩiga;
kamse;1;Verbe;á-è;appeler d'un geste de la main, faire signe;call with a gesture with the hand, signal, to beckon to sb., to wink at sb;kãmse;;;;
kamse;2;Verbe;à;réunir en un seul point, rassembler;gather into one single place;;;;;
kãmse;1;Verbe;á-è;cligner les yeux;blink the eyes.;kamse;;;;
kãmse;2;Verbe;á-è;appeler d'un signe de la main;call by a sign of the hand;;;Body;;
kam-sõngo;;Nom;;espèce d'arbre;kind of tree;;;Tree;;
kamweerse;;Nom;;rhumatisme;rheumatism;kam-werse;;Disease;kõb-ra-wɛrma2;
kam-werse;;Nom;à-é-è;rhumatisme des os;rheumatism of bones;;;Disease;kõb-ra-wɛrma1;
ka-naka;;Nom;á-á;haricot rouge (espèce);red beans sp;;ka-nagse;Food;ka-nanga2;
ka-nanga;1;Nom;á-á;forficule, perce-oreille;earwig.;kara-nanga;ka-namse;;;
ka-nanga;2;Nom;;haricot rouge;read bean;kananga;ka-namse;Food;ka-naka;
kãnde;;Nom;ã́;lance;spear;;kãna;Tool;;
kãndibga;;Nom;à-á;hampe d'une lance;pole of a spear;kãndɩbla;kãndibsi;;rõde;
ka-neda;1;Nom;á-à;plante (espèce), séné du Sénégal, faux sené;plant sp, henna;;;Grass, herb, vine;;
ka-neda;2;Nom;á-à;individu sans soutien, sans parent ou ami pour le défendre;person without supporting people to help him.;;ka-neba;;;
kaneda;;Nom;;plante (espèce);plant sp;ka-neda;;Grass, herb, vine;;
ka-nedemdo;;Nom;á-ó;sans soutien, fait d'être esseulé, sans parent;without support, being alone, without relatives.;ka-nedengo;;;;
ka-ned-ma tɩɩga;;Nom;;espèce d'arbre;kind of tree;;;Grass, herb, vine;;
ka-neem;;Nom;á-é;graisse, beurre fondu, non encore coagulé;grease, melted fat, not yet caked;;;;ka-taoko;
kãnegda;;Nom;à-á;calomniateur;person who slanders.;;kãnegdba;;;
kãnege;;Verbe;ã̀;calomnier, mettre en conflit en rapportant des propos mensongers, diffamer;to slander sb;;kãnese;;;
ka-nenem;;expression;á-é;invisible;invisible.;ka-nere;;;;
kãnenkãaga;;Nom;à-á;guêpe (espèce);wasp sp;;kãnenkãase;Insect;;
ka-nere;;expression;á-é-è;transparent;transparent, see-through;;;;;
kanga;;Nom;á;bras;arm;kãnga;kamse;Body;;
kãnga;1;démonstratif;á-á;ce ..;;kãongo;kãense, kãynse;;kãongo2, kõngo;
kãnga;2;Nom;ã́;bras;arm;;kãmse;Body;;
kãnkãe;1;Adverbe;;solide;solid, strong.;;;;;
kãnkãe;2;Nom;;situation difficile;difficult situation;;;;;
kãn-kalga;1;Nom;;espèce d'arbre;kind of tree;kã-kalga;kã-kalse;Tree;;
kãn-kalga;2;Nom;ã́-á-à;arbre (espèce);tree sp;kã-kalga;kãkalse;Tree;;
kankam pɛɛlga;;Nom;;espèce de figuier;kind of fig tree;kakam pɛɛlga;;Tree;kʋnkʋɩɩga2;
kankamde;;Nom;à-é;figue, fruit du kankanga;wild fig sp, fruit of the fig tree;;kankama;Food;;
kankanga;;Nom;à-á;figuier;local wild fig tree sp;kãnkãnga;kankamse;Tree;;
kankan-sẽnga;;Nom;;espèce de figuier;kind of fig tree;;;Tree;;
kãnkãoko;;Nom;;sorgho rouge;red sorghum;kẽoogo, kẽokẽoogo;kãnkãgdo;Food, Grass, herb, vine;karaaga;
kãnkãre;;Nom;ã̀-ã́-è;tige de mil;millet stalk;;kãnkãya;Parts of a plant;;
kãnkãsĩiga;;Nom;á-á;arbre (espèce);tree sp;;kãnkãsĩisi;Tree;kamsãoogo, kamsãoogo, wom-sɛɛga;
kãnkã-sɩɩdo;;Nom;;canne à sucre;sugar cane;;;Food;;
kãnkã-vigri;;Nom;à-á-ì;souche de tige de mil;stump of millet stalk.;;kãnkã-viga;;;
kãn-kõasga;;Nom;;crochet d'une lance;hook of spear.;;kãn-kõsse;;;
ka-noore;;Nom;á-è;poisson (espèce);fish sp;;ka-noyã;Fish;yalgenfo;
kan-sablga;;Nom;;espèce d'arbre;kind of tree;;;Tree;;
kãn-tĩiga;;Nom;;ténia;tapeworm;kã-tĩiga;;Small animals;zade, zãdre;
kan-tɩɩga;;Nom;à-ɩ̀-á;avant-bras;forearm;;;Body;kãtɩzoobre;
kãntɩɩga;;Nom;ã̀-ɩ́;coude;elbow;;kãntɩɩse;Body;;
kãntoaabga;;Nom;;plante (espèce);plant sp;;;Grass, herb, vine;peende2;
kan-toabga;;Nom;;espèce de plante;kind of plant;;;Grass, herb, vine;;
kãn-tʋbre;;Nom;à-é;lame, fer d'une lance;blade, spearhead.;;kãn-tʋba;;;
kao;1;Verbe;à;casser, rompre (plusieurs choses rigides et longues);break (several long and rigid things);;;;;
kao;2;Verbe;;penser, croire, déduire que;think, believe, deduce that ..., gather;;;;;
kao bʋʋdo;;Verbe;;mettre fin au discussions par un verdict, juger;end a discussion by a verdict, judge;;;;;
kãobengo;;Nom;á;nourriture cramé et/ou attachée au fond de la marmite;scorched food at the bottom of the cooking pan;kãobgo, kãoonego;kãbendo;Food;;
kaoglgo;;Adjectif;á;gros, dodu;fat, plump, chubby, tubby;;kagendo;;;
kaoko;;Adverbe;áo-ò;complètement seul;completely alone;kaoo;;;;
kaolgo;;Nom;á-ò;soumbala, condiment fait des grains de néré;dried dawadawa seeds boiled and kneaded into balls for use in cooking, dawadawa seasoning, African maggi;kaolgre, kalgo;kando;Food;;
kaolkaondgo;;Nom;ào-áo-ò;tourteau d'arachide ou de sésame;cookie / biscuit / cracker made of peanuts or sesame;;kalkandedo, kalkando;Food;;
kãongo;1;Nom;ã́;arbre (espèce);tree sp;kãgenga;kãondo;Tree;kãgenga;
kãongo;2;Pronom;áo;ce, cet, cette;this;;;;kãnga1, kõngo;
kãoobgo;;Nom;á;récolte (de mil);harvest (of millet and sorghum);;;Agriculture;kẽoobgo, kẽebgo;
kaoobo;;Nom;;verdict, jugement;verdict, judgement;;;;;
kãooga;;Nom;á;qui n'a pas eu d'enfants (femme);that had no child (woman), childless.;;kãoose;;;
kaooge;;Verbe;à;casser, rompre une chose;break one thing;;;;;
kãoogo;1;Nom;;dernier;last;;kãto, kãado;;;
kãoogo;2;Nom;à;potasse sous sa forme solide;potash in its solid form.;;kãodo;;;
kãoogo;3;Adjectif;à;sans enfants pour n'en avoir pas eu;childless, not having had children;;;;;
kãoogo;4;Adjectif;;non-mûr, ne pas cuit, frais;unripe, raw, fresh;;kãado;;;bɩɩnga
kaoole;1;Verbe;áo-è;s'accorder, s'entendre, prendre un engagement avec quelqu’un;to agree, to get on with sb, have a commitment, to come to an agreement;;;;sede, sare2;
kaoole;2;Verbe;à;prendre brusquement feu, brûler intensivement;to blaze up (fire does), make fire blaze up, to burn fiercely;kaoolge;;;piuugi;
kaoolgo;;Nom;á;manque, absence;lack, shortage, absence.;;;;;
kaoolle;;Adjectif;áo;ferme, solide;firm, solid;;kaoola;;;
kãoondaobgo;;Nom;;espèce de plante à écorce fibreuse;kind of plant.;;kãandabdo;;;
kaoongo;;Adjectif;áo;cassé, brisé;broken;;kaoondo;;;
kãoongo;1;Nom;ã́-ó;pintade;guinea fowl;kãango;kĩini;Animal husbandry, Bird;;
kãoongo;2;Nom;ã̀-ó;plantes grimpantes formant souvent un bosquet;climbing plants.;;kãando;;;
kaoore;;Nom;á;fracture, rupture, interruption;fracture, break, interruption;;kaoa;Disease;;
kãoore;;Nom;á;plaque de potasse, sel;potash slab.;;;;;
kaoose;;Verbe;à;durer, retarder, prendre du temps;retard, delay, take a lot of time, be late, keep-long;;;;;
kaoosgo;;Nom;ào-ó;retard, longue durée, temps passe;time lag, long time;;;;;
kaorengo;;Nom;à-ó;lecture;reading;karengo;;Teach;;
kaorgo;1;Nom;áo-ò;haie de sékos /paille;fence made of straw mats.;;kardo;;;
kaorgo;2;Nom;ào-ó;oiseau (espèce);bird sp;karolgo;kardo;Bird;;
kaorgo;3;Nom;;pelle à vanner;winnowing fork;;;Tool;;
kaosengo;;Nom;á;aînesse, autorité du doyen;seniority.;;;;;
kapẽbre;;Nom;à-é;herbe (espèce);grass sp;;kapẽba;Grass, herb, vine;;
kapidgu;;Nom;;ruche;beehive;;;;;
kapiudgu;;Nom;á-ú;cage en paille pour poussins;straw cage for chicks;;kapitu;;kompidgu;
ka-poko;;Nom;á-ó;jeune plante de mil;young millet plant;;ka-pogdo;Agriculture, Grass, herb, vine;;
kapote;;Nom;;capote, préservatif;condom.;;;;;
ka-puum;;Nom;;petits poils d'herbe provoquant des démangeaisons, balle, vannure;small grass elements provoking itches, chaff, husk;;;;wudgu;
ka-pʋga;2;Nom;;hydropisie, ascite;dropsy, abnormal accumulation of fluid in the circulatory system or within the tissues or cavities of the body, ascites;;ka-pʋse;Disease;;
ka-pʋga;;Nom;;mil en épiaison;millet plant in the process of producing corn;;ka-pʋse;Agriculture, Grass, herb, vine;;
karaaga;;Nom;á-á;sorgho rouge;red sorghum;kẽoogo;karaase;Food;kãnkãoko;
ka-raoogo;;Nom;á-ó;tige de mil;millet stalk;;ka-raado;Parts of a plant;;
karasga;;Nom;à-á-à;papier;paper;;karasse;;sebre;
karbadga;;Nom;;galop;gallop.;;;;;
kare;;Verbe;á;tracer des lignes, écrire;to mark lines, trace lines, write.;;;;;
kãre;;Nom;;infinitif;infinitive;;;Grammar;yɛtg pʋdbo, yet-kãre, yɛtg yʋ-peelle;
karem;;Verbe;;enseigner;teach.;;;;;
karemda;;Nom;;lecteur;reader;;;Teach;;
karem-n-tõke;;Nom;à-è-ó-è;liaison;liaise, liaison;;;;;
karem-toaaga;;Nom;;espèce d'arbuste;kind of shrub;;;Bush, shrub;;
karen-bi-bedre;;Nom;;étudiant;student;;;Worker;;
karen-biiga;;Nom;à-í;élevé, écolier, étudiant;pupil, schoolchild, schoolboy, schoolgirl, student, learner;;karen-biisi;Teach;;
karen-doogo;;Nom;à-ó;école (bâtiment), salle de classe;school, classroom;;karen-doto;Teach, Building;;
karenga;;Nom;à-á;pou (pl;;;karense;Insect;;
karengo;;Nom;à-ó;lecture, enseignement;reading, teaching;kaorengo;;Teach;;
karen-saamba;;Nom;à-á;enseignant, animateur, pasteur;teacher, pastor;;karen-saam-dã mba;Worker;;
karentɛ;;Nom;á-ɛ́;coupe-coupe, machette;cutlass, machete;karenkɛ;karentɛ-rãmba;Tool;tarenkɛ, tar-n-kɛ;
karenzĩ;;Nom;à-í;pétrole;petroleum, kerosene;;;;petrolle, bug-koom;
karẽsaam-daoogo;;Nom;;maître, enseignant;male teacher.;;;;;
karẽsam-poaka;;Nom;;maîtresse, enseignante;teacher;;;Worker;;
karga;1;Nom;á;membre inférieur, jambe;leg, foot;;karse;Body;naoore1, naolʋlle, nao-lʋlle;
karga;2;Nom;;roue;wheel;;;Travel;naoore1;
karge;;Verbe;á-è;tracer une ligne;trace a line, to mark a line;;karse, kare;;sõoge1;
karɩ;;Adverbe;á;par jets;squirt, jet.;;;;;
kar-keoko;1;Nom;à-éo-ò;estropié;cripple;;kar-kɛgdo, kar-kegdo;Sick;woabga;
kar-keoko;2;Nom;;un boiteux;a lame person;;;Sick, Person;;
kar-koɛɛnga;;Nom;à-ó-à;tibia, péroné, os de la jambe;shin-bone, tibia, fibula;;kar-koeemse;Body;;
kar-lʋlga;;Nom;à-ʋ́-à;mollet;calf;kar-lʋmde, kar-loadga;kar-kʋlse;Body;na-tĩiga, loadga;
karme;;Verbe;à;lire, étudier, être un étudiant;read, study, to be a student;;;;;
karota;;Nom;;carotte;carrot.;;;;;
karse;1;Verbe;á-è;tracer des lignes;trace lines.;;;;;
karse;2;Verbe;;pleuvoir un peu;rain lightly, fine rain;;;;minisi, kiigi, kidgi;
karsẽebga;;Nom;á-é-á;cigale;cicada;;karsẽebse;Insect;sẽebo3, sẽoobgo, ka-sẽoobgo, sẽoonego1;
karu;;Nom;à-ú;maladie qui attaque les chevaux;disease attacking horses;;;Disease;;
kar-yende;;Nom;à-é-è;unijambiste;person with only one leg.;;;;;
karzaka;;Nom;à-á-à;tamis;sieve;;karzagse;Tool;tẽme, goaadga;
kasa;;Adverbe;à;d'un coup sec;a hard blow / crack;kass;;;;
ka-saabo;;Adjectif;;éternel;eternal, endless.;;;;;
kasaabo;;Nom;à-á-ò;boubou;long traditional garment, robe.;;kasaabse;;;
ka-sãna;;Nom;;sorgho (espèce);sorghum (kind of);;;Agriculture, Grass, herb, vine;ka-sõngo;
ka-sãnde;;Nom;;épi de mil plein de grains;millet or sorghum ear;;ka-sãna;Grass, herb, vine;;
kasem;;Nom;;aîné, grand frère, grande sœur;older brother or older sister;;;;;
kãsem;;Nom;;aîné;oldest;kãsma;kãsemba;Relationships;;
kasemde;;Adjectif;á;grand, aîné(e);big, senior;kãsemde, kasenga;kasemse;;;
kãsemde;;Adjectif;á;grand, énorme;big, huge, immense;kasemde;kãsma;;;
kasenga;;Adjectif;á;aîné;senior, oldest;;kasense, kasemse;;;
kãsenga;;Adjectif;á;grand;big, large;kasenga;kãsemse;;;
kaseng-sãa-nenga;;Nom;;espèce d'arbuste;kind of shrub;;;Bush, shrub;gel-põosre;
kasenkaoore;;Nom;á;oiseau (espèce);bird sp;;kasenkaoa;Bird;nakomsugri;
ka-sẽoobgo;;Nom;;cigale;cicada;;;Insect;sẽoonego1, sẽebo3, sẽoobgo, karsẽebga;
kaset sebre;;Nom;à-é é-è;reçu, quittance;receipt, bill;raab kaset sebre;;;yaoob kaset sebre;
kaset seb-tũnugdga;;Nom;à-é é-ú-ú-à;bordereau d'expédition, bordereau de livraison;delivery note/slip, bill of delivery.;;;;;
kaset sɛba;;Nom;à-é ɛ́-à;pièces justificatives;credentials.;;;;;
kaseto;;Nom;à-é-ò;témoignage, preuve, garantie;testimony, proof, guarantee, warranty, witness, evidence, supporter in a court-case.;;;;;
kaset-soaba;;Nom;;témoin;witness, eyewitness, supporter in a court-case.;;kaset-rãmba;;;
kasge;;Verbe;á-è;racler;scrape off;;kase;;yosge;
kãsge;;Verbe;à;casser, rompre en tirant, déchirer;break, break by pulling, to tear sth;;kãse;;;
kasɩ;1;Adverbe;à;fort et sèchement;hard and abruptly / sharply;kass, kãss;;;;
kasɩ;2;Adverbe;á;complètement;completely;;;;soyy2, fass;
kasɩ;3;Adverbe;á;net, propre;neat, clean.;kas-kasɩ;;;;
ka-sɩɩdo;;Nom;;rouille du mil;millet rust.;;;;;
kasɩya;;Nom;;acacia;acacia tree;;;Tree;;
kaskasga;;Nom;á-à;insolence, impudence;insolence, impudence.;;kaskasse;;;
kasma;;Nom;á;aîné, grand par aînesse;senior, oldest, important because of seniority, adulte, grown-up person;kãsma, kasemba;kasem-dãmba;;;
kãsma;;Nom;á;aîné, ancien, adulte;senior, oldest, elder, senior member, adult;kasma;kãsemba;;;
ka-sõngo;;Nom;;sorgho pour semer;sorghum;;;Grass, herb, vine;ka-sãna;
kasre;;Nom;;grande couverture en laine;big wool blanket.;;kasa;;;
kãsre;;Adjectif;ã́;vert (non mûr);green (not yet ripe), unripe;;kãse, kãsa;;;bɩɩnga, bɩgemde
kasrolle;;Nom;;casserole;pan, saucepan.;;;;;
kãta;;Nom;à-á;champs aux abords des maisons;fields in the surroundings of the houses;;;Agriculture;;
ka-taoko;;Nom;;graisse;fat;;;;ka-neem;
ka-ta-taare;;Nom;á;infériorité;inferiority.;;;;;
katem;;Nom;à;gloutonnerie, gourmandise;gluttony, weakness for good food;;;;yão-beedo;
kãtemde;;Adjectif;à-é;robuste, gros;tough, sturdy, fatty;;kãtma;;;
katenwerenga;;Nom;á-á;champ nouvellement défriché;field newly /recently cleared;;katenwerense;Agriculture, Land;;
ka-tikimdi;;Nom;;tige de mil comportant plusieurs épis;millet stalk having several ears;;ka-tikma;Agriculture, Grass, herb, vine;;
ka-tɩrlem tʋʋma;;Nom;;l'injustice;unrighteousness;;;;;
kato;;interj;á;expression de désolation, «malheur !»;expression of desolation, sadness, «woe!», wow.;kayto, aba, yee;;;;
katrfeoogo;;Nom;à-ó;herbe (espèce);grass sp.;;katrfeedo;;;
katr-gĩila;;Nom;;espèce de plante aquatique;kind of water plant;;;Grass, herb, vine;;
katr-muka;;Nom;;espèce d'arbre;kind of tree;;;Tree;;
katr-nanguri;;Nom;;plante (espèce);plant sp;;;Grass, herb, vine;sʋgdre;
katrpõaaga;;Nom;à;arbre / fruit (espèce);tree sp;katrpoaanga, poaloaanga, katre faaga;katrpõose, katrpoense;Tree;poaloaanga, katr-poondo;
katr-poondo;;Nom;;arbre / fruit (espèce);kind of tree and its fruit;;;Tree;katrpõaaga;
katr-siili;;Nom;;espèce de plante;kind of plant;;;Grass, herb, vine;;
katr-tabre;;Nom;;espèce de plante;kind of plant;;;Grass, herb, vine;;
katrweoko;;Nom;á-ò;coque de la noix de karité;husk of Shea nut, Sheanut-shell.;katrweko, watrwɛka;katrwegdo;;;
katrwɛka;;Nom;;espèce de plante;kind of plant;katr-wẽka;;Grass, herb, vine;;
katrwɛka-raaga;;Nom;;espèce de plante;kind of plant;;;Grass, herb, vine;;
ka-võore;;Adjectif;;absurde;absurd.;;;;;
ka-wãoodo;;Nom;;mildiou;mildew;;;Agriculture;ka-gũudu;
kaweem;;Nom;á;eau de mil germé;water of germinated millet.;kawɛɛm;;;;
kawɩla;;Adverbe;à-ɩ́;en équilibre (sans soutien de la main);well-balanced (without help form hands);;;;wɩla1;
kaya;;Nom;á-à;mil germé;germinated millet;;;City;kɛ2, kae1;
ka-yam-dãmba;;Nom;;insensés;fouls.;;;;;
kaye;;Nom;;cahier;notebook.;;;;;
ka-yelle;;Adjectif;;innocent;innocent;;;;bʋʋm soaba;
kazaaka;;Nom;à-á-á;corbeille à trous;basket with holes;zaaka;kazaagse;Container;yʋlga1;
ka-zẽega;1;Nom;á-á;sorgho /mil rouge;red sorghum;;ka-zẽese;Food;;
ka-zẽega;2;Nom;;sorgho rouge;red sorghum;;;Food, Grass, herb, vine;;
ka-zom;;Nom;;cheval blanc-sale;whitish horse;;;Mammal, Animal husbandry;wed-pelle;
kã-zoobre;;Nom;à-ó;guêpier à rouge-gorge;Red-throated Bee-Eater;;kã-zoaaba;Bird;;
ka-zugu;;Nom;;toute sortes de sorgho;sorghum.;;ka-zutu;;;
ka-zʋɩ;;Nom;;espèce de mil;kind of millet;;;Food, Grass, herb, vine;;
kazʋre;;Nom;;petit mil;millet;;kazʋya;Food, Agriculture, Grass, herb, vine;;
kazʋy;;Nom;á;petit mil, mil chandelle;millet;kazʋɩ;;Food;;
ke;;Verbe;è;couper une ou plusieurs choses en donnant plusieurs coups;cut one or several things wit several hits.;;;;;
kẽ;1;Verbe;ẽ̀;entrer;to enter, go in;;;;;wudi, yi1
kẽ;2;Verbe;ẽ̀;être en relation avec (généralement de parenté);be in relation with (kin);;;;;
kẽ samde;;Verbe;è á-è;emprunter;to loan, lend, borrow, raise a loan;;;Money;;
kẽ sʋka;;Verbe;;intervenir;intervene.;;;;;
kẽbge;;Verbe;è;couper, sectionner (une fois);to chop, chip sth;;kẽbse, kẽebe;;wõrge1;
kebre;;Adjectif;è-é;vigoureux, audacieux;vigorous, bouncy, hardy, intrepid;;kɛba;;;
kedbe;;Verbe;è;bouger, déplacer;to shift, move sth., dislodge, relocate.;;;;;
kedbre;1;Adjectif;é;penché, de travers;tilting;;kɛdba;;;
kedbre;2;Nom;;clavicule;clavicle, collar-bone;;;;yedbre;
kẽde;;Verbe;;faire bouillir et réduire le volume par évaporation;to boil sth;;;;;
kedemde;;Verbe;è;bouger, déplacer légèrement, se tourner;to move sth., slightly dislocate, turn around;;;;;
kedge;;Verbe;è;se tourner;turn, turn round, to turn askew;;kedse;;;
kedg-tɩ-na-pagb-looge;;Nom;;espèce d'herbe dont les feuilles se plient lorsqu'on les touche [lit;;;;;;
kedme;;Verbe;è;se déplacer, bouger;dislocate, move (self);;;;;
kẽebe;;Verbe;;couper, sectionner prestement, récolter;to chop, chip sth;;kẽbse;;;
kẽebgo;;Nom;;récolte;harvest;;;;kood rɩkre, koodã biisi, tigsgu, kẽoobgo, kãoobgo;
kẽeda;1;Nom;;adhérent;member (a party / club member);;;;;
keedo;;Nom;é;arbustes coupés en débroussaillant le champ, ordures que l'on brûle;shrubs cut as one clears the farmland, rubbish to be burned;;;Agriculture;;
keedre;;Nom;è-è;taon;gadfly, horsefly;;kɛɛda;Insect;;
kẽed-zẽmse;;Nom;;autres entrées;other income;;;Money;;
keega;;Nom;;plante (espèce);plant sp;;;Grass, herb, vine;;
kẽega;1;Adjectif;ẽ̀-á;vert ou bleu (couleur);green or blue;;kẽese;Colour;;
kẽega;2;Nom;ẽ̀-á;perruche, youyou de Sénégal, perroquet;Senegal parrot, yellow-bellied corn-parrot;;kẽese;Bird;;
kẽega;3;Nom;é;panier en paille;basket mad of straw;;kẽese;Container, Tool;;
kẽegdga;;Nom;;entrée;incoming money;ligd kẽegdga;kẽedse;Money;;
keege;;Verbe;è;couper une chose ou donner un coup (de couteau, hache);cut one thing with one hit;;keese, ke;;;
kẽege;;Verbe;ẽ̀;déchirer une chose, se déchirer;tear up something to tear, get torn;;;;;
keekee;;Nom;è-é;bicyclette, vélo;bicycle, bike;;;Travel;weefo, kut weefo;
keelem;1;Nom;é;santé, état de santé;health;;;;laafɩ;
keelem;2;Nom;é;solidité, résistance, énergie, vigueur;solidity, soundness, resistance, energy, vigour, strength;;;;keglem;
keelge;;Verbe;è;mettre côte à côte et face à face;put alongside, side by side and face to face;;;;;
keelme;;Verbe;è;mettre l'un en face de l'autre ou l'un collé à l'autre (canaris, marmites);put face to face or next to each other (pots).;;;;;
keem;;Verbe;é;se porter bien;being in good health.;;;;;
kẽema;;Nom;ẽ́;aîné, aînée (frère ou sœur), papa, père;older (brother or sister), elder sister, elder brother, father, elder sibling, senior;;kẽem-dãmba;Relationships;;yaoa
kẽem-bi-pugla;;Nom;ẽ̀-ú-á;sœur aînée;older sister;;;Relationships;;
kẽem-bi-ribla;;Nom;ẽ̀-í-á;frère aîné;older brother;;kẽem-kom-dibli;Relationships;;
keemde;;Verbe;è;se mettre à côté de;put beside of, by the side, alongside.;;;;;
keeme;;Verbe;é-è;être en bonne santé;be in good health;kɛɛme;;;;
kẽeme;;Verbe;ẽ́-è;être plus âgé (ou plus important);be older, to be senior, elder (age or importance);;;;;
kẽenem;;Nom;;verdure;greenery, greenness.;;;;;
kẽenga;;Adjectif;ẽ́-à;immense, grand, important, énorme, géant;immense, big, important, enormous, huge, giant;kẽoongo;kẽemse;;;
kẽen-zʋʋre;;Nom;ẽ̀-ʋ́;perruche à collier;Senegal long-tailed parakeet;Kẽzʋʋre;kẽen-zʋya;Bird;kõn-fʋrg-lalle;
kẽes bãongo;;expression;;exciser (fille), circoncire (garçon);to excise (female), to circumcise (male).;;;;;
kẽes koom zĩig pʋgẽ;;expression;;irrigation;irrigation;;;Weather, Agriculture;;
kẽes pemsem;;expression;;aérer;to air, ventilate, to get some fresh air.;;;;;
kẽes toogo;;expression;;engager;to get involved;;;;;
keese;;Verbe;é-è;laisser un reste;leave a leftover, to let sb;;;;;
kẽese;1;Verbe;ẽ̀;entrer (faire);enter (cause to), to send / bring inside;;;;kiigi;
kẽese;2;Verbe;;éclater de l'intérieur, déchirer (ex;;;;;;
kẽese pogrẽ;;expression;;mettre au féminin;put into the female form;;;Grammar, Teach;;
kẽesgo;;Nom;ẽ̀-ó;entrer (fait d');entering;;;Money;kiigri;
kegemde;;Adjectif;é-è-é;solide, ferme, mûr;solid, strong, ripe, mature;kagemde;;;kãdemde, kãdemde;
keglem;;Nom;;solidité;solidity;;;;keelem2;
kẽgna;;Nom;;ratel;honey badger;kegna;;Mammal;;
kẽgse;;Verbe;;épargner;save (not use too much), stint, economize;;;;;
kẽgsgo;;Nom;;économie, épargne;economy, savings;;;Money;arzɛk koglgo, ligd-bẽgendem, bẽgnego;
kẽka;;Nom;;poisson (espèce);fish sp;kʋl-kẽka;kẽgse;Fish;;
keke;;Verbe;è;bousculer, se cogner un peu;jostle, hustle;;kegse;;;
kẽke;1;Verbe;é-è;casser d'un seul coup;break with one single blow, to snap sth., break with a single chop.;;kẽgse;;;
kẽke;2;Verbe;è;aigrir, s'altérer;turn sour, embitter, acidify, alter;;kẽgse;;;
kẽke;3;Verbe;é-è;étrangler;strangle, throttle;;;;;
kẽkilba;;Nom;ẽ́;plante (espèce), casse puante, faux kinkéliba;plant sp;;;Grass, herb, vine;nayĩignakoalenga;
kẽkre;;Nom;;moisissure;mould, mildew;;;;põogre, mugdu;
kelem;;Verbe;è;crier;cry;;;;;
kelg bũm yelle;;Verbe;;s'occuper de;take car of, look after;;;;;
kelge;;Verbe;è;écouter, faire attention;listen, pay attention;;;;;
kelg-n-gʋlse;;Nom;;dictée;dictation.;;;;;
kell n maane;;expression;;continuer;continue, to carry on.;;;;;
kelle;1;Verbe;é-è;être de reste;be remaining;;;;;
kelle;2;auxiliaire;è;malgré tout, quand même, tout de même;all the same, even so, anyhow, after all;;;;baase2;
kelle;3;Verbe;è;continuer à;continue to;;;;;
kelle;4;Nom;é;reste de, restant;remainder, rest, remnant, leftover, remnant;;kɛla;;kɛllga;
kelme;;Verbe;è;crier, pleurer;cry, yell, scream, shout, weep;;;;;
kẽmse;;Nom;é-è;tôle;corrugated iron, metal sheet;kẽemse;;;kẽm-vãoogo, tolle1;
kẽm-vãoogo;;Nom;;tôle;sheet iron, metal sheet, corrugated iron;;;;kẽmse, tolle1;
kẽn tao-tao;;expression;;trotter;to trot.;;;;;
kẽn tʋʋlem;;Nom;é ʋ́-é;vitesse;speed.;kẽn-tʋʋlga;;;;
kẽn tʋʋlem kʋʋgr saabo;;Nom;;Panneau de fin de limite de vitesse km/h;end of speed limit;;;7;;
kẽn tʋʋlem kʋʋgre;;Nom;;Panneau limite de vitesse km/h;maximum speed (km/h);;;7;;
kẽnbdo;;Nom;;espèce de plante;kind of plant;;;Grass, herb, vine;;
kẽnbgo;;Nom;é-ò;plante (espèce);plant sp;;kẽnbdo;Grass, herb, vine;;
kẽnb-raaga;;Nom;;espèce de plante;kind of plant;;;Grass, herb, vine;;
kẽnb-yẽoogo;;Nom;é-ó;oiseau (espèce), drongo;bird sp;;kẽnb-yẽedo;Bird;kẽt-yõgla;
kẽnda;;Nom;;voyage, la marche;travel, journey;;;Travel;so-toaka;
kẽnde;;Nom;ẽ́-è;marche, aller, voyage;marching, going, walking, journey;kẽnda;kẽna;Travel;;
kẽnd-kẽnde;;interj;é-e-è;votre marche (dans des salutations), bon courage pour le voyage;your walking (in greetings), good travelling;;;;;
kẽnd-m-toore;;Verbe;;avancer automatiquement;auto advance;;;computer / digital;;
kẽnd-n-taaga;;Nom;;compagnon de voyage;fellow traveller, fellow passenger.;;kẽnd-n-taase;;;
kẽndre;;Nom;é-é;pas, trace de marche, parcours, trajet;footstep, footprint, course, journey;;;Travel;;
kẽne;;Verbe;ẽ́;marcher, aller bien;to walk;;;;;
kẽn-fãoodem;;Nom;;la précipitation;precipitation;;;;;
kẽng ne;;Verbe;;accompagner, emporter (lit;;;;;;
kẽng neng peemde;;expression;;contournement obligatoire par la droite;keep right;;;7;;
kẽng taoore;;expression;;avancer, évoluer, progresser;to move forward, advance, top evolve, develop, to make progress.;;;;;
kenge;;Verbe;è;devenir plus dur, plus difficile;become harder, more difficult, get harder (solid or difficult);;;;;
kẽnge;;Verbe;ẽ́-è;aller, partir pour;go (past / future), went;;;;"rigi3; antonyme: wa1";wa1
kengre;;Nom;;accent, insistance;accent, stress, insistence.;;;;;
kẽnkẽbre;;Nom;è-é-è;termite des grandes termitières;termite of big termite hills;;kẽnkẽba;Insect;yaoore;
kẽnkẽnda;;Nom;ẽ́-à;marcheur, passant, voyageur;rambler, passer-by, traveller.;;kẽnkẽndba;;;
kẽnkẽndb lore;;Nom;;voiture de voyageurs, bus;passenger car, bus, coach;;;Travel;;
kẽnkẽndga;;Nom;;véhicule;vehicle;;;Travel;;
keo;;Verbe;è;rémunérer, payer, rétribuer, récompenser;pay for a work accomplished, pay back, recompense, reward;;;;;
keonfo;;Nom;é;castagnettes;castanets, finger-bell;;kɛma, keoto;Musical instrument;;
kẽoobgo;;Nom;;récolte (de mil);harvest (of millet and sorghum);;;Agriculture;kãoobgo, kẽebgo;
keoobo;;Nom;éo;fait de récompenser, récompense;remunerating, rewarding.;;;;;
keooge;;Verbe;;avertir, recommander;warn, charge to do, recommend, tell;;;;;
kẽooge;;Verbe;éo-è;frire;to fry;;kẽo;;kɩɩme1;
keoogo;;Nom;éo-ò;aire aménagé pour la circoncision;place set up for circumcision.;;keedo;;;
kẽoogo;1;Nom;èo-ó;champ de mil devenu haut;millet field that is growing high.;;kẽedo;;;
kẽoogo;2;Nom;;espèce de plante;kind of plant;;;Grass, herb, vine;;
keoogre;;Nom;;avertissement, recommandation;warning, recommendation.;;;;;
kẽoongo;;Nom;éo-è;aînesse;right of elder, seniority;;;Relationships;;
keoore;;Nom;é;fruit, récompense;fruit, reward;;keoa;;;
keoose;;Verbe;éo-è;boiter;limp, be lame;;;;;
keoosgo;;Nom;éo-ó;action / fait de boiter;limping, being lame.;;;;;
keorengo;;Adjectif;éo;dur, imperméable (sol);hard, impermeable (soil);;kerendo;;;
keorge;;Adjectif;èo-é;tordu, de travers;crooked, distorted, bent, curved, wrongly.;;;;;
kẽorgo;;Nom;éo-ò;grenier;granary;;kẽrdo;Agriculture, Building;;
kẽre;;Verbe;é;s'user, devenir plus court, casser par es bords;wear out, wear down, wear off, become shorter;;;;;
kẽrga;;Adjectif;è-á;usé par les bords;worn out at the edge;;kẽrse;;;
kẽrge;;Verbe;é-è;amincir, rendre mince;make thinner, slim sth., slender, to thin.;;kẽrse;;;
kẽrse;;Verbe;;user;to wear out, to use.;;;;;
keryõ;;Nom;;crayon;pencil;;;;gʋls-raoogo;
kẽsga;1;Nom;é;arbuste à feuilles amères;shrub sp with bitter leaves;;kẽsse;Bush, shrub;;
kẽsga;2;Nom;;espèce de plante;kind of plant;;;Grass, herb, vine;;
kesge;1;Verbe;è;manquer, rater;miss, fail;;;;;
kesge;2;Verbe;è;craquer une allumette ou un briquet;to strike sth;;;;;
kẽsge;;Verbe;è;couper, sectionner;to cut with chopping motion, chop.;;;;;
ket;;Verbe;è;continuer, encore;continue, still;;;;;
ket tɩ beoogo;;expression;;veille;the day before, evening before.;;;;;
keta;;Verbe;è-é;être en reste;be remaining;;;;;
kẽt-yõgla;;Nom;;espèce de oiseau, drongo;kind of bird;;;Bird;kẽnb-yẽoogo;
ke-zʋʋre;;Nom;é-è;plante (espèce);plant sp;kẽ-zʋʋre;ke-zʋya;Grass, herb, vine;;
kɛ;2;Nom;ɛ́;mil germé (pour faire de la bière de mil);germinated millet (for beer), malt;kae;;;kaya;
kɛdenga;;Adjectif;ɛ;de travers;the wrong way round.;kɛdga;kedense;;;
kɛdga;;Adjectif;ɛ̀-a;de travers;the wrong way round.;kɛdenga;kedse;;;
kɛɛbo;;Nom;ɛ́;coupure;cutting;;;;;
kɛɛga;;Nom;;plante (espèce);plant sp;;;Grass, herb, vine;;
kɛɛge;1;Verbe;ɛ̀;couper une chose;to cut one thing (single instance), to chop, to hack;;kɛ;;;
kɛɛge;2;Verbe;ɛ́-è;faire bouillir;boil;;;;;kɛɛg-woko
kɛɛme;;Verbe;;être en bonne santé;be in good health.;keeme;;;;
kɛɛnga;2;Adjectif;é;dur, coriace;hard, tough;;;;;
kɛga;;Verbe;ɛ́-è;être à côté de;be by the side, be next to;;;;;
kɛgba;;Nom;;espèce de danse féminine;kind of female dance.;;;;;
kɛgelle;1;Adjectif;ɛ́;rond et dur;round and hard.;kɛgle;kɛgla;;;
kɛgelle;2;Nom;é;fruit (espèce), dattes du désert;fruit sp;kɛgle;kɛgla;Food;;
kɛgelle;3;Adjectif;ɛ́-é;tordu, de travers, déplacé, ne pas normale;crooked, distorted, not normal;kɛgle;;;;
kɛgendo;;Nom;ɛ́-ò;feuilles du dattier;leaves sp.;;;;;
kɛgenga;1;Adjectif;ɛ;dur, difficile, coriace;hard, difficult, tough;keaanga;kɛgemse, kɛgense;;;
kɛgenga;2;Adjectif;;valide;valid.;;;;;
kɛgla;;Nom;;datte;date;;;Food;;
kɛgle;;Verbe;ɛ́-è;mettre l'un à côté de l'autre;put at the side of each other, side by side;;;;;
kɛglem;;Nom;ɛ́;dureté, audace, ténacité, fermeté;hardness, boldness, tenacity, firmness.;;;;;
kɛglga;;Nom;ɛ́-à;dattier du désert (arbre avec longues épines);desert date palm;;kɛglse;Tree;;
kɛgme;;Verbe;ɛ́;être dur, solide;be hard, tough, solid.;;;;;
kɛgre;;Adjectif;;incorrect, tordu, dissymétrique, injuste;incorrect, false, crooked, out of proportion, unfair;;kɛga;;;
kɛlenga;;Nom;ɛ̀-é-à;cri, pleur;cry, scream, yell, yelp, ululation, shriek;;kelemse;;yãbre2, kũnkũma;
kɛlgda;;Nom;;orateur;orator, listener.;;;;;
kɛllga;;Nom;ɛ̀-à;reste;rest, left over, remnant;;;Mathematics;kelle4;
kɛma;;Nom;;cloches en fuseau, castagnettes;bells for music, castanets;;;Musical instrument;;
kɛnda;;Nom;;sorgho blanc;white sorghum;baninga;;Food;;
kɛp;;Adverbe;ɛ́;net, juste, correcte;neat, sharp, exactly, just, correctly, apt;kɛpɩ, kɛpi;;;mupi;
kɛpi;;Adverbe;;tout juste, exacte;exactly;kɛp;;;mupi;
ki;1;Nom;í;mil (plante ou graine), céréale;millet (plant or grain, seed), grain;;;Food, Agriculture;;
ki;2;Verbe;ì;mourir, s'éteindre;to die, turn off, to go out, put out, extinct, to be extinguished (light);;;;;
kĩ;;Verbe;í;avoir un lien de parenté avec quelqu’un;have family ties with somebody, kin;;;;;
ki koomẽ;;expression;;se noyer;to drown.;;;;;
ki yão;;Nom;;beignet de mil;fritter / doughnut;;;Food;;
kĩ';;Adverbe;ì;bruit de chute lourde;noise of heavy fall;kĩ'i;;;;
kibare;;Nom;ì-á-è;nouvelles, rumeur, information, message;news, report, rumour, information, message;;kibaya;;;
kibay kɩta;;Nom;;journaliste;journalist;;;Worker;;
kibay sebre;;Nom;;journal;journal, newspaper, magazine.;;kibay sɛba;;;
kibay teedgo;;Nom;;correspondance;correspondence.;;;;;
kibaya;;Nom;;journal, nouvelles;journal, daily news;;;Teach;zʋgnalle;
kibgi;;Verbe;ì;dresser, bâtir;to erect, build, construct, put up;;kibi;;;
kibi;;Nom;ì;puce rouge sur les paupières des nourrissons;red flea on the eyelid of babies;;;Disease;;
kibli;;Verbe;í-ì;surveiller, tenir à l’œil;keep under observation, pay attention, control, keep an eye on, to watch sth., observe;;;;;
ki-bogre;;Nom;;paralytique;paralytic;;;Sick;;
kibri;;Nom;ì-í;puce;flea.;;kibi;;;
kibsa;;Nom;í-à;fête;celebration, party, festival.;;kibs-rãmba;;;
kidbi;;Verbe;ì;durcir malgré la cuisson;harden in spit of cooking;;;;;
kidbri;1;Adjectif;í;un peu dur (pas assez cuit);a bit hard (not well cooked);;kidba;;;
kidbri;2;Nom;ì-ì;soufre;sulphur.;;;;;
kidgi;;Verbe;;pleuvoir un peu;rain lightly;;;;karse2;
kigilli;;Adjectif;í;dur, granuleux;hard, granular.;kigli;kigla;;;
kĩgsi;;Verbe;í-ì;sangloter;sob;;;;;
kiibu;;Nom;í-ù;interdit, totem;forbidden, prohibition, totem, taboo;;;;;
kiifu;;Nom;í-ù;mil;millet.;kaafre;ki;;;
kiigi;;Verbe;í-ì;verser, vider (liquide), verser (argent);pour out, empty (liquid), deposit (money);;;;karse2, kẽese1;
kiigri;;Nom;í-í;versement;deposit, payment;;;Money;kẽesgo;
kĩir vɩɩbdo;;Nom;í ɩ́-ó;inceste;incest.;;;;;
kiiri;;Nom;;stérile;sterile, barren;;;;pʋg-kiiri;
kĩiri;;Nom;í-í;relation de parenté, lien de parenté;kin relationship, kinship;;;Relationships;;
kiisi;1;Verbe;ì;éteindre;put off, turn off, to extinguish;;;;;
kiisi;2;Nom;í-ì;mois, lunes;months, moons;;;;;
kĩki;;Verbe;í-ì;être secoué de spasmes, rire;be shaken from cramps or laughing;;;;;
ki-lika;;Nom;í-à;nuit sans lune;night without moon.;;ki-ligsi;;;
ki-likri;;Nom;í-í;clair de lune;moonlight;;;Sky;ki-peoolgo, ki-pere;
killa;;Nom;;petite calebasse servant de gourde;small calabash serving as a gourd;;killi;Container;;
killi;;Nom;í;fagot, botte;faggot, cluster;;kila;;kalga, gĩndi;
kilmi;;Verbe;;se transformer, métamorphoser en animal;transform, turn into an animal, to become, turn / change into;;;;;
kilometr sõor lɛɛr a ye pʋgẽ;;expression;;kilomètre par heure;kilometre per hour, km/hr;;;Mathematics;;
kiloonki;;Nom;;petit calao à bec noir;grey Horn-bill;;;Bird;tiloonti, sɩlaankoe;
kilsi;;Verbe;í-ì;acclamer, glorifier;hail, praise, acclaim, glorify.;;;;;
ki-m-bogo;;Nom;;espèce de plante;kind of plant;;;Grass, herb, vine;;
kĩm-kĩmi;1;Adverbe;í;totalement fermé;totally closed, locked;;;;;
kĩm-kĩmi;2;Adjectif;í;tout petit;very small;;;;yĩm-yĩmi;
kimogo;;Nom;;espèce d'herbe;kind of grass;;;Grass, herb, vine;;
kinde;;Nom;;sexe féminin;female sex;;kina;Body;;
kĩndfu;;Nom;ĩ̀-ú;perle;pearl (string of);;kĩndi, kĩna;;muizãanfo;
kĩninkĩiga;;Nom;í-í;personne avec qui on a un lien de parenté, parent;person with whom one has a family relationship, kin relationship;;kĩnkĩisi;Relationships;;
kinkirg siilfu;;Nom;;sésame non cultivé;sesame (wild);;kinkirg siili;;;
kinkirg taanga;;Nom;;plante (espèce);plant sp;;kinkirg taamse;Bush, shrub;;
kinkirga;;Nom;ì-í-à;esprit, génie, démon;bush-spirit, ghost, demon, fairy;;kinkirsi;;;
kinkirg-kãande;;Nom;;espèce de plante;kind of plant;;kinkirg-kãana;Grass, herb, vine;;
kinkir-neda;;Nom;;personne capricieuse au comportement imprévisible;person with a capricious character;;kinkir-neba;Person;;
kinkirs kãade;;Nom;;espèce de plante;kind of plant;;;Grass, herb, vine;;
kinkirs sãb-tulga;;Nom;;espèce de plante;kind of plant;;;Grass, herb, vine;;
kinkirs sãbtul-raaga;;Nom;;espèce de plante;kind of plant;;;Grass, herb, vine;;
kinkirs siili;;Nom;;espèce de plante;kind of plant;;;Grass, herb, vine;;
kinkirs taanga;;Nom;ĩ̀-í-;arbre (espèce);tree sp;;kinkirs taamse;Tree;;
kinkirs tabre;;Nom;;espèce de plante;kind of plant;;;Grass, herb, vine;wãam-tabre;
kinkirs wũmbla;;Nom;ĩ̀-í-ũ̀-á;plante (espèce);plant sp;;kinkirs wũmbli;Grass, herb, vine;ri-pao;
kinkirs yoabga;;Nom;;espèce de plante;kind of plant;;;Grass, herb, vine;;
kinkirsi;1;Nom;;jumeaux;twins.;kĩnkĩrsi;;;;
kinkirsi;2;Nom;ĩ̀-í-ì;maladie liée à l'action de forces surnaturelles;disease caused by supernatural forces;kĩnkirsi;;Disease;;
kipare;;Nom;ì-é;piment, poivre, épice;chilli pepper, spice;kipara;kipaya;Food, Grass, herb, vine;tipare;
kiparenga;;Nom;ì-á;champ de piments;field of chilli pepper, pimento;;kiparense;Agriculture;;
kipar-kipare;;Adjectif;;épicé;spicy, hot.;;;;;
kipar-sablga;;Nom;;espèce de plante;kind of plant;;;Grass, herb, vine;;
ki-peere;;Nom;;claire de lune;moon light.;ki-peoolgo;;;;
ki-peoolgo;;Nom;í;claire de lune;moonlight;ki-pɛɛla, ki-pɛɛlga, ki-pere;;Weather, Sky;ki-likri;
ki-pere;;Nom;;claire de lune;moonlight;;;;ki-likri;
ki-pɛɛla;;Nom;í-á;clair de lune, pleine-lune;moonlight, full moon;ki-peoolgo, ki-pɛɛlga;;Sky;;
kĩ-ra-mik-ma;;Nom;;serpent (espèce);snake sp;kindamikma;;Reptile;;
ki-renga;;Nom;;plante (espèce);plant sp;;;Bush, shrub;kitga;
kirga;;Nom;ì-á;molaire;molar;kɩrga;kirsi;Body;kɩreng yẽnde, yẽn-wãbdga;
kiri;1;Adjectif;í;stérile;sterile, barren, infertile;;kiya;;;
kiri;2;Nom;í;stérilité;sterility.;;;;;
Kiris neda;;Nom;;chrétien;Christian.;kirs neda;Kiris neba;;;
kiris-neda;;Nom;;chrétien;Christian;kirs-neda;kiris-nedba;;;
kĩsga;;Nom;í;feuille sèche de haricot;dry leaf of bean plant.;;kĩssi;;;
kisgi;;Verbe;í-ì;venir à détester, haïr, mépriser;to hate, despise, scorn, be hateful.;;;;;
kisgu;;Nom;í-ú;interdit, un tabou;forbidden thing, a taboo, prohibition;kiusgu;;;;
kisi;;Verbe;í-ì;interdit (être);forbidden (be), to be taboo, to taboo sth., contraindicate, to forbid;;;;;
kĩsinkĩiri;;Nom;ĩ̀-í;épilepsie;epilepsy, an epileptic fit;;kĩsinkĩya;Disease;bã-lʋtem;
kisinkinde;;Nom;;espèce d'arbuste;kind of shrub;;;Bush, shrub;;
ki-tãabre;;Nom;í-á-é;trimestre;quarter of a year, three months.;;;;;
ki-tẽga;;Nom;;espèce d'arbuste;kind of shrub;;;Bush, shrub;;
kitga;;Nom;ì;plante (espèce);plant sp;;kitse;Bush, shrub;ki-renga;
kitrkĩinga;;Nom;ì-í-í-á;criquet (espèce);locust sp;kitrkĩiniga, kitrkĩininga;kitrkĩinsi;Insect;titintĩndga;
kiu;1;Nom;ì-ú;fonio;fonio;;;Food;;
kiu;2;Verbe;í;battre de peur;pulsate out of fear.;;;;;
kĩu basɩ;;Nom;;couscous de petit mil;millet couscous;;;Food;;
kiuglgu;;Adjectif;í;épais, consistant;dense, thick, substantial;kiuglungu;kigindu;;kudri2;
kiu-kiu;;Adverbe;ì;bruit de pas fermes ou de course;noise from firm steps or of running;;;;;soaa-soaa
kiu-liullgu;;Nom;;éclipse de lune;eclipse of moon;;;Government;yũug-tar-kiuugu;
kiusgu;;Nom;í-ú;haine, interdit, tabou;hatred, forbidden thing, taboo;kisgu;;;;
kiuug pʋɩ-sʋka;;Nom;;quinzaine (de jours);fortnight, two weeks.;;;;;
kiuug yaoodo;;Nom;í áo-ò;salaire;salary, wage;;;Money;;
kiuug-kiuug fãa;;expression;;mensuel, tous les mois;monthly, every month.;;;;;
kiuug-kiuugu;;Adverbe;;mensuel;monthly.;;;;;
kiuugu;1;Nom;í-ù;lune;moon;kiidu, kitu;kiisi;Sky;;
kiuugu;2;Nom;;règles, menstrues;period (to have one's);;;;pekre1;
ki-yoobre;;Nom;í;semestre;half-year, semester.;;;;;
kɩ;;Verbe;ɩ̀;enfoncer;knock in, to drive, nail, peg;;;;;
kɩ wi;;Verbe;;tatouer;to tattoo.;;;;;
kɩbe;;Verbe;ɩ̀;aller;to go;;;;"dabde; antonyme: wa1";wa1
kɩbga;1;Nom;ɩ́-à;maladie respiratoire (espèce);respiratory illness (kind of);;kɩbse;Disease;;
kɩbga;2;Nom;ɩ́;danse de femmes (espèce);dance performed by women (kind of).;;;;;
kɩbge;;Verbe;ɩ̀;ouvrir en deux;open into two parts /halves, to chop sth;;;;;
kɩdbre;;Adjectif;ɩ́;fort, robuste;strong, sturdy, robust;;kɩdba;;;
kɩde;;Verbe;ɩ̀;boucher, combler, rendre sourd;clog, overwhelm, muffle, make deaf;;;;;
kɩdengo;;Nom;;réjouissance;rejoicing.;;;;;
kɩdga;1;Adjectif;ɩ́-à;petit de taille, de volume, de quantité;small in size, volume or quantity, little;;kɩdse;;;
kɩdga;2;Adjectif;ɩ̀-á;peu profond;not deep;;kɩdse;;lɛdga;
kɩdg-kɩdga;;Nom;;progressive, doucement, petit à petit;progressive;;;;bilf-bilfu;
kɩdme;;Verbe;ɩ̀;se réjouir, exulter;be glad, pleased, happy, exult;kɩdem;;;;
kɩdre;;Nom;ɩ́-é;trou peu profond, orifice;hole that is not deep, opening.;;kɩda;;;
kɩfre;;Nom;ɩ̀-é;infidèle, mécréant;faithless person, infidel, person who doesn't believe, unbeliever.;;kɩfr-dãmba;;;
kɩgbre;;Nom;ɩ́;fesse;cheek, buttock;;kɩgba;Body;pabre1, parkilli, yẽr-killi, yẽd-killi;
kɩgdga;;Nom;ɩ́;tempe;temple;;kɩgdse;Body;tʋb-kɩre;
kɩgle;;Verbe;ɩ́-è;balancer çà et là;jiggle, sway, swing.;;;;;
kɩɩba;;Nom;ɩ̀-á;orphelin;orphan;;kɩɩbse;Relationships;;
kɩɩbdo;;Nom;ɩ̀-ó;fait d'être orphelin;being an orphan.;kɩɩbga;;;;
kɩɩb-zaka;;Nom;;orphelinat;orphanage.;;;;;
kɩɩdga;;Nom;ɩ̀-á;maillet utiliser pour enfoncer les piquets;mallet used to knock in pegs, mallet for pegging animals;;kɩɩdse;Tool;;
kɩɩg sũmdi;;Nom;ɩ́-ù-í;plante (espèce);plant sp;;kɩɩg sũma;Grass, herb, vine;;
kɩɩga;;Nom;ɩ́-à;écureuil fouisseur, rat palmiste;stripped ground squirrel;;kɩɩse;Mammal;;
kɩɩlga;;Nom;ɩ̀-á;hanche;hip;kɩɩlgo;kɩɩlse;Body;kɩʋʋlgo;
kɩɩl-kõbre;;Nom;ɩ́-é;os du bassin;pelvis (bone at base of spine);;kɩɩl-kõba;Body;yẽd-kʋgdre;
kɩɩma;;Nom;ɩ́;fantôme, âme errante;wraith, ghost, what survives after the death;;kɩɩmse;;;
kɩɩmde;;Nom;ɩ́;mort-né;born dead, stillborn.;;kɩɩma;;;
kɩɩmdem;;Adjectif;ɩ́-é;frit;fried.;;kɩɩmdɩ;;;
kɩɩme;1;Verbe;ɩ́;frire, faire cuire;to fry, to cook, braise, broil;;;;kẽooge;
kɩɩme;2;Verbe;ɩ̀;s'occuper du bétail, prendre soin des animaux;to herd animals, take care of animals, look after animals;;;;;
kɩɩm-kulga;;Nom;ɩ̀-ú-à;séjour des morts;realm of the dead.;kɩɩm-kulgu;;;;
kɩɩm-miiga;;Nom;ɩ̀-í;âme errante d'un mort;errant soul of a dead person.;;kɩɩm-miisi;;;
kɩɩmse;;Nom;;mânes, âmes des morts, divinités, au près des ancêtres, les mânes de la famille;spirits of the ancestors, the manes of the family;;;;;
kɩɩmsmuglga;;Nom;;arbre (espèce), jujubier de la hyène;kind of tree;;;Tree;kɩms-mugulga;
kɩɩnga;2;Nom;;impotent;impotent, paralysed, helpless;;kɩɩmse;Disease;;
kɩɩnga;;Adjectif;ɩ́;mort sans avoir été égorgé, usé, gâté, crevé;dead without being killed, used, worn spoilt;;kɩɩmse;;;
kɩɩnga;2;Nom;;cadavre;corpse.;;;;;
kɩɩsda;;Nom;;opposant, adversaire, ennemi;opponent, enemy;;kɩɩsdba;;maood-n-taaga, nin-kɩɩsda;
kɩɩse;1;Verbe;ɩ́-è;nier, renier, refuser, désobéir;deny, refuse, disobey, disagree;;;;;
kɩɩse;2;Verbe;ɩ̀;faire des scarifications;make incisions, to make tribal marks;;;Adornment;;
kɩɩsg gom-bila;;expression;;élément de négation;particles indicating negation;;;Grammar;;
kɩɩsgo;1;Nom;ɩ́-ó;négation;negation;;;;;
kɩɩsgo;2;Nom;;scarification;scarification.;;;;;
kɩke;;Verbe;ɩ́-è;heurter légèrement;hit lightly, knock into, strike lightly;;;;;
kɩla;;Adverbe;ɩ́;resté intact;remain in good condition;;;;;
kɩle;;Nom;ɩ́;clé;key.;;kɩle-rãmba;;;
kɩlem;;Nom;ɩ̀-é;plats commercialisés;commercialized dishes;;;;;
kɩlle;;Verbe;ɩ́-è;être en déséquilibre, pencher sur le côté;be in imbalance, be bent to one side;;;;;
kɩlme;1;Verbe;ɩ̀;rendre lisse;make smooth.;;;;;
kɩlme;2;Verbe;ɩ̀;protéger;protect.;;;;;
kɩlo;;Nom;ɩ̀-ó;kilo, kilogramme;kilo, kilogram;kɩlʋ;kɩlo-rãmba;Mathematics;;
kɩlogaraam;;Nom;ɩ́;kilogramme, kg;kilogram, kg;;;Mathematics;;
kɩlometre;;Nom;ɩ́-é-è;kilomètre, km;kilometre, km;;;Mathematics;;
kɩlse;;Verbe;ɩ́-è;redresser ce qui est penché sur le côté;straighten up what is bent to one side;;;;rooge;
kɩmbgo;;Nom;ɩ́-ò;plante (espèce);plant sp;kɩʋmbgo;kɩmbdo;Grass, herb, vine;;
kɩms-mugulga;;Nom;;arbre (espèce), jujubier de la hyène;tree sp;;;Tree;kɩɩmsmuglga;
kɩn-boko;;Nom;ɩ̀-ò-ó;vagin;vagina;;kɩn-bogdo;Body;poglem;
kɩn-bũmbri;;Nom;ɩ̀-í;pubis;pubis, pubic region;;kɩn-bũmba;Body;;
kɩnde;;Nom;ɩ̀-é;vulve, vagin (grossier), sexe;vulva, vagina,;kɩnfo, kɩʋnfo;kɩna, kɩla;Body;paare, yẽbre2, saeega2, zigri2;
kɩn-gãongo;;Nom;;lèvres de la vulve;vulva lip;;;Body;kɩn-kogre;
kɩn-kogre;;Nom;ɩ̀-ó;lèvres de la vulve;vulva lip;;kɩn-koga;Body;kɩn-gãongo;
kɩn-pʋɩta;;Nom;ɩ̀-ʋ́ɩ-à;oiseau (espèce);bird sp;;kɩn-pʋɩtse;Bird;pʋɩt-kɩna;
kɩre;;Nom;ɩ́;pointe, clou;nail;;kɩya;;kuilli;
kɩreng yẽnde;;Nom;ɩ́;molaire (dent);molar;;;;yẽn-daoogo, yẽn-wãbdga, kirga;
kɩrenga;;Nom;ɩ́;côté, au long de, périphérie;side, along, periphery;;kɩremse;;;
kɩrge;;Verbe;ɩ́-è;verser une toute petite quantité de liquide;pour out a small quantity of a liquid.;;;;;
kɩrɩ;;Nom;;antimoine;antimony.;;;;;
kɩrʋ;;Nom;;antimoine;antimony.;;;;;
kɩs kaseto;;expression;;rendre témoignage, témoigner, confesser, reconnaître, garantir;bear witness, witness, confess, acknowledge, guarantee;;;;;
kɩs sɩda;;Verbe;;faire confiance en, croire en, affirmer;trust in, believe in, affirm, assert;;;;;
kɩs tɩ kẽnge;;expression;;transmettre;pass on , to convey, transmit.;;;;;
kɩse;1;Verbe;ɩ̀;donner, livrer;give, hand in/over, deliver;;;;;
kɩse;2;Verbe;ɩ̀;remettre, rendre;give back, to return, replace sth;;;;;
kɩsge;;Verbe;ɩ̀;castrer, châtrer;castrate;;;;;
kɩsgre;;Nom;ɩ́-é;enclume;anvil.;;kɩsga, kɩsgr-dãmba;;;
kɩ-sũmdi;;Nom;ɩ́-í;plante (espèce ressemblante au pois de terre);plant sp;;kɩ-sũma;Grass, herb, vine;;
kɩt tɩ kibarã lɛɛg n yɩ wa kiba-sãanga;;expression;;mise à jour, actualiser, renouveler une information;update, refresh, actualize.;;;;;
kɩt tɩ lebg galen-tẽnga;;expression;;urbaniser;urbanize, to become built up.;;;;;
kɩte;;Verbe;ɩ̀;faire en sorte que, causer que;make /do in a way that, cause to;;;;;
kɩtenga;;Nom;;arbuste (espèce);shrub sp;kɩtga;kɩtense;Bush, shrub;;
kɩtga;;Nom;ɩ́-á;burin;chisel;;kɩtse;Tool;;
kɩtrzĩgniga;;Nom;ɩ́-í-í-á;criquet (espèce de petit);locust (kind of small);;kɩtrzĩgnisi;Insect;;
kɩʋmbgo;;Nom;ɩ́ʋ-ó;herbe (espèce);grass sp;kɩmgo;kɩmbdo;Grass, herb, vine;;
kɩʋʋle;;Verbe;ɩ̀;durcir, devenir consistant;harden, become thick;kɩʋʋlme;;;;
kɩʋʋlgo;;Nom;ɩ́ʋ-ó;hanche, os iliaque, bassin;hip, haunch;kɩɩlgo;kɩɩla;Body;kɩɩlga;
kɩʋʋlle;;Adjectif;ɩ́;durci;hardened;;kɩʋʋla;;;
kɩʋʋngo;;Nom;;pâturage;pasture;;;Animal husbandry, Land;wãbneng zĩiga, wãmneg zĩiga, rũmsã wãbneg zĩiga, yamdo;
kɩ-yaalga;;Nom;;jarret;ham, hollow of the knee, hock;;;Body;;
ko;1;Verbe;ò;casser des œufs;break eggs.;;;;;
ko;2;Verbe;ó;cultiver, labourer;farm, hoe, cultivate, to plough, to plow;;;;ware4;
kõ;;Verbe;ò;donner, délivrer, fournir;give, to issue, to deliver;;;;;
kõ bĩisim;;expression;;allaiter;to breast-feed.;;;;;
kõ kaseto;;expression;;témoigner;testify, give evidence.;;;;;
kõ noore;;expression;;ordonner;to order, prescribe, ordain.;;;;;
kõ samde;;Verbe;ò á-è;prêter;lend, to loan.;;;;;
kõ soobo;;expression;;baptiser;to baptise.;;;;;
kõ sore;;expression;;autoriser;to allow, authorize, give permission.;;;;;
koaada;;Nom;ó-à;cultivateur, laboureur, agriculteur, producteur, fermier;farmer;;koaadba;Worker;ka-koaada;
kõaada;;Adjectif;òa-á;jaunes;yellows;;;Colour;rõodo;
koaadb gurupma;;expression;;organisations paysanne;farming confederation.;;;;;
koaag sãfãnde;;Nom;ó-ã̀-ã́-è;plante (espèce);plant sp;;koaag sãfãna;Grass, herb, vine;;
koaaga;1;Adjectif;óa-à;peu consistant, liquide;not thick, liquid;;koose;;;
koaaga;2;Nom;óa-à;forêt dense;dense forest, thick forest;;koose;Tree;;
koaalga;;Nom;;creux de la partie postérieure du genou;hollow part of the back of the knee;;koolse;Body;;
koaasa;1;Nom;ò-á;boucher;butcher;;koos-rãmba;Worker;;
koaasa;2;Nom;òa-á;vendeur de;seller of;;koaasdba;Worker;;
koaasda;;Nom;òa-á;vendeur;seller;koosda;koosdba;Worker;;
koabg pʋgẽ gɛɛlga;;Nom;ò ʋ́-é ɛ̀-à;pourcentage;percentage;;;Mathematics;koabg zug pʋɩɩre;
koabg zug pʋɩɩre;;expression;;pourcentage, taux;percentage, rate;;;Mathematics;koabg pʋgẽ gɛɛlga;
koabga;;numéral;ò-á;cent, centaine, 100;hundred, 100;;kobse;Mathematics;;
koabgenga;;Nom;òa-á;centième;hundredth;;;Mathematics;ye koabgẽ;
kõabnenga;;Nom;òa-á;poils;body-hair, fur, feather;;kõabnense;Body, Parts of an animal;;
koadba;;Nom;;espèce de plante;kind of plant;;;Grass, herb, vine;vidba;
koadenga;;Nom;ò-á;perdrix, francolin commun;partridge;;koadense;Bird;;
koagla;;Adjectif;;bien bâti, bien formé, robuste;well built, well formed, sturdy, tough.;;;;;
koaka;;Nom;óa;petite élévation pour barrer /retenir, bord;small elevation for blocking / keeping water, bank, edge, side;;kogse;;;
koa-koa;;Adverbe;áa;bruit de frapper à la porte;noise from knocking at the door;;;;;
koalenkoanaga;;Nom;;oiseau (espèce);bird sp;koalenkoaaga;;Bird;kotrko;
[ò-á] koamdga;;Nom;;affamé;starving, hungry person.;;;;;
koamsa;;Nom;ò-á;indigent, handicapé, paralytique, infirme;pauper, handicapped person, disabled person, lame person, cripple;;koms-rãmba;Sick, Person;;
koandga;;Nom;òa-á;intervalle, espace laissé libre en semant;interlude, interval, space left empty when sowing.;;kondse;;;
koanga;1;Nom;ó-à;rônier;palm-tree;koan-bedre;koense, komse;Tree;;
koanga;2;Nom;;arbre (espèce);tree sp;;;Tree;;
kõa-safãnde;;Nom;;espèce de plante;kind of plant;;;Grass, herb, vine;;
kõata;;Nom;;donneur, généreux;giver, donor, generous person.;;kõatba;;;
koatga;;Adjectif;;emprunté;borrowed;;kotse;;;
ko-baoore;;Nom;ò-é;château d'eau, bassin;water tower;;ko-baoa;Water;;
kobessi;;numéral;ò;deux cents, 200;two hundred, 200;kobs-yi, kobs-yiibu;;;;
kõb-fõr-fõre;;Nom;ò;cartilage;cartilage;;;Body;kõb-fõrsende;
kõb-fõrsende;;Nom;;cartilage;cartilage;;;Body;kõb-fõr-fõre;
kob-gĩndi;;Nom;ò-í;centaine;hundred;;;Mathematics;;
kõbgo;1;Nom;ṍ;poil;body-hair, fur;;kõbdo;;;
kõbgo;2;Nom;;couleur, teinte;colour;;;Colour;;
ko-biiga;;Nom;ò-í;larve de moustique;mosquito larvae;;ko-biisi;Insect;;
kõb-koɛɛga;;Nom;;os court;short bone, small bone;;;Body;;
ko-boaandga;;Nom;;pompe (pour eau);pump (for water);;ko-boondse;Water;ko-põmpo;
ko-bõanga;;Nom;;tonneau pour transporter l'eau, barrique;barrel for water transport;;;Container, Water;;
kõb-paklga;;Nom;;os plat;flat bone;;;Body;;
kõb-ra-wɛrma;1;Nom;;rhumatisme des os;rheumatism of bones;;;Disease;kam-werse;
kõb-ra-wɛrma;2;Nom;ṍ-á-à;rhumatisme;rheumatism;;;Disease;kamweerse;
kobre;1;Nom;ò-é;habit ample et long, boubou;wide and long garment, gown, robe, shirt, full and long, usually without sleeves;;koaba;Clothing;;
kobre;2;Nom;ó;lourd bracelet en bronze (espèce);heavy bronze bracelet sp;;koaba;Adornment;;
kõbre;;Nom;ṍ;os, arrête;bone, fish bone;;kõba, kõaba;Body;;
kõb-sãnga;;Nom;;squelette;skeleton;;;;kõb-wãngem, yĩn-kõb-raado, kõb-tɩɩga;
kobsi;;numéral;;200, deux-cents;200, two hundred;kobs-si, kobessi;;;;
kobs-naase;;numéral;ò-á;quatre-cents;four hundred;;;;;
kobs-nii;;numéral;ò-í;huit cents;eight hundred;;;;;
kobs-nu;;numéral;ò-ú;cinq-cents;five hundred;;;;;
kobs-tã;;numéral;ó-ã̀;trois-cents;three hundred;;;;;
kobs-wɛ;;numéral;;neuf cents;nine hundred;;;;;
kobs-yi;;numéral;ó-ì;deux-cents;two hundred;kobs-yiibu, kobessi;;;;
kobs-yoobe;;numéral;ò-ò-é;six cents;six hundred;;;;;
kobs-yopoe;;numéral;ò-ò-ó;sept cents;seven hundred;;;;;
kõb-tãabga;;Nom;;feu tricolore;tree coloured, traffic lights;;;Colour;;
kõb-tɩɩga;;Nom;;squelette;skeleton;;;Body;yĩn-kõb-raado, kõb-wãngem, kõb-sãnga;
ko-bulga;;Nom;kò-ú;pénurie d'eau potable, tarissement des puits;drinking water shortage, drying out of wells;;ko-bulsi;Water;;
ko-bundega;;Nom;;puits, source d'eau;spring, water-well;ko-boaandga;;Water;bulga1;
kõb-wãngem;;Nom;ò-á;squelette;skeleton;;;;kõb-sãnga, yĩn-kõb-raado, kõb-tɩɩga;
kõb-wẽnga;;Nom;ò-é;personne avec malformation (physique), monstre;person with a physical distortion, monster;;kõb-wẽense;;;
kõb-woko;;Nom;;os long;long bone;;;Body;;
kodbre;1;Nom;ó-é;feuille (espèce) de la plante appelée «vidbri»;leaf sp;goedbre / goɛdba;koadba;Grass, herb, vine;;
kodbre;2;Nom;ó-é;larynx;larynx.;;koadba;;;
kõde;;Verbe;ó;coller, devenir crasseux;be sticky, pasted up, become grimy;;;;;
kodẽ-ki;;Nom;;espèce de plante;kind of plant;;;Grass, herb, vine;;
koden-ki;;Nom;;petites plantes donnant des grains noirs à ses racines, les graines elles-mêmes;kind of small plants producing black grains at its roots;;;Grass, herb, vine;;
koden-tabga;;Nom;;espèce de plante à fleurs blanches poussant sur des termitières et dont les branches sont utilisées pour faire des spatules;kind of plant with white flowers growing on termite hills;;koden-tabse;Bush, shrub;;
koden-tãmbre;;Nom;;espèce d'arbuste;kind of shrub;;;Bush, shrub;;
Kodenvaare;;Nom;;Côte d'Ivoire;Ivory Coast;;;Country;;
kodge;;Verbe;ò;égorger (une seule fois);cut the throat, to slaughter (single instance);;kodse;;;
kõdge;;Verbe;ò;racler ce qui est au fond d'un récipient;scrape off what is on the bottom of a recipient, to scrape out, scoop out (contents).;;kõode;;;
kõdgo;;Nom;ó;gratin, croûte qui reste au fond de la marmite après cuisson;crust at the bottom of cooking-pot.;;kõto;;;
kõd-poko;;Nom;;arbuste (espèce);shrub sp;;;Bush, shrub;;
koe;;Adverbe;ó;indique l'insistance, hein;signals insisting, isn't it.;;;;;
koebge;1;Verbe;ó-è;boire totalement;drink it all.;;koebse;;;
koebge;2;Verbe;ó-è;raser totalement;shave completely.;;koebse;;;
kõebge;;Verbe;;vider d'un trait;to empty, pour away in one go.;;;;;
koedre;;Adjectif;òe-é;épais, dur;dense, hard.;;koɛda;;;
kõeebe;;Verbe;óe-è;causer du tort à quelqu'un;do wrong /harm to somebody.;;;;;
kõeebre;;Nom;òe-é;bâtard, illégitime;bastard, illegitimate;;kõeeba;;tãmpĩiri;
kõeege;;Verbe;òe;faire sortir, forcer à sortir;force to come out.;;;;;
koeelle;;Adjectif;ó;sec;dry;;koɛɛla;;;
koeer wamde;;Nom;;navette de tisserand;weaver's shuttle;;koeer wama;;;
koeke;;Verbe;;donner une chiquenaude;to slap, flick, flip.;;;;;
koenkoende;;Nom;;oreillons;mumps;kondkonde;;Disease;kulkuluudu, wuu-waa;
koe-noogo;;Nom;òe-ò-ó;bonne nouvelle, Évangile;good news, Gospel.;;koe-noodo;;;
koe-palle;;Nom;òe-á;ton, schème tonal, hauteur mélodique;tone, tone pattern, tone pitch;;;Teach;;
koe-pal-sika;;Nom;ò-à-í-à;ton bas;low tone.;;;;;
à, è, ì, ò, ù koe-pal-sʋgre;;Nom;ò-à-ʋ́;ton moyen;middle tone.;;;;;
ā, ē, ī, ō, ū koe-pal-zẽka;;Nom;;ton haut;high tone.;;;;;
á, é, í, ó, ú koe-toagsda;;Nom;;messager, porte-parole;messenger, spokesman.;;;;;
koetre;;Adjectif;ó-é;bien formé, robuste, solide;well formed, sturdy, tough, solid;;koɛta;;;
koe-wĩiri;;Nom;ò-í-ì;cordes vocales;vocal cords;;koe-wĩya;Body;;
koe-zom;;Nom;;ton, voix;tone, pitch, voice.;;;;;
koe-zugu;;Nom;;thème;theme;;;;zãmsgã yẽgre;
koɛɛg pʋdbo;;Nom;;émission;programme, broadcast, emission.;;;;;
koɛɛga;1;Nom;ó-à;message;message;;koeese;;;
koɛɛga;2;Adjectif;ò-á;bref, court, de petite taille;short, small, little;;koeese;;;
koɛɛga;3;Nom;òɛ-á;voix;voice;;koeese;;;
koɛɛga;4;Nom;;message;message;;;computer / digital;;
koɛɛnga;1;Adjectif;óɛ;sec;dry;;koeemse;;;
koɛɛnga;2;Nom;óɛ;argent (métal);silver.;;;;;
koɛɛra;;Nom;òɛ-á;peigne du métier à tisser;comb speaking of weaver.;;koeesre;;;
kõ-fo;;expression;;pour toi, donner à toi;for you, give to you;;;;;
koge;1;Verbe;ò;s’accouder, se pencher sur;rest one's elbow on, bend over, to rest the head on, use a head-rest / pillow.;kʋge;;;;
koge;2;Verbe;ó;être paré;be trimmed, doll oneself.;;;;;
ko-gĩsdim;;Nom;ò-í;glace;ice;ko-gũsdum;;Water;ko-kugri;
kog-kʋʋma;;Nom;ò-ʋ́;polygone;polygon;;;Mathematics;;
kogle;1;Verbe;ò;border, faire un rebord (pour arrêter);border, make a frame (to stop), to hem, make a border;;;;;
kogle;2;Verbe;ó-è;faire entendre un bruit de choque à l'intérieur de;make hear a noise of chock within something;;;;;
koglem;;Verbe;ó-è;gargouiller;gurgle, rumble;;;;;
koglg ligd gɛɛl sebre;;Nom;;journal de caisse;cash receipts journal;;;Money;;
koglg ligd sẽn lebgre;;Nom;;solde de caisse;balance in hand;;;Money;koglg ligd-bere, ligd-bere;
koglg ligd zãab sebre;;Nom;;cahier de caisse;cash book, accounting book, cash journal;;;Money;;
koglg ligd-bere;;Nom;;solde de caisse;balance in hand;;;Money;koglg ligd sẽn lebgre;
koglg ligd-kẽedse;;Nom;;entrée de caisse;cash entry;;;Money;;
koglg ligd-yitsi;;Nom;;sortie de caisse;checkout;;;Money;;
koglge;;Verbe;;assurer;assure, insure.;;;;;
koglgo;1;Nom;ó-ò;caisse, valise;case, box.;;kogendo;;;
koglgo;2;Nom;;prévention, assurance, protection;prevention, assurance, protection;;;;gɩblgo;
koglgo;3;Nom;;pirogue, bateau, barque;boat, canoe;;;Travel;koom koglgo;
kogl-goamdga;;Nom;;poste radio;radio set.;;kogl-gomdse;;;
kogl-koom;;Nom;;espèce de plante;kind of plant;;;Grass, herb, vine;;
kogl-weoogo;;Nom;;gardiens de la brousse, groupe autodéfense, milices d'autodéfense;guardians of the wilderness / bushland, self-defence group / militia.;;;;;
kog-naase;;Nom;;quadrilatère;quadrilateral;;;Mathematics;;
kogre;;Nom;ó;arête;edge, link, ridge, rim;;kogse;Mathematics;;
kõgre;1;Nom;ó-è;décoction provenant de la première cuisson (bière);first juice in making beer.;;kõga;;;
kõgre;2;Nom;ó-e;bête, stupide;foolish, stupid;;kõga;;;
kog-tãabga;;Nom;ò;triangle;triangle;;;Mathematics;;
kog-taas yaremde;;Nom;ò-á;losange;lozenge, rhombus;;;Mathematics;;
kog-tã-zaalga;;Nom;;triangle quelconque;general triangle;;;Mathematics;;
ko-gũb-tẽnga;;Nom;;île;island, isle;;ko-gũb-tẽnse;;ko-sʋg-tẽnga;
kok pemsem;;Verbe;;prendre de l'air;get some fresh air;;;;;
ko-kãsenga;;Nom;;lac, mer, océan;lake, see, ocean;;;;mogre;
koke;1;Verbe;ò;attraper au vol, intercepter, parer;catch in the air, intercept, parry, fend off;;kogse;;;
koke;2;Verbe;ó-è;raser, nettoyer le pourtour, délimiter;shave, clean the environment, mark out;;kogse;;;
ko-kẽesdem mui;;Nom;;riz irrigué;irrigation rice;;;Agriculture;ko-waandem mui;
ko-kɛɛda;;Nom;ò-ɛ́;plaisantin;clown, teaser, playful person;;ko-kɛɛdba;;poarma;
ko-kɛɛre;;Nom;ò-ɛ́;plaisanterie;joke.;;;;;
kok-n-wubi;;Nom;ò-ú;adoption;adoption.;;;;;
ko-koaka;;Nom;ò-ó;diguettes, petite digue;small dam;;;Agriculture, Water;;
ko-kõata;;Nom;ò;femme, épouse;wife.;;ko-kõatba;;;
koko-bũnda;;Nom;ò-ṹ-à;glande salivaire;saliva gland;;koko-bũndsi;Body;;
kokoɛy;;Nom;;à la gorge;at the throat;;;;;
ko-kogre;;Nom;ò-ó;digue anti-érosive;dam against erosion;;ko-koaga;Agriculture, Land;;
koko-kẽka;;Nom;;collier;necklace, chain, collar;;;Adornment;;
koko-liuula;;Nom;;pomme d'Adam;Adam's apple;;;Body;koko-yodre;
koko-lʋʋga;;Nom;ò-ó-à;goitre;goitre;koko-lʋʋgo;koko-lʋʋse;Disease;;
koko-lʋʋgo;;Nom;;goitre;goitre;koko-lʋʋga;;Disease;fʋremde;
koko-maasem;;Nom;ò-ó;envie irrésistible d'un aliment;overwhelming desire for a certain food item.;;;;;
koko-maasre;;Nom;ò-ó-è;œsophage;gullet, oesophagus;;koko-maasa;Body;;
ko-koosdem;;Nom;ó-ó-é;culture de rente;lucrative farming, agriculture;;;Money, Agriculture;;
koko-pitga;;Nom;;joug;yoke;;;Agriculture;yub-paadga;
kokor bãaga;;Nom;ò-ó-ã̀-á;diphtérie;diphtheria;;;Disease;;
kokor fuugu;;Nom;;écharpe, foulard (cou);scarf (neck);;;Clothing;;
koko-rãana;;Nom;;angine;angina;koko-rõona;;Disease;koko-rõona;
koko-raoogo;;Nom;ò-ó-á-ó;trachée artère, larynx;windpipe;;koko-raado;Body;;
kokore;;Nom;ò-ó-è;gorge, gosier;throat, pharynx;;koakoaya, kokoya;Body;ragsendako;
koko-rõona;;Nom;;angine;angina;koko-rãana;;Disease;koko-rãana;
koko-yodre;;Nom;ò-ó-ó-é;pomme d'Adam;Adam's apple;koko-rakaglenfo;koko-yoda;Body;koko-liuula;
ko-kugri;;Nom;;glace;ice;;;Water;ko-gĩsdim;
kok-yũugu;;Verbe;;humer;to sniff, to smell.;;;;;
kolbre;;Nom;;bouteille;bottle;;;;butelle, kaante lʋnga;
kole;;Verbe;ó;coller;glue, stick to, paste up.;;;;;
kolemde;;Verbe;ò;amener vers soi;bring to oneself;;;;;
kolge;;Verbe;;approcher (s');get near, to approach (single instance);;kolse;;;
kolibri;;Nom;ò-í-í;rythme et air de funérailles joués sur une calebasse;rhythm and air of funeral-songs played on a calabash.;kʋlibiri;koliba;;;
kolkoodo;;Nom;;salive;saliva, spit, spittle;;;;kol-koto;
kolkoogo;;Nom;ò-ó;salive;saliva;;kolkoodo, kokoodo;;;
kol-koto;;Nom;;salive;saliva;kolkoto;;Body;kolkoodo;
kolle;1;Verbe;ò;protéger, soutenir, attendre, s'occuper de;protect, support, await, look after, care for.;;;;;
kolle;2;Nom;ó-è;colle;glue.;;koala;;;
kolokolo;;Nom;ò-ó-ò-ó;dinde, dindon;turkey;;kolokolo-rã mba;Animal husbandry, Bird;;
kom;;Nom;ó;faim;hunger, famine;;;Food;;
ko-maasga;;Nom;ò-á-á;eau fraîche, eau froide;cold water;;;Water;;
kom-bãaneg logtor yiri;;Nom;;pédiatrie;paediatrics;;;Building;;
komber saka;;Nom;;espèce d'arbre;kind of tree;;;Tree;;
komber yõodo;;Nom;;espèce d'arbre;kind of tree;kõodre yẽoogo;;Tree;;
kombere;;Nom;ò-é-è;chef d'une subdivision de la chefferie traditionnelle;chef of a subdivision of traditional chiefdom.;;kombɛɛmba;;;
kom-bi ra-yaka;;Nom;;espèce de plante;kind of plant;;;Grass, herb, vine;bi-bɩɩlem;
kom-dibli;;Nom;ò-í-í;garçons;boys.;;;;;
kom-gãaga;;Nom;;dormir sans manger;go to sleep without having eaten;;;;;
komindi;;Nom;;commune;parish, community, municipality, town, village;komiindi;;Government, Region;;
kõmpɛrɛs;;Nom;;compresse;"compress; pad";;kõmpɛrɛs rãmba;Disease;;
kompidgu;;Nom;;cage en paille pour poussins;straw cage for chicken;kampidgu;kompitu;Animal husbandry;kapiudgu, tiuudgu;
kom-pugli;;Nom;ò-ú-í;filles;girls.;;;;;
komse;;Verbe;ò;affaiblir, blesser;to hurt, weaken, paralyse, wound;;;;;
komsem;;Nom;ò-é;affaiblissement, paralysie;debility, feebleness, paralysis.;;;;;
kõmsɛɛr;;Nom;;commissariat;police station;;;Government, Building;;
komslem;;Nom;;bas, faible;low, weak.;;;;;
Bũmb pãng sẽn pa waooge kom-sõasga;;Nom;;jeûne forcé parce qu'il n'a rien à manger;fasting because there is nothing to eat.;;kom-sõsse;;;
komsurgu;;Nom;ò;petite natte pour toit des maisons;small mat covering house roofs.;;komsursi;;;
kõ-m-tɩ-m-ne;;Nom;;malvoyant;blind person.;;;;;
kõn;1;auxiliaire;ò, ó;négation (futur);negation (future), won't, future negative;;;Grammar;;
kõn;2;auxiliaire;;simplement, rien que;simply, just.;;;;;
ko-naoore;;Nom;;cours d'eau;water stream, river;;;Water;ko-nugu;
kõn-bila;;Nom;;espèce de palmier;kind of palm tree;;;Tree;;
konde;;Nom;;gésier;gizzard;;;Parts of an animal;pesenkidga, kuika;
kõndeeg-kɛgr sulli;;Nom;;syndicat;trade-union, syndicate, labour-union;;;;sẽndika;
kondkonde;;Nom;ò-ó;oreillons;mumps;koenkoende;;Disease;;
kõnekõogo;;Nom;ṍ;salamandre;salamander;kõskõogo, kõsenkõogo;kõnekõodo;Amphibian;;
kõnekõtgo;;Nom;ò-ó-ò;oiseau (espèce);bird sp;;kõnekõtdo;Bird;;
kõ-nem;;Nom;;espèce de plante;kind of plant;;;Grass, herb, vine;;
kõn-fʋrg-lalle;;Nom;ò-ʋ́;oiseau (espèce), perruche à collier;bird sp, long-tailed parakeet;;kõn-fʋrg-lala;Bird;kẽen-zʋʋre;
kong bʋʋm;;expression;;avoir tort, être coupable;be wrong, not right, be mistaken, be guilty;;;;;
konge;;Verbe;ò;manquer, rater, ne pas avoir, ne pas obtenir, échouer;fail, not get, not receive, be without, to lack;;;;;
kongo;1;Nom;ó;tine, boite (unité de mesure);can (for measuring);konkongo;kondo;Container;;
kongo;2;Nom;ó-ò;creux, excavé;hollow, cavity, pit;;kondo;;kãnga1, kãongo2;
kongre;;Nom;ò-é;échec, manquement;failure, default, defeat, setback, a lack;;;City;;
ko-nifu;;Nom;ò-í-ù;source (d'une eau);source, a spring (of a water stream), where water wells up;;ko-nini;Water;;
konkobre;;Nom;ò-ó-è;poussin dont les plumes n'ont pas encore poussé;chick of whom the feathers haven't grown yet;;konkoaba;Animal husbandry, Bird;;
konkongo;;Nom;;boîte;can, tin.;;;;;
kõn-mongre;;Nom;;droit;right;;;Government;segdenga, dʋrwa;
kõn-sãam kẽnde;;Nom;;arachides salées et grillées;groundnuts that are salted and roasted;;;;marmatigi;
kõnt ligd leolemdgo;;Nom;;virement bancaire;bank transfer, giro transfer;kõnt ligd lolemdga;;Money;;
kõnt nug-gãag sebre;;Nom;;relevé bancaire;bank statement;;;Money;;
kõnt rɩlgre;;expression;;alimentation d 'un compte;crediting an account;;;Money;;
kontaale;;Nom;;goudron;tar, tarmac.;;;;;
kõnte;;Nom;ó-è;compte;account;;;Money;ligd-baoore, ligd-baoore;
kõn-tʋk-raoogo;;Nom;õ̀-ʋ́-ò;espèce de grosse sauterelle /criquet;big grasshopper / locust;;kõn-tʋk-raad o;Insect;;
kõn-tʋk-waooga;;Nom;õ̀-ʋ́;mante;mantis;;kõn-tʋk-waoos e;Insect;;
ko-nugu;;Nom;ò-ú-ù;cours d'eau;water stream, river;;;Water;ko-naoore;
koob la gʋʋlgo;;expression;;agriculture et élevage;agriculture and breeding;;;Agriculture, Animal husbandry;;
koob sẽn ya koosem yĩnga;;expression;;culture de rente, culture destinée à la vente;cash crop.;;;;;
koob tʋʋma;;Nom;ó ʋ̀-á;agriculture;agriculture, farming;;;Agriculture;;
koobo;;Nom;ó-ò;agriculture, cultiver (action de), culture, sarclage, labour;farming, cultivation, hoeing, weeding, agriculture;;;Agriculture;warbo, tẽngã gudgri;
koobr gelle;;Nom;;bleu;blue;;;Colour;bʋla1;
koobre;1;Nom;ó;oiseau cardinal (euplecte franciscain);red bishop finch;;koaaba;Bird;yirga1;
koobre;2;Nom;ò-é;calebasse de forme moyenne;middle size calabash.;;koaaba;;;
koobre;3;Nom;;bracelet (espèce);bracelet sp;;koaaba;Adornment;;
koobre;4;Nom;ó;tisserin (oiseau);weaverbird;;koaaba;;yirga1, liuun-sʋlga, naab rɛɛmba;
kood rɩkre;;Nom;;récolte;harvest;;;Agriculture;kẽebgo, koodã biisi, tigsgu;
koodã biisi;;expression;;récolte, les fruits des cultures;harvest;;;Food, Agriculture;kẽebgo, kood rɩkre, tigsgu;
koode;;Verbe;;égorger;to slaughter, cut the throat (many instances).;;kodse;;;
koodo;1;Nom;ó-ò;récoltes, céréales;harvest, cereals.;;;;;
koodo;2;Nom;ó-ò;produits de l'agriculture;agricultural products, crop-yield;;;;;
kõodo;;Nom;ó-ò;jus de mil germé;juice of germinated millet / sorghum.;;;;;
kõod-poko;;Nom;õ̀-ó;arbuste (espèce);shrub sp;kõod-pogdo;kõod-pogdo;Bush, shrub;;
koodre;;Adjectif;ó-é;cultivable;can be farmed;;koodse;;;
kõodre;1;Nom;;arbuste (espèce) à teinture jaune;shrub sp;;kõoda;Bush, shrub;;
kõodre;2;Nom;;fièvre jaune;yellow fever;;kõoda;Disease;;
kõodre;3;Adjectif;ò-é;jaune;yellow;;kõaada;Colour;;
kooge;;Verbe;;casser volontairement un œuf;snap an egg, to break, open an egg.;;ko;;;
kõoge;1;Verbe;ó-è;raser;to shave sb;;kõ;Agriculture;;
kõoge;2;Verbe;ò;revenir, tourner, faire demi tour;come back, return.;;;;;
kõoge;3;Verbe;ò;ourler un habit;hem clothe.;;;;;
koogo;;Adjectif;ò-ó;qui n'est pas mûr à point, laiteux;that is not quite ripe, milky;;koodo;;;
kõogo;;Adjectif;ó-ò;rasé, raclé;shaved, scraped off;;kõodo;;;
kõogr gɩdgre;;expression;;interdiction de faire demi-tour sur la route suivie jusqu’à la prochaine intersection;no U-turn .;;;;;
koo-koo;;Nom;ó-ò;hémorroïdes;haemorrhoid;kookoo;;Disease;se-moomde, zugtigi;
koole;;Verbe;ò;ramener vers soi, plier;bring to oneself, fold;;;;tigmi;
koolle;;Nom;ò-é;herbe (espèce) dont les grains sont utilisés en temps de famine;grass sp;;koaala;;;
koom;1;Nom;òó;eau;water;;;Water;;
koom;2;Nom;òó;paludisme pendant la saison de pluies;malaria during rainy season;;;Disease;weoogo2, pali;
kõom;;Nom;ṍ;entrée, rentrée, adhésion;entrance, entering, membership;;;;;
koom bĩngri;;expression;;économie d'eau, épargne, gain, réduction;water savings;;;Water;;
koom daoogo;;Nom;ò-á-ò;Anhinga du Sénégal (oiseau aquatique);African Darter;;koom daado;Bird;;
koom fẽbgre;;expression;;évaporation, transformation ou passage de l'eau en vapeur, gaz;evaporation;;;Weather, Water;;
koom gʋls moodo;;Nom;;crayons feutres;markers.;;;;;
koom kẽesgo;;expression;;irriguer;to water;;;Agriculture, Water;;
koom koglgo;;Nom;;bateau, pirogue, navire, barque;ship, boat, canoe;;koom kogendo;Travel;batayo, koglgo3;
koom lore;;Nom;;camion-citerne;tanker, water tanker;;;Travel;;
koom pɩʋʋgr zĩigẽ;;expression;;radier routier, un passage en béton sur un passage d'eau;road concrete apron;;;Travel;;
koom sẽn pa zoete;;expression;;eaux stagnantes;standing water;;;Water;;
koom sẽn yalsd zĩis nins n kaoosdẽ;;expression;;bas-fonds, terrains où l'eau s'arrête pendant longtemps (terrains inondables);flood prone areas;;;Weather, Land;;
koom sẽn yit tãng zug n kiigd tẽnga;;expression;;cascades, chutes d'eau tombant d'une montagne;waterfalls;;;Water;;
koom soobo;;Nom;;bain, toilette;bath, have a washing, washing oneself.;;;;;
koom zug bõn-zɩtse;;expression;;moyens de transport maritime;means of sea transport;;;Travel;;
koomã sẽn sudgd n dʋʋgdẽ;;expression;;crue;flood;;;Weather;;
koomã zãndlem boogre;;expression;;décrue;flood-water subsiding;;;Weather, Water;;
koomde;;Verbe;;prendre, saisir à mi-parcours, prendre à l'improviste;to catch, get hold of.;;;;;
koom-ka-limd-karga;;Nom;;oiseau (espèce), marouette d'Afrique;bird sp;;koom-ka-limd-karse;Bird;;
kõon;;auxiliaire;ṍò;ne serait pas (avec conditionnel);wouldn't have;;;;;
kõon-sablga;;Nom;;espèce d'arbre;kind of tree;;;Tree;;
koore;;Nom;ó-è;calebasse sphérique avec petite ouverture et ficelle;round calabash with small aperture and lid / string;;koaya;Container;;
koos f menga;;Verbe;;se prostituer;to prostitute oneself.;;;;;
koosda;1;Nom;;vendeur;seller;koaasda;;;;
koose;1;Verbe;ò;vendre;to sell.;;;;;
koosem;;Nom;ò-é;marchandise;merchandise, goods.;;;;;
koosem sebre;;expression;;cahier de vente;sales book, sales record;;;Money;;
koosem seb-vãoogo;;Nom;;fiche de vente;sell sheet;;;Money;;
koosg ligdi;;Nom;;prix de vente;selling price, price for sale;;;Money;;
koosgo;;Nom;;vente;sale, selling.;;;;;
koosre;;Nom;;boucherie;slaughter, butcher's.;;;;;
ko-pemde;;Nom;ò-é-è;vague, onde;wave;;ko-pɛma;Water;;
ko-põmpo;;Nom;;pompe (pour eau);pump (for water);;;;ko-boaandga;
ko-pusumdi;;Nom;ò-ú;eau de source;water of a spring;;;Water;;
ko-pʋgdo;;Nom;ò-ʋ́;écume;foam, froth.;;;;;
ko-raalem;;Nom;ò-á;eau courante;running water;;;Water;;
ko-ralem;;Nom;ò-á;oiseau (espèce);bird sp;ko-raalgo;;Bird;;
koralle;;Nom;;chorale;choir.;;;;;
kor-boabdga;;Nom;;sac à dos;backpack, rucksack;;;;;
kõre;1;Verbe;ó;racler;to scrape sth., scrape off, make clean / nice;;;;;
kõre;2;Nom;;couteau à lame courbée servant à raser;knife with curved blade for shaving;;;;;
korge;;Verbe;ó-è;tirer, traîner;pull, drag, tow;;;;vuugi2;
korgo;;Nom;ò-ó;sac, sacoche;sack, bag;;kordo;Container;;
ko-rɩtem;;Nom;ó-ɩ́-é;culture vivrière;subsistent farming, subsistence crop;;;Food, Agriculture;;
ko-rɩʋʋngo;;Nom;;inondation, noyade;flood, flooding, drowning;;;Water;koom sẽn kẽ zĩig sẽn da wɛ n ya koɛɛnga;
ko-rõaaga;;Nom;;plante (espèce de);plant sp;rõaanga, tẽngen-dõaaga;;Grass, herb, vine;tẽng-n-rõaaga, tẽngen-dõaaga;
korse;;Verbe;;ajuster;adjust, adapt;;;;yomse1;
ko-ruka;;Nom;;inondation d'eau;water-flood;;;Water;;
kose;;Verbe;ó-è;demander (pour avoir);ask (to get), ask for, request;;;;;
kõse;1;Verbe;ò;tousser;to cough;;;;;
kõse;2;Verbe;õ̀;piquer, transpercer;to sting, pierce;;;;;
kõse;3;Verbe;ò;se diriger vers, aller vers;go towards;;;;;
kosenkonde;;Nom;ó;oiseau rapace (espèce);bird sp;;kosenkoala;Bird;kosenkongo;
kosenkongo;;Nom;;espèce d'oiseau rapace;kind of bird;;;;kosenkonde;
kosge;;Verbe;ó-è;allumer, craquer;light, kindle, ignite;;;;;
kosgo;;Nom;;demande, requête, prière, supplication, quête;request, demand, application, prayer, supplication;;;;;
kõsgo;;Nom;õ̀-ó;toux;coughing, a cough;;kõsdo;Disease;;
kos-ki;;Nom;ó;oiseau (espèce);bird sp;;kos-kiimba;Bird;;
kõskõogo;;Nom;;gecko, salamandre;gecko, salamander;kõnekõogo;kõskõodo;Reptile;;
kõs-kʋdgo;;Nom;õ̀-ʋ́;tuberculose;tuberculosis;;kõs-kʋto;Disease;;
kõs-leoleo;;Nom;õ̀-éo-éo;coqueluche;whooping cough;kõs-leo-leo;;Disease;;
kõs-moogo;;Nom;;espèce de plante;kind of plant;kõos-moogo;;Grass, herb, vine;;
kosoaaka;1;Nom;ò-oá-á;ravin, dénivellation servant de passage d'eau;ravine, lower level in landscape to permit water flow.;ko-soaaka;kosoogse;;;
kosoaaka;2;Nom;;ruisseau;creek, brook;;;Water;;
ko-soalsga;;Nom;ò;petit coin dans la cour où l'on peut se laver;little corner in the courtyard where people can wash themselves.;;ko-soolse;;;
ko-so-gilgdga;;Nom;;rigole de ceinture;channel or elevation around the field;ko-so-koaka;;Agriculture;;
ko-so-kẽesdg-bila;;Nom;;canal secondaire d'irrigation;secondary irrigation canal;;;Agriculture, Water;;
ko-so-kẽesdg-kasenga;;Nom;;canal primaire (d'irrigation);main irrigation channel;;;Agriculture;;
ko-solsga;;Nom;;lavabo, douche;bathroom sink, shower;;;Building;;
ko-solsga roogo;;Nom;;salle de bain;bathroom;;;Building;;
ko-sore;;Nom;ò-ó-è;canal;channel, bed of water.;;;;;
ko-so-yiisdg-bila;;Nom;;drain secondaire;secondary drain;;;Water, Building;;
ko-so-yiisdg-kasenga;;Nom;;drain principal;main drain;;;Water;;
ko-sʋg-tẽnga;;Nom;;île;island, isle;;;;kũndga, ko-gũb-tẽnga;
kõs-zɩɩm;;Nom;;toux contractée dès la naissance;coughing from birth onwards;;;Disease;;
ko-telenteoko;;Nom;ò-é;flaque d'eau, eau stagnante;puddle, stagnant water;ko-telentẽoko;ko-telentegdo, ko-telentẽgdo;Water;londã koom;
kõtemde;;Nom;ò-é;arbuste (espèce);shrub sp;;kõatma;Bush, shrub;;
ko-tɛdenga;;Nom;ó-ɛ́-è-á;assolement, rotation de culture;crop rotation, crop sequence;;;Agriculture;;
kot-kote;;Adverbe;ò;bruit d’ébullition;noise of boiling;;;;;
kõto;;Nom;ó-ò;cervelle;brains;;;Body;zu-kõto;
ko-toaka;;Nom;ò-óa;filtre à eau;water filter;;ko-togse;Water, Tool;;
ko-tondem;;Nom;;culture industrielle;industrial agriculture;;;Agriculture;;
kõtre;;Adjectif;ó;généreux, qui aime donner;generous, unselfish;;kõata;;;
kotrko;;Nom;;oiseau (espèce);bird sp;kotrkoaaga, kotrkooko;kotrko-rãmba;Bird;koalenkoanaga;
ko-vʋɩɩga;;Nom;ò-ʋɩ́-á;ver, parasite (vivant dans l'eau);worm, parasite (living in water).;;ko-vʋɩɩse;;;
ko-wãada;;Nom;;menteur;liar;;;;yagda1, poarma, zĩrẽ-be-neda;
ko-wãadem;;Nom;;mensonge;lie, untruth, falsehood;;;;zirẽ;
ko-waandem mui;;Nom;;riz irrigué;irrigation rice;;;Agriculture;ko-kẽesdem mui;
ko-walem;;Nom;;vapeur;vapour;;;Water;walem, waolgo;
ko-waooga;;Nom;;sac /outre pour eau;water skin, water bag (recipient).;;ko-waoose;;;
ko-wĩiga;;Nom;ò-í-à;courant (d'eau);flow, flowing movement of water.;;ko-wĩisi;;;
ko-yeoobgo;;Nom;;nomadisme agricole;agricultural nomads;;;Agriculture;;
koyongo;;Nom;ò-ó-ó;panier en tiges de mil pour transporter;millet stalk basket used for transport;;koyondo;Container;;
ko-yũudga;;Nom;;eau potable;drinkable water, clean water;ko-yũudum;;Water;;
ko-yũudu;;Nom;ò-ṹ-ù;soif;thirst.;;;;;
ko-yũudum;;Nom;ò-ṹ-ú;eau potable;drinking water, drinkable water;ko-yũudga;;Water;;
ko-yũuga;;Nom;ò-ṹ;jarre d'eau;water pot, jar for water.;ko-yũugu;ko-yũusi;;;
ko-zoetem;;Nom;ò;eau courante, cascade;running water, waterfall;;ko-zoetɩ;Water;;
ko-zoetem sẽn zoet n dabd kʋɩl-kasengẽ;;expression;;bras du fleuve, petit cours d'eau qui coule vers le fleuve;river arm;;;Water, Land;;
ko-zoetma;;Nom;;torrent d'eau;stream of water;;;Water;;
ku;1;Verbe;ù;marcher courbé;walk bent over.;;;;;
ku;2;Nom;ú;igname;yam;;;Food;busa;
ku;3;Nom;;espèce de plante;kind of plant;;;Bush, shrub;;
kubri;;Nom;ú;monticule, petite colline, élévation;mound, small hill, elevation, rise;;kuba;Land;kunkubri;
kũbundi;;Verbe;;retourner complètement, ouverture vers le bas;turn over completely, opening towards to ground;;;;;
kudbade;;Nom;ù-á-é;plante donnant des tubercules comestibles (espèce) du même nom;plant sp producing edible tubers;;;Food, Grass, herb, vine;;
kud-bõanga;;Nom;;age d'une charrue;ridge of a plough.;;;;;
kud-buudu;;Nom;ù-ú;métal;metal.;;;;;
kud-fɩbre;;Nom;;balle de fusil;bullet (for gun);kʋlfɩbre;kud-fɩba;;vẽende;
kudga;;Nom;ú-à;dos;back;;kudsi;;poore1, zãn-kudga;
kudgi;;Verbe;ù;taper avec un objet plein;pat, hit, strike with object, to flatten, beat out.;;;;;
kud-gilli;;Nom;ù-ì-í;poing;fist;;kud-gila;Body;nug-gilgu;
kudglungu;;Nom;ù;liane (espèce);liana sp;;kudglunsi;Grass, herb, vine;;
kudgu;;Nom;ú;forge;a forge.;;kudsi;;;
kudgu-luugu;;Nom;;espèce de plante parasite;kind of plant;;;Grass, herb, vine;;
kud-kãdre;;Nom;;acier;steel.;;;;;
kud-kɛgenga;;Nom;;fonte;melting;;;;kud-koɛɛnga;
kud-koɛɛnga;;Nom;ù-óɛ;fonte;melting, smelting (steel);;;;kud-kɛgenga;
kud-nare;;Nom;;fer;iron;;;;kutu;
kudri;1;Nom;ù-í;coup de poing;punch.;;kuda;;;
kudri;2;Adjectif;ù-í;épais, consistant;thick, dense, substantial;;kuda;;kiuglgu;
kud-tãndo;;Nom;ù-á;minerai;ore;;;Land;;
kudugulungu;;Nom;ù-ú;arbuste (espèce);shrub sp;kudglungu;kudugulundu;Bush, shrub;;
kug-fãeedem zĩiga;;Nom;;panneau projection de gravillons;loose gravel sign;;;7;;
kug-lɛlemdga;;Nom;;pierre à lécher;lick-block;;;Animal husbandry;yams-neere;
kuglgu;;Adjectif;ú;enflé, noueux;swollen, gnarled;;kuglsi;City;;
kugri;1;Nom;ú-ì;pierre, caillou;stone, pebble, rock (mouvable);;kuga;;yɩgre;
kugri;2;Nom;ú-ì;calcul (maladie du rein);gallstone;;kuga;Disease;;
kug-wanwarga;;Nom;ú-à-á;gravillon;gravel;;kug-wanward o;;kug-warwarga;
kug-warwarga;;Nom;;gravier;gravel, pebbles;kug-wanwarga;;;kug-wanwarga;
kug-zĩida;;Nom;ú-í-á;notable, personne importante;eminent person;;kug-zĩidba;Person;;
kuigdga;;Nom;ùi-á;sol dur et peu fertile;hard soil and not very fertile;;kuigdsi;Land;;
kuiiga;;Nom;úí-à;occlusion intestinale;intestinal obstruction;kʋɩga;kʋɩɩse;Disease;;
kuiisi;;Verbe;ú-ì;rentrer chez soi;go home;;;;;
kũiisri;;Nom;ù;piège;trap, snare;kuusri, kũusri;kũiisa;Hunt and fish;bẽdgo, wɛrenga1;
kuika;;Nom;ùi-á;gésier;gizzard;;kuigsi;Parts of an animal;pesenkidga, konde;
kuili;;Verbe;ú;rentrer chez soi;to go home;kuli;;;;
kuilli;;Nom;;pointe, clou;nail;;kuila;;kulli, kɩre;
kuilsi;;Verbe;úi-ì;faire rentrer quelqu'un chez lui, renvoyer à la maison;to send somebody home, make sb;;;;;
kuirb kuirbẽ;;Nom;;espèce de plante;kind of plant;kurib kuribẽ;;Grass, herb, vine;;
kuirbi;;Verbe;ù;durcir;harden;;;;;
kuirga;;Nom;ù-à;pantalon, culotte;a pair of trousers, shorts, pants, underpants;kurga;kuirsi;Clothing;;
kuirgi;;Verbe;ù;écarquiller, ouvrir grandement les yeux;open one's eyes wide, stare wide-eyed;;;;;
kuitri;;Adjectif;;rabougri;stunted;;kuita;;wirbga;
kuki;;Verbe;ú-ì;taper légèrement;hit lightly.;;kugsi;;;
kukulga;;Nom;ú-a;appendicite;appendicitis;;kulkulsi;Disease;;
kukulgu;;Nom;ú;mal de ventre;stomach-ache;kukulgo;;Disease;;
kukur-gõaaga;;Nom;ù-ú-óa-à;plante épineuse (espèce) qui pousse autour des champs autour des cases;thorny plant sp;;kukur-gõos e;Grass, herb, vine;;
kukuri;1;Nom;ù-ú-í;cochon, porc;pig;kurkuri;kukuya;Mammal, Animal husbandry;;
kukuri;2;Nom;ù-ú-í;manche;shaft, handle of a tool;;kukuya;Animal husbandry;;
kulburgu;;Nom;ù-ú-ù;poisson (espèce);fish sp;;kulbursi;Fish;;
kulgu-kõdgo;;Nom;;petit calao à bec rouge;red-peaked Horn-bill;kõlkõtgo, kulgu-kõdgo;kulgu-kõto;Bird;gonongotoogo;
kuli;;Verbe;ú;rentrer chez soi;go home;kuili;;;;
kulkuluudu;;Nom;;oreillons;mumps;;;Disease;wuu-waa, koenkoende;
kulkutgu;;Nom;ú;arbre (espèce);tree sp;kulkutga;kulkutse;Tree;;
kulkutu;;Nom;ú-ú-ù;fumier d'animaux;manure.;;;;;
kulkuugu;;Adjectif;ú;très vieux (humains et animaux);very old (humans and animals);kuskuugu;kulkuudu;;;
kulli;;Nom;ú-ì;clou, pointe;nail;;kull-dãmba, kula;;kuilli;
kullu;;Adverbe;ú-ù;toujours;always, ever, forever;;;;;
kul-waoongo;;Nom;;plante (espèce);plant sp;;;Grass, herb, vine;wall bĩisim;
kũmandaoogo;;Nom;;haut-commissaire;government representative, senior civil servant, government official;;;Government;wokomsɛɛre;
kũmi;1;Verbe;ù;plaindre, pleurer, aider quelqu'un qui est dans le malheur;to cry, weep, complain, pity, have compassion on, to feel sorry for;kʋme;;;;
kũmi;2;Verbe;ù;fermenter (dolo, bière);ferment (beer);;;;;
kũm-kũmi;;Nom;ù-ú;cris, lamentations;shouting, yelling, lamentations.;;;;;
kũmsga;;Nom;;dolo (bière) en fermentation très sucré;sweet beer in fermentation process.;kʋmsgo;;;;
kunde;;Nom;;luth à trois cordes;lute;;;Musical instrument;;
kũndga;;Nom;ú;île, partie de terre émergée;island, isle, part of earth emerging;;kũdsi;;ko-sʋg-tẽnga;
kũndi;;Nom;ú;bosse;bump, lump.;;kũna;;;
kũndri;;Nom;ù-í;couverture;blanket;;kũnda;;fu-goabga, fu-pindga;
kũnga;;Nom;ù-á;alarme, gros tambour servant à donner l'alarme;alarm, warning of danger, drum serving to give alarm;;kũnsi;Musical instrument;;
kunkubri;;Nom;ú;élévation, monticule, colline;elevation, small hill, hill;;kunkuba;Land;tãn-bila, tãn-puuga, pimpibri, kubri;
kũnkũma;;Nom;;cri, pleur;cry, scream, yell, yelp;;;;kɛlenga, yãbre2;
kũn-sore;;Nom;;espèce de plante;kind of plant;;;Grass, herb, vine;;
kũnukũngu;;Nom;;maladie du sommeil;sleeping sickness;;kũnkũndu;Disease;bã-maasga, bã-maasga;
kura;;Verbe;;avoir les genou à même les sol;having the knee on the ground;;;;;
kura-kura;;Nom;ú;tourteaux d'arachide séchés;drayed groundnut cookies;kurakura;;Food;;
kurga;;Nom;ú-à;pantalon, culotte;trousers, pants;kuirga;kursi;Clothing;;
kurgi;;Verbe;ú-ì;décaper par grattage ou frottement;take off by scratching or rubbing.;;kursi;;;
kurgu;;Adjectif;ù-ú;rugueux, râpeux;rough, coarse.;;kurdu;;;
kuri;;Nom;ù-í;tortue terrestre;turtle, tortoise;;kuya;Reptile;;
kur-koɛɛga;;Nom;;culotte;pants, knickers, panties;;;Clothing;;
kurkur gõaaga;;Nom;;espèce de plante;kind of plant;;;Grass, herb, vine;;
kurku-raoogo;;Nom;;verrat;boar;;;Animal husbandry;;
kurkuri;;Nom;;cochon, porc;pig;kukuri;kurkuya;Mammal, Animal husbandry;;
kursi;;Nom;ú-ì;course;race, racing, running;;;;;
kur-woko;;Nom;;pantalon;trousers;;;Clothing;;
ku-sablga;;Nom;;tortue noire;black terrapin;;;Reptile;;
kũsga;;Nom;;arbre (espèce), ficus à racines aériennes;tree sp;;kũssi;Tree;pampanga;
kũsi;1;Verbe;ù;pousser des gémissements (douleur ou gros effort);to groan, moan, whine with big effort;;;;ũusi, zʋ2, wõose1;
kũsi;2;Nom;ù;rhumatisme articulaire;articular rheumatism;;;Disease;;
kut ra-teedo;;Nom;;armes blanches;weapons for hand-to-hand combat, while bladed weapons;;;Tool;;
kut wed-zoambda;;Nom;;cycliste;cyclist;kut-wed zoambda;;Travel;;
kut weefo;;Nom;ú-ò;vélo, bicyclette (lit;;weefo;kut wiidi;Travel;keekee;
kutẽ lɛɛnga;;Nom;;espèce de plante;kind of plant;;;Grass, herb, vine;;
ku-toaaga;;Nom;;pioche;pickaxe;;;Tool;;
kutoaaga;;Nom;ú;petite pioche, houe;small pickaxe, hoe;;kutoose;Tool;;
kutu;;Nom;ú;fer, métal;iron, metal;;;;kud-nare;
kuugi;;Verbe;ù;esquiver, éviter;eschew, duck, to avoid, dodge.;;kuusi;;;
kũum;;Nom;ú;décès, fait de s'éteindre, prendre fin;decease, death, demise, ending;;;;;
kũum doogo;;Nom;;morgue;morgue, mortuary.;;;;;
kũum kaset sebre;;Nom;;acte de décès;death certificate.;;;;;
kũum-koglgo;;Nom;;cercueil;coffin.;;;;;
kũuni;;Nom;ṹ;don, cadeau, action de donner, offre;gift, giving.;;;;;
kũuri;;Nom;ù-í;houe, daba;hoe;;kũya;Agriculture, Tool;wãka;
kʋ;;Verbe;ʋ́;tuer, abattre;kill, slaughter;;;;;
kʋ neda;;Nom;;assassiner;assassinate, to murder.;;;;;
kʋ-biiga;;Nom;ʋ̀-í;enfant du défunt;deceased person's child.;;kʋ-biisi;;;
kʋ-bila;;Nom;;petites funérailles;small funeral;;;;;
kʋdemd bũmbu;;Nom;;historique;historic.;;;;;
kʋdemde;1;Nom;ʋ̀-é;coutumes, tradition;custom, habit, tradition;tẽn-kʋdemde;;;rog-m-miki, miningu;
kʋdemde;2;Nom;;histoire;history;;;Teach;;
kʋdem-kɩta;;Nom;;historien;historian;;;Worker;;
kʋdge;;Verbe;ʋ̀;vieillir (choses);get old (things), to age, grow old;;;;kʋʋle, wẽke;
kʋdgo;;Adjectif;ʋ́;ancien, qu'on fait depuis longtemps;ancient, former, that one does since a long time, of old, old;;kʋto;City;;
kʋdgr ligdi;;expression;;amortissement;depreciation, amortisation;;;Money;;
kʋdre;1;Adjectif;ʋ́;vieux (choses) ancien;old (things), aged (person / thing).;;kʋda;;;
kʋdre;2;Adjectif;ʋ́;vieux, qui dure depuis longtemps;old, that lasts for a long time;;kʋda;;;
kʋɩ;1;Verbe;ʋ́;préparer se (parlant de la pluie), former une grande masse (nuages ou foule);prepare of rain, gather in big quantity (clouds);;;;;
kʋɩ;2;Verbe;ʋ̀;tarir, sec (être), sécher;dry (be), dry up (dessicate);;;;;
[ʋ́] kʋɩdga;2;Nom;ʋ́;lambeau de tissu, coussinet pour porter;rag of cloth;;kʋɩdse;;;
kʋɩ-gãnga wõre;;Nom;;espèce d'arbre;kind of tree;;;Tree;;
kʋɩgen-daaga;;Nom;;espèce d'arbre;kind of tree;;;Tree;;
kʋɩgenga;;Nom;;arbre (espèce);tree sp;kʋɩgen-waoore;kʋɩgense, kʋɩgemse;Tree;;
kʋɩɩbe;;Verbe;;tenter;to attempt, try.;;;;;
kʋɩɩga;;Nom;ʋ́ɩ-à;hernie étranglée;rupture, inguinal hernia;;kʋɩɩse;Disease;;
kʋɩɩm;;Nom;;paresse;laziness;kʋɩɩngo;;;kʋɩʋʋngo;
kʋɩɩma;;Nom;ʋ́;paresseux;lazy person;;kʋɩɩm-rãmba, kʋɩɩmse;;;
kʋɩɩm-zaalga;;Nom;;grand paresseux;very lazy person.;;;;;
kʋɩɩngo;;Nom;ʋ́;paresse;laziness;kʋɩɩgo;;;kʋɩʋʋngo;
kʋɩɩrb kʋɩɩrbe;;Nom;;plante (espèce);plant sp;;;Grass, herb, vine;;
kʋɩɩs nugu;;Verbe;;appauvrir;impoverish.;;;;;
kʋɩɩse;;Verbe;ʋ̀;sécher (faire);to dry sth., make dry, cause to dry up.;;;;;
kʋɩɩsgo;;Nom;ʋ̀ɩ-ó;assèchement;dryness, draining.;;;;;
kʋɩɩsg-zĩiga;;Nom;;séchoir;drier.;;;;;
kʋɩ-kʋɩ-pɛɛlga;;Nom;;espèce de figuier;kind of fig tree;;;Tree;;
kʋɩl-bila;;Nom;;rivière;small river;;;Water, Land;;
kʋɩlem-bila;;Nom;;clé;key.;kʋlem-bila, kʋɩlen-bila;kʋɩlem-biisi;;;
kʋɩlen-bila;;Nom;;clé, clef;key.;kʋɩlɩm-bila;kʋɩlen-biisi;;;
kʋɩleng soagdga;;Nom;;cadenas;padlock.;;;;;
kʋɩlenga;;Nom;;porte;door;;kʋɩlense, kʋɩlemse;Household equipment;;
kʋɩlen-toore;;Nom;;gond;hinge.;;kʋɩlen-toaya;;;
kʋɩlg kɩremse;;expression;;rives;riverbank;;;Water, Land;;
kʋɩlg koom sẽn zoet yĩngr n dʋʋgd tẽnga;;expression;;chutes d'eau;waterfall;;;Water;;
kʋɩlga;;Nom;ʋ́-á;marigot, rivière, fontaine;backwater, river, fountain;kʋlga;kʋɩlse;Water;bulga1;
kʋɩlg-bɛgdo;;Nom;;espèce de plante;kind of plant;;;Grass, herb, vine;;
kʋɩlgẽ dõaaga;;Nom;;espèce d'arbuste;kind of shrub;;;Bush, shrub;;
kʋɩlg-naoore;;Nom;;affluent;tributary, affluent, feeder;;;Water;kʋl-nugu;
kʋɩlɩɩn-tɩɩga;;Nom;;arbre (espèce), arbre corail;tree sp;kʋɩlen-tɩɩga;kʋɩlɩɩn-tɩɩse;Tree;;
kʋɩl-kãoogo;;Nom;;espèce d'arbre;kind of tree;;;Tree;;
kʋɩl-koaka;;Nom;;rive, plage, bord de la rivière;shore, riverbank, beach.;;kʋɩl-kogse;;;
kʋɩl-pusa;;Nom;;espèce de plante;kind of plant;;;Grass, herb, vine;;
kʋɩl-taanga;;Nom;;espèce d'arbre;kind of tree;;;Tree;;
kʋɩlʋ;;Nom;;mets fait de feuilles et de farine cuits en boules;dish made of cooked leaves and flour;;;Food;yão2, yão2;
kʋɩl-zẽedo;;Nom;;ressources halieutiques, produits ou récoltes de la pêche;fishery resources;;;Food, Hunt and fish;;
kʋɩnkʋɩɩga;;Nom;;arbre (espèce);tree sp;;kʋɩnkʋɩɩse;Tree;;
kʋɩra;;Adverbe;;de façon évidente;obviously;;;;;
kʋɩtinlɩɩnga;;Nom;;plante (espèce) servant de décoction pour lavements;plant sp;;kʋɩtinlɩɩnse;Grass, herb, vine;;
kʋɩʋʋngo;;Nom;;paresse;laziness;kʋɩʋʋgo;;;kʋɩɩm, kʋɩɩngo;
kʋka;1;Nom;ʋ́-à;arbre (espèce), caïlcédrat;mahogany tree;;kʋgse;Tree;;
kʋka;2;Nom;ʋ́-á;oreiller, pose-tête, petit tabouret;pillow, head-rest, small stool.;;kʋgse;;;
kʋka;3;Nom;ʋ́-á;tabouret;footstool, stool.;;kʋgse;;;
kʋke;;Verbe;è;mettre la main autour de la tête baissée (expression de honte ou de tristesse);place the arms around the bowed head (expression shame or sadness);;;;;
kʋl no-peoolgo;;Nom;ʋ̀-ó-é-ò;héron garde-bœufs;cattle egret;;kʋl no-peendo;Bird;;
kʋl-beongo;;Nom;;pont;bridge;;;;bɛoongo, põ1;
kʋl-deoogo;1;Nom;;silure (espèce);catfish sp;;kʋl-deto;Fish;;
kʋl-deoogo;2;Nom;ʋ̀-é-ò;hélicoptère (poisson);fish sp;kʋɩl-deoogo;;Fish;;
kʋle;;Verbe;;broder;embroider;;;;;
kʋlem-bila;;Nom;;clé;key.;kʋɩlem-bila, kʋlen-bila;kʋlem-biisi;;;
kʋlenga;;Nom;;porte;door;kʋɩlenga;kʋlense;Household equipment;;
kʋlen-tɩɩga;;Nom;;arbre (espèce);tree sp;kʋɩlɩɩn-tɩɩga;kʋlen-tɩɩse;Tree;;
kʋl-faanga;;Nom;ʋ̀-á;ruisseau;brook, small stream;;kʋl-faamse;Water;;
kʋlga;;Nom;ʋ́-á;marigot, rivière;river;kʋɩlga;kʋlse;Water;;
kʋlga-toɛɛga;;Nom;;arbre (espèce);tree sp;;;Tree;kaglem-toɛɛga;
kʋl-geemd so-yɛka;;expression;;débouché sur un quai ou une berge;quayside or river bank;;;7;;
kʋl-geemde;;Nom;ʋ̀-é;berge;bank of a river;;kʋl-gɛɛma;Water;;
kʋlg-n-bengdo;;Nom;ʋ̀-é-ó;plante (espèce);plant sp, water spinach;kʋlgen bengdo;;Grass, herb, vine;;
kʋlg-n-dõaaga;;Nom;;plante (espèce);plant sp;kʋlgen dõaaga;;Grass, herb, vine;;
kʋlgrakɛkma;;Nom;;plante (espèce);plant sp;kʋlɩg-ra-kẽk-ma;;Grass, herb, vine;;
kʋlɩg-ra-kẽk-ma;;Nom;;espèce de plante;kind of plant;kʋlgrakɛkma;;Grass, herb, vine;;
kʋlɩg-sisão;;Nom;;espèce de plante;kind of plant;kʋlɩg-si-são;;Grass, herb, vine;;
kʋl-kẽenga;;Nom;;fleuve;river;;;Water;kʋl-ma;
kʋl-kẽka;;Nom;ʋ̀-á;poisson (espèce), koki-koki;fish sp;;kʋl-kẽgse;Fish;;
kʋl-koadenga;;Nom;;perdrix de marigot, francolin à poitrine barrée;river partridge;;kʋl-kodense;Bird;;
kʋl-koɛɛnga;;Nom;;marigot sec;dried up river;;;;;
kʋl-ma;;Nom;ʋ̀-á;fleuve;river;;;Water;kʋl-kẽenga;
kʋl-moodo;;Nom;ʋ̀-ó;herbe de marigot;river grass;;;Grass, herb, vine;;
kʋl-moogo;1;Nom;;espèce de plante;kind of plant;;;Grass, herb, vine;;
kʋl-moogo;2;Nom;;espèce de plante;kind of plant;;;Grass, herb, vine;;
kʋl-nao-satmẽ;;Nom;;embouchure;river mouth, river entrance;;;Water, Land;;
kʋl-noore;;Nom;ʋ̀-ó-è;rive;shore, riverbank, beach.;;;;;
kʋl-nugu;;Nom;ʋ̀-ú-ù;affluent;tributary, affluent, feeder;;;Water;kʋɩlg-naoore;
kʋl-peosgo;;Nom;;oiseau de rivière (espèce);bird sp;;kʋl-piisi;Bird;;
kʋl-pondre;;Nom;ʋ̀-ó-è;poisson ballon;fish sp;;;Fish;;
kʋl-sẽnemde;;Nom;;poisson (espèce), polyptère;fish sp;;kʋl-sẽnma;Fish;kʋl-waafo1;
kʋl-sɩlga;;Nom;;milan de marigot;river kite;;kʋl-sɩlse;Bird;;
kʋl-sʋʋre;;Nom;ʋ̀-é;crevette;shrimp;;kʋl-sʋya;Small animals;;
kʋl-taaga;;Nom;;espèce d'arbre;kind of tree;;;Tree;;
kʋl-vaoko;;Nom;;lit de marigot ravin;river bed, channel, ravine;;kʋl-vagdo;Water;;
kʋl-vosgre;;Nom;;poisson (espèce);fish sp;;;Fish;;
kʋl-waafo;1;Nom;ʋ̀-á-ó;polyptère;fish sp;;kʋl-wiisi;Fish;kʋl-sẽnemde;
kʋl-waafo;2;Nom;ʋ̀-á-ó;poisson serpent;fish sp;;;Fish;;
kʋl-walle;;Nom;ʋ̀-á-è;pigeon des rôniers;palm tree pigeon;;kʋl-wala;Bird;;
kʋl-wango;;Nom;;tortue d'eau douce;soft shelled tortoise;;;Reptile;;
kʋl-waoko;;Nom;;marigot à sec, ravin;dried out river, ravine;;kʋl-wagdo;Water;;
kʋl-yaadga;;Nom;ʋ̀-á;marabout;marabou stork;;kʋl-yaadse;Bird;;
kʋl-zẽoogo;;Nom;;poisson (terme générique), poisson comestible;fish (generic term), edible fish;;kʋl-zẽedo;Fish;;
kʋl-zibri;;Nom;ʋ̀-í-ì;liane (espèce);liana sp;;kʋl-ziba;Grass, herb, vine;;
kʋ-maande;;Nom;;grande cérémonie funéraire en l'honneur d'un défunt;big funeral ceremony to honour a deceased.;;;;;
kʋmbdo;;Nom;ʋ́-o;feuilles de tomates;tomato leaves.;;;;;
kʋmbe;;Verbe;ʋ-è;réunir, rassembler;unite, reunite, congregate, collect, gather together;;kʋmse;;;
kʋmbga;;Nom;ʋ̀-á;champs de tomates (espèce amère);tomato sp field.;;kʋmbse;;;
kʋmbgo;;Nom;ʋ́-ó;résumé;summary.;;;;;
kʋmbre;;Nom;ʋ́-é;tomate amère (espèce);bitter tomato;;kʋmba;Food, Grass, herb, vine;;
kʋmbre waaga;;Nom;;espèce d'arbuste;kind of shrub;;;Bush, shrub;;
kʋmbrsaka;;Nom;ʋ́-à;arbre (espèce);tree sp;;kʋmbrsagse;Tree;yãnd-tɩɩga, bale-sãoogo;
kʋmbrwanga;;Nom;ʋ̀-á-à;arbuste (espèce);shrub sp;;kʋmbrwamse;Bush, shrub;;
kʋmbryẽoogo;;Nom;;arbre à encens (espèce);tree sp;kʋmda-yãoogo;kʋmbryẽedo;Bush, shrub;gõndre yẽoogo;
kʋmdaaga;;Nom;;fête;festival, celebration, feast.;;kʋmdaase;;;
kʋmda-yãoogo;;Nom;;plante (espèce);plant sp;kʋmbryẽoogo;;Bush, shrub;gondr-yẽoogo;
kʋme;;Verbe;;pleurer, crier;weep, cry;kũmi;;;;
kʋmkʋma;;Nom;ʋ́-ʋ́;pleurs, lamentations;crying, lamentations, lament, wailing.;kũmkuma, kʋnkʋma;;;;
kʋmsdga;;Nom;ʋ́-à;somme;sum;kʋmsga;;Mathematics;fãa, sõd-kʋmsdga;
kʋmse;;Verbe;;faire pleurer;cause to weep;;;;;
kʋmsga;;Nom;ʋ́-à;cruche dans laquelle on teste la qualité de la bière;jug in which one tests the quality of beer;;kʋmesse;Container;;
kʋnde;;Nom;ʋ́-é;guitare traditionnelle, violon;traditional guitar, harp;;kʋla, kʋna;Musical instrument;;
kʋn-kʋdga;;Nom;;margouillat agame;kind of lizard;ro-yaaga;;Reptile;;
kʋnkʋdre;;Nom;ʋ́;margouillat mâle;Agama male lizard sp;;kʋnkʋda;Reptile;bõan-daoogo, bõan-kʋnkʋdre;
kʋnkʋɩɩga;1;Nom;;arbre (espèce);tree sp;;;Tree;;
kʋnkʋɩɩga;2;Nom;;arbre (espèce), figuier;tree sp;kʋkʋɩɩga;kʋnkʋɩɩse;Tree;kankam pɛɛlga;
kʋnkʋɩ-pɛɛlga;;Nom;;espèce de figuier;kind of fig tree;kʋn-kʋɩ-pɛɛlga;;Tree;;
kʋ-poaka;;Nom;;veuve;widow;;;;pʋg-kõore;
kʋ-pogdo;1;Nom;;maladie (espèce);disease sp;;;Disease;;
kʋ-pogdo;2;Nom;;temps de veuvage, état de veuve;time of widowhood, being a widow;;;;pʋg-kõto;
kʋre;;Verbe;ʋ́;faire du bruit en remuant dans un trou;make noise by stirring in a hole, moving around.;;;;;
kʋrebre;;Nom;ʋ́-é-è;grandes bottes;big boots, riding-boot;;kʋrɛba;Clothing;;
kʋrge;;Verbe;ʋ́-è;raccourcir / couper une chose;shorten / cut a thing (single instance);;kʋrse;;wõrge1;
kʋrɩb-kʋrɩbe;;Nom;;espèce de plante;kind of plant;;;Grass, herb, vine;;
kʋ-rɩta;;Nom;;celui / celle qui tient la place du défunt le jour des funérailles;the person holding the place of the deceased at the day of the funeral ceremony;;kʋ-rɩtba;Relationships;;
kʋr-kʋre;;Adverbe;;bruit de choc contre les parois;noise from a hitting against a wall.;;;;;
kʋsaaga;1;Nom;á-à;membre de l'ethnie kusaal;Kusaal speaking person;;kʋsaase;Community;;
kʋsaaga;2;Nom;ʋ́;maladie de nouveau né;disease of new born;;kʋsaase;Disease;;
kʋsga;;Adjectif;ʋ́;devenu dur, fibreux;became hard, fibrous;;kʋsse;;;
kʋsge;;Verbe;;devenir vieux, fibreux;become old;;;;;
kʋ-taba;;Nom;;espèce de plante;kind of plant;;;Grass, herb, vine;;
kʋ-toogo;;Nom;;funérailles;funeral ceremony.;;;;;
kʋ-vãaga;;Nom;;grue;crane;;;Bird;bulwãoogo;
kʋʋbo;;Nom;ʋ́-ò;conclusion;conclusion;;;;;
kʋʋda;;Nom;;tueur;killer.;;;;;
kʋʋge;1;Verbe;ʋ́-è;raccourcir (y compris dans le temps), abréger, simplifier;cut one thing, shorten (also speaking of time), make / get short, simplify.;;;;;
kʋʋge;2;Verbe;;couper une chose;cut one thing.;;;;;
kʋʋg-n-gʋlsga;;Nom;ʋ̀-ʋ́-á;abréviation, forme courte, forme réduite;abbreviation, short form;;;;;
kʋʋgre;;Nom;;simplification, réduction;simplification, reduction.;;;;;
kʋʋle;;Verbe;ʋ̀;vieillir;to grow old, to age;;;;kʋdge, wẽke;
kʋʋlem;;Nom;ʋ̀-é;état de vieillesse;old age, oldness.;;;;;
kʋʋlga;;Adjectif;ʋ́;vieux;old.;kʋʋlle;kʋʋlse;;;
kʋʋngo;;Nom;;grand rassemblement, grande foule, très nombreux;large assembly, big gathering, large crowd, large number, many.;;;;;
kʋʋrã bugum;;Nom;;électricité;electricity.;;;;;
kʋʋrã tʋntʋmda;;Nom;;électricien;electrician, electrical engineer;;;Worker;;
kʋʋre;;Nom;;grande cérémonie funéraire, funérailles;big funeral ceremony;;kʋya;;;
kʋʋro wiiri;;Nom;;une prise de courant;plug, socket, power outlet.;;;;;
kʋʋsa;;Nom;;comédien, individu qui fait rire;comic actor, comic actress, individual who makes you laugh.;;kʋʋs-rãmba, kʋʋsdba;;;
kʋʋse;;Verbe;ʋ́-è;raccourcir plusieurs choses;shorten several things.;;;;;
kʋʋsem;;Nom;;humour;humour.;;;;;
kʋware;1;Nom;ʋ̀-á-è;aine, notamment enflée ou douloureuse;groin, especially when it hurts or is swollen;;kʋwaya;Body, Disease;;
kʋware;2;Nom;ù-á-è;plante / herbe (utilisée en vannerie);plant sp (used for basket work);kʋwese;kʋwaya;Grass, herb, vine;mo-poko;
kʋware;3;Nom;;adénite, inflammation d'un ou plusieurs nœuds lymphatiques (ou ganglions);adenitis, lymph-adenitis, inflammation of a gland or lymph node;;kʋwaya;Disease;;
kʋyɛɛre;;Nom;;cuillère;spoon;kuyeere;kʋyɛya, kʋyɛɛr-dãmba;Tool;rɩtga, rɩtga;
kʋ-yiibu;;Nom;;dernière grande funéraire en l'honneur d'un défunt;last big funeral ceremony in the honour of a deceased person.;;;;;
kʋ-yiri;;Nom;;maison funéraire;house where the funeral ceremony takes place.;;kʋ-yiya;;;
la;1;Verbe;á;c'est, être (forme emphatique de «yaa»), c'est ..;;ya;;Grammar;;
la;2;conjonction;à;et (utilisé entre noms et pronoms), ce mot de liaison établit également une relation de coordination, en plus (participant différent, utilisé pour décrire différent pièces d'information);and, plus, in addition (different participants, used to describe different pieces of information);;;Grammar;;
la;3;Verbe;à;rire;laugh;;;;;
la;4;conjonction;à;mais;but;;;Grammar;;
la;5;Adverbe;à;expression indiquant une mise en garde, le locuteur attend certaines conséquences, élément assertif qui sous-entend une menace;indicating that something will happen soon as a consequence.;;;;;
-la;;Pronom;á;forme moyenne de la marque de déclaration «lame», collé par un trait d'union au pronom qui suit le verbe;middle short form of the declaration mark «lame», always linked to the preceding short pronoun by a hyphen;-a;;Grammar;;
-ẽ;;conjonction;à é;tout en, en même temps, pendant que;as, doing at the same time, while;;;Grammar;;
La baoosgo;;conjonction;;cependant, pourtant;yet, however, nevertheless;;;;;
laabo;;Nom;á-ò;engoulevent;bird sp, Night-jar;;laabse, laab-rãmba;Bird;;
laado;;Nom;á;le rire, moquerie;laughing, jeer.;;;;;
laafɩ;;Nom;à-ɩ́;paix;peace;;;;bãanem2;"yĩn-pa-noom, pa-keem; synonyme: bãanem2"
laafɩ bala;;interj;;ça va, ça va bien;all is fine, I am OK, doing good, doing fine.;;;;;
laafɩ la bũmbu;;expression;;la santé, la santé avant tout;Health, the all importance of health.;;;;;
laaga;1;Nom;á;plat (récipient);dish, bowl;;laase;Container;;
laaga;2;Adjectif;;plat;flat, even;;laase;;;
laagda;;Nom;á;fossoyeur;gravedigger.;;laagdba;;;
laage;;Verbe;à;couper une mince couche;cut a thin /slim layer;;laase;;;
laale;1;Verbe;á-è;planer;soar, hover;;;;;
laale;2;Nom;;musaraigne de brousse;bush shrew mouse.;;;;;
laale;3;Verbe;á-è;déplier;unfold;;;;;
laalga;;Nom;à-à;perche;rod, pole.;;laalse;;;
laarba;;Nom;à;mercredi;Wednesday;;;Household equipment;arba;
laasre;;Nom;á-è;au-delà;the next world, on the other side.;;;;;
labende;1;Adjectif;;aplati;flattened;labelle;labla;;ladfo;
labende;2;Verbe;á-è;aplatir en tapant dessus;flatten by hitting upon;;;;;
labga;;Adjectif;à-á;plat et peu élevé;flat and not high;;labse;;;
labge;;Verbe;á-è;aplatir, écraser (en jetant sur);flatten sth., squash.;;;;;
lab-labe;;Adverbe;à;à basse altitude;low above ground, not high up;;;;;
lablge;;Verbe;;aplatir;to flatten, smooth out.;;;;;
labre;;Adjectif;à-é;aplati et large;flat and wide;;laba;;;
labse;1;Verbe;á-è;se mesurer, se comparer à;to vie with, measure with, size up, to compare self with;;;;;
labse;2;Verbe;á-è;être beaucoup, en grand nombre, immense;be numerous, huge, enormous, in large numbers, immense, to be many, plenty, big;;;;;
labsem;;Nom;á;étendue, importance, immensité;range, stretch, size, dimension, importance, immensity, bigness, quantity;;;;;
labsga;;Adjectif;á-á;large;wide, broad;;labesse;;;
lada;;Nom;;canard;duck;lade;;Bird;;
lade;;Nom;à-é;canard;duck;lada;lad-dãmba, lada;Animal husbandry, Bird;;
ladfo;;Adjectif;;aplati;flattened;;;;labende1;
lae-lae;;Adverbe;á;jamais;never;lɛ;;;;
lagdwaase;;Nom;;ardoise;writing board, slate;;lagdwaas-rãmba;Teach;walga2;
lage;1;Verbe;á;flotter au vent;flutter in the wind, to float in the wind;;;;;
lage;2;Verbe;á;concasser;breakup, crushing.;;;;;
lagem-lagem;;Nom;;union;union;;;;lagem-n-taare, sulli1, laogengo;
lagem-n-taar laogo;;Nom;à-á-áo-ó;biens communs;common property;;;;tagem-n-taar bũmbu;
lagem-n-taare;;Nom;à-á-é;groupement, union, association;grouping, association, union, society;;;;laogengo, lagem-lagem, sulli1;
lagem-taaba;;Nom;;coopération;cooperation.;;;;;
lagengo;;Nom;;union, groupement, communion;union, communion.;laogengo;;;;
lagfo;;Nom;á;cauris, pièce d'argent, unité de monnaie;cowrie, money-coin;;ligdi;;;
lagle;;Verbe;á-è;recouvrir une surface avec quelque chose de léger;cover a surface with something light;;lage;;;
lagme;;Verbe;à;unir, mettre ensemble, mettre avec;join together, put with, put together;;;;naage, mage2;"lake1; synonyme: naage, mage2"
lagse;;Verbe;;déplier;unfold.;;;;;
lahagi;;Nom;;al Hadji, quelqu'un qui est allé à la Mecque;Al Hajji, a Muslim man who went to Mecca.;;lahagiimba;;;
lahagiimba;;Nom;;pèlerins;pilgrims.;;;;;
laka;;Nom;á-à;omoplate;shoulder blade, scapula;;lagse;Body;lalenga1;
lake;1;Verbe;á-è;détacher, soulever, décoller ce qui est posé à plat;separate things that are joined, lift up, take up, raise up, take off, unstick, break loose from;;lagse;;;lagme
lake;2;Verbe;à;butter contre, heurter, trébucher;to bump, dash against, hit, strike, knock into, knock against, to stumble;;;;;
lake;3;conjonction;à;si jamais;if ever;;;;;
lakrɛ;;Nom;à-ɛ́;craie;chalk;;;;goore;
lalanga;;Nom;à-á;poisson (espèce);fish sp;;lalamse;Fish;;
lalenga;1;Nom;;omoplate;shoulder blade;;lalemse;Body;laka, bãg-peoogo;
lalenga;2;Adjectif;;à la légère, sans importance, léger;light (in weight), lightweight, lightly, thoughtlessly;;lalense;;;zɩslem, zɩse, zɩʋsgo
lalga;1;Nom;á;mur;wall;;lalse;Household equipment;;
lalge;;Verbe;á-è;enlever ce qui couvre une surface;take off;;laale, lalse;;;
lalle;1;Nom;á;arbuste (espèce), henné;shrub sp;;;Bush, shrub;;
lalle;3;Adverbe;á;de côté, à l'écart;to the side, aside, aloof, off.;;;;;
lalle;4;Nom;;bourse (contenant les testicules), scrotum;scrotum;lande;lala;Body;;
lalle;5;Verbe;à;mettre de côté;to put sth;;;;;
laloa;;Nom;à-óa;la loi;the law;;;Government;noore1;
lalse;;Verbe;à;marcher à pas feutrés;walk without making noise.;;;;;
lal-wɛdg;;Nom;;mur incomplet;incomplete wall;;;;;
lama;;Adverbe;;calmement, tranquille, silencieux;calmly, quietly, noiseless, silently;;;;;
lamboaama;;Adjectif;;édenté;toothless, with teeth missing.;;;;;
lamboeega;;Nom;á-óé-à;arbuste (espèce d');shrub sp;lamboaetga, lam-boaeega;lamboeese, lam-boeese;Bush, shrub;nabre2, nabedga;
lamboeere;;Nom;á-é;fruit comestible d'arbre (boscia senengalensis);edible fruit sp;;lamboeya;Food;;
lamboɛtga;;Nom;á-óé-à;arbuste (espèce);shrub sp;;lamboese, lamboetse;Bush, shrub;kalyãnga;
lamde;1;Adjectif;à-é;aplati;flat, plate-like;;lama;;;
lamde;2;Nom;à-é;tubercule de brousse de forme ovale;wild tuber;;lama;Food;kalamde1;
lamdo;;Nom;á-ò;cotonnier, coton;cotton plant, cotton;laongo;;Grass, herb, vine;lam-tɩɩga;
lame;2;Verbe;à;se tapir, se blottir, s'appliquer contre;crouch down, squat, nestle;;;;;
lam-lame;1;Adverbe;à;doucement, à petits pas;softly, with short steps;;;;;
lam-lame;2;Adverbe;á;fortement, à haute voix;strongly, with a loud voice;;;;;
lamm;;Adverbe;á;complètement aplati, blotti contre le sol;flat on the ground;;;;;
lam-meoko;;Nom;;coton sauvage;wild cotton;;lam-megdo;Grass, herb, vine;;
lampã;;Nom;;lampe;lamp.;;;;;
lampɛka;;Nom;;gifle;slap;;lampegse;;pɛka;
lampo;;Nom;à-ó;impôt;tax;;;Money, Government;faodgo;
lam-pʋʋgo;;Nom;à-ʋ́-ò;champ de coton;cotton field;;;Agriculture;langa1, goarga;
lamse;;Verbe;à;marcher à pas feutrés le long de, en évitant de se faire voir;to sneak along beside.;;;;;
lam-tɩɩga;;Nom;;cotonnier;cotton plant;;;Grass, herb, vine;lamdo;
lamusa;;Nom;à-ú-à;jeudi;Thursday;;;;alkamisa;
lam-zʋʋdo;;Nom;à-ʋ́-ò;herbe (espèce) servant a faire des balais;grass sp used to make brooms;;;Grass, herb, vine;;
lan-biiga;;Nom;à-í;testicule;testicle;lan-bila;lan-biisi;Body;;
lan-bila;;Nom;à-í;testicule;testicle;lan-biiga;lan-biisi;Body;;
lande;;Nom;á;bourse, scrotum;scrotum;lalle;lana;Body;lan-korgo;
landgo;;Nom;;rate;spleen.;laondgo;;;;
landre;;Nom;á;musique pour la marche funèbre;music for the funeral procession;;;;;
langa;1;Nom;á-à;champ de coton;cotton field, cotton farm;;lanse, lamse;Agriculture;lam-pʋʋgo, goarga;
langa;2;Adjectif;à-á;bas;low (not high), low-down;;lamse;;;
lange;1;Verbe;á-è;être habitué à, avoir l'habitude;be accustomed to, habituate to, be used to;;;;;
lange;2;Verbe;á-è;marcher en zigzaguant, tituber;walk in a zigzag manner, stagger.;landme;;;;
langlga;;Adjectif;à-à;très léger;very light;;langlse;;;
lan-korgo;;Nom;;bourse, scrotum;scrotum;;;Body;lande;
laog zãab baoosgo;;expression;;économie (science, gestion);economic science, economics and management;;;Teach, Language and thought;;
laog zãab seb-vãoogo;;expression;;fiche comptable;account card;;;Money;;
laog zãabo;;Nom;ào-á-ò;gestion;management;laog-zãabo;;Money;;
laogengo;;Nom;ào-ó;unité, union, association;unity, oneness, union, association;;;;lagem-lagem, lagem-n-taare;
laog-geelgo;;Nom;ào-é-ó;bilan;balance sheet, balance of accounts;;;Money, Mathematics;yals-n-gɛsga;
laog-gũusda;;Nom;;commissaire aux comptes;auditor, accountant, comptroller;;;Money, Worker;;
laogo;;Nom;á-ò;richesses, trésor, économie, ressource;richness, wealth, treasure, savings, riches;;;Money;"naongo; antonyme: naongo";naongo
laog-zãada;;Nom;ào-á-à;trésorier;treasurer, cashier;;;Worker;;
laok zɩslem;;expression;;tare;tare weight;;;Mathematics;;tõr zɩslem
laoko;;Nom;à;récipient, cuvette;container, dish, bowl;;lagdo;Container;;
laondgo;;Nom;à-ò;rate;spleen;landgo;landedo;Body;lalga2;
laongo;1;Nom;áo-ò;fil;yarn, thread, cotton-thread.;;lamdo;;;
laongo;2;Nom;;coton;cotton.;;;;;
laooga;;Nom;ào-á;rat (espèce);rat sp;;laoose;Mammal;;
laoore;1;Nom;áo-è;mil bouilli;boiled millet;;;Food;;
laoore;2;Adjectif;ào-é;gros et rond;big / fat and round;;laoa;;lʋmbre;
laoosda;;Nom;á-á;moqueur;mocking person.;;laoosdba;;;
laoose;;Verbe;áo-è;alterner, intercaler;to intersperse, put alternately, alternate, put in between, not follow the order, pick and choose;;;;;
lare;;Nom;á-è;hache;axe, an adze;;laya;;;
large;;Verbe;á-è;s'éclipser, s'écarter;slip away, step aside, draw aside;;;;;
lase;;Verbe;á;parler mal;say bad things.;;;;;
la-tɛbla;;Nom;;fléau de la balance;balance beam;;;;bolen-daoogo2;
la-tɛrga;;Nom;;assiette;dish, plate;;;Container;;
latme;;Verbe;à;tituber, zigzaguer;stagger, lurch, zigzag;;;;;
la-wɛdga;;Nom;;plat ébréché;chipped dish;;;;;
lay;;Nom;á;ail;garlic;;;Food;;
le;1;auxiliaire;é;encore, de nouveau;again, once more;leb;;;ye3, manege3;
le;2;Verbe;è;mettre la nourriture à la bouche de quelqu'un pour le faire manger;hold food at the mouth of somebody to make him eat, to feed sb;;;;;
le boole;;expression;;rappeler, appeler de nouveau;call again.;;;;;
le loe;;Verbe;;renouer;retie.;;;;;
le looge;;Verbe;;repartir;to leave again.;;;;;
le wa;;Verbe;;revenir;come back, come again.;;;;;
leb poorẽ;;expression;;précédant;previous;;;computer / digital;;
lebe;1;Verbe;è;retourner, repartir, revenir;return, go again, come back, go back;;;;;
lebe;2;auxiliaire;è;encore, de nouveau;again, once more;le;;;ye3, manege3, yẽbge2;
lebe;3;Verbe;è;assimiler;assimilate;;;Grammar;;
lebende;;Adjectif;é;envers (à l'), qui n'est pas dans le bon sens;upside down, inside out;;lɛbla;;tulgumdi;
lebg n gomde;;Verbe;;traduire;translate.;;;;;
lebg n maanega;;expression;;reproduction;reproduction.;;;;;
lebg n sele;;expression;;repiquer;to transplant, prick out;;;Agriculture;;
lebge;1;Verbe;è;renverser;turn over, tip over, to invert sth., turn upside-down;;;;;
lebge;2;Verbe;è;se transformer (en), devenir;transform into, to become;;;;;
lebge;3;Verbe;;faire à son tour, être le tour de;it is my turn to;;;;;
lebg-n-dɩka;;Nom;è-ɩ́-á;report;postponement.;;;;;
lebg-n-gɛsga;;Nom;è-ɛ́-á;révision;revision;;;Mathematics;;
lebgre;;Nom;;retour;return;;;;;
leb-n-ges-y;;expression;;comparez aussi, regardez aussi;compare also, see also;;;;;
lebre;;Nom;;assimilation;assimilation;;;Grammar;;
lebs samde;;Verbe;è á-è;rembourser;pay back, repay, reimburse, redeem a loan;;;;yao samde;
lebse;;Verbe;é-è;rendre, remettre, restituer;hand back, put back, return sth., give back;;;;;
lebsgo;;Nom;;fait de rendre, de donner en retour, restitution;giving back, paying back.;;;;;
lede;;Verbe;é;remplacer, substituer;replace, substitute, put/be in place of;;;;;
ledge;;Verbe;;remplacer;replace.;;;;;
ledme;;Verbe;é-è;inter-changer, faire alterner;interchange, alternate, to intersperse, put alternately;;;;;
led-m-zĩigẽ sebre;;Nom;é;procuration;letter of attorney.;;;;;
leebe;1;Verbe;è;commercer, faire du commerce;to trade, be a merchant.;;;;;
leebg ligd-kʋmbdga;;Nom;;chiffre d'affaires;turnover;;;Money;;
leebgo;;Nom;;commerce;trade.;;;;;
leedo;;Nom;;plantes ou décoction utilisées pour purger une personne;plant or brew used for enemas;;;Grass, herb, vine;;
leege;1;Verbe;è;lavement (faire un);to give an enema;;;;;
leege;2;Verbe;;décanter, verser d'un récipient dans un autre;to decant, pour from one container to another.;;;;;
leemse;;Verbe;è;mettre dans la bouche;put into the mouth, to taste.;;;;;
lege;;Verbe;é;guider;guide.;;;;;
leke;1;Verbe;é-è;empêcher d'aller trop loin, de s'égarer;to restrain, hold back sb., prevent from going too far, to get lost, go astray;;lɛgse;;;
leke;2;Verbe;é-è;compléter pour faire plein, ajouter pour faire plein;supplement to make full, fill up, add to make full;;lɛgse;;;
leke;3;Verbe;é-è;embêter;annoy, bother;;;;mere;
lekolle;;Nom;é;école, instruction scolaire;school, academic instruction;;lekoala;Teach;;
lekr geel-ware;;expression;;opération à une inconnue;operation with one unknown factor;;;Mathematics;;
lelme;;Verbe;è;lécher;to lick sth;;;;;
le-longo;;Nom;;espèce de plante;kind of plant;;;Grass, herb, vine;;
lelongo;;Nom;é-ò;plante grimpante (espèce);climbing plant sp;;lelondo;Grass, herb, vine;;
lembe;1;Verbe;è;goûter;sample, taste to know;;;;;
lembe;2;Verbe;è;donner un surplus sur la quantité achetée;give some more to somebody who bought something, to give a dash, a surplus, discount;;;;;
lembergi;;Nom;;boisson, citronnade;beverage, drink, lemon squash, lemonade.;lemburgi;;;;
lembg yalg wilgda;;expression;;goût (sens);taste;;;Body;;
lemburi;;Nom;è-ú-ì;citron;lemon, lime;;;Food;sɩtoro, sɩtorgo;
lembur-miisga;;Nom;;espèce de citronnier;kind of lemon tree;;;Tree;;
lembu-tɩɩga;;Nom;è-ú-ɩ́-á;citronnier;lemon tree;;lembu-tɩɩse;Tree;sɩtoro tɩɩga;
lemde;;Nom;è-é;menton;chin;;lɛma;Body;;
lem-leme;;Adjectif;è;souple, flexible;elastic, supple, flexible.;;;;;
lemse;1;Verbe;è;donner à goûter;give someone to taste (food), to taste, to give a taster;;;;;
lemse;2;Verbe;é-è;répliquer de manière non courtoise;talk back in a impolite way.;;;;;
lende;;Adjectif;é;plat, peu profond ou peu relevé;flat, not deep or high.;;lɛla, leana;;;
lend-lende;;Adverbe;é-é-è;marche saccadée (pendant qu'on pousse la personne);jerky walking (while one pushes the person).;lendem-lendem;;;;
lenge;1;Verbe;é-è;remuer (liquide);to stir (a liquid);;;;;
lenge;2;Verbe;è;presser;press, weigh down, squeeze.;;;;;
lengre;;Nom;è-é;écuelle;feeding dish;;lense;Container;;
leo;;Verbe;;enlever ou extraire avec un outil;to scrape out (using a tool), to scoop;;;;;
leoke;1;Verbe;è;répondre;to answer, respond, reply;;leo;;;
leoke;2;Verbe;;enlever ou extraire avec un outil;to scrape out (using a tool), to scoop;;;;;
leolengo;;Nom;;plante grimpante (espèce);plant sp;;lelendo;Grass, herb, vine;;
leo-leo;;Adverbe;é;rapidement et avec énergie;quickly and full of energy;;;;;
leoore;;Nom;éo;réponse;answer;;;Mathematics;;
lepre;;Nom;è-é;petite corbeille en paille, van;small basket made of straw.;;lɛpa;;;
leta;;Nom;é;l'état (pays, nation);the state (country, nation).;;;;;
lete;;Verbe;;remplacer, substituer;replace, substitute;;;;;
lɛ;1;Verbe;ɛ́;ouvrir en deux, ouvrir à plat en écartant les deux côtés;open into two parts, to spread sth., open (as e.g;;;;;
lɛ;2;Adverbe;ɛ́;plus jamais;never again;lae;;;;
lɛbenga;;Nom;ɛ̀-á;repousses d'herbe;grass growing again;;lebense;Grass, herb, vine;;
lɛbga;;Nom;ɛ́-á;antonyme;antonym;;;Grammar;;
lɛdga;;Adjectif;ɛ̀-á;peu profond;not deep, shallow;;ledse;;kɩdga2;
lɛɛba;;Nom;ɛ̀-á;commerçant, marchand;trader, tradesman, merchant, dealer;lɛɛbda;lɛɛbdba;Worker;;
lɛɛbda;;Nom;;commerçant;trader, merchant, dealer;;;Worker;;
lɛɛga;;Nom;;rat (espèce) donnant beaucoup de petits;rat sp, rat producing lots of babies;;leese;Mammal;;
lɛɛge;1;Verbe;ɛ́-è;écarter ce qui surnage dans un liquide;skim, take away what is swimming on top of a liquid;;lɛ;;;
lɛɛge;2;Verbe;ɛ́-è;arroser avec la main, asperger avec la main;irrigate / water with the hand, sprinkling with the hand.;;;;;
lɛɛge;3;Verbe;ɛ́-è;revenir sur ses pas;double back, trace his steps, come back to;;;;;
lɛɛla;;Nom;ɛ́-á;fruits d'arbre (espèce);fruits of tree sp;lɛɛna;;Food;;
lɛɛle;;Verbe;ɛ́-è;être penché sur le côté;to be tilted, canted, not standing upright, be tilting to one side, cant, slant;;;;;
lɛɛnga;;Nom;ɛ́-à;arbuste (espèce), citron de mer, prune de mer;shrub sp;;leense;Bush, shrub;;
lɛɛr foolle;;Nom;;fuseau horaire;time zone;;;Land;;
lɛɛr pʋgẽ kẽn tʋʋlem;;expression;;vitesse horaire;hourly speed, speed per hour;;;Mathematics;;
lɛɛr pʋgẽ km sõore;;Nom;ɛ́ ʋ̀-é ó-è;vitesse en km/h;speed in km/h;;;;;
lɛɛre;;Nom;ɛ́-è;heure (dénombrable);hour (countable);;;Mathematics;;
lɛɛse;;Verbe;ɛ́-è;danser en se balançant de droite à gauche;dance swinging from the right to the left.;;;;;
lɛgb-lɛgbe;;Adjectif;;souple, flexible, pliant;elastic, flexible, supple, pliable.;;;;;
lɛge;1;Verbe;ɛ́;laper;lap up;;;;;
lɛge;2;Verbe;ɛ́;remuer;wag, waggle, move;;;;;
lɛgenda;;Nom;;guide;guide;;;;;
lɛgle;;Verbe;ɛ́-è;conduire un troupeau, empêcher de s'écarter d'un groupe;lead a herd / flock, hinder a group to get astray;;;;;
lɛ-lɛ;;Adverbe;ɛ́;pas du tout, jamais;not at all, never;lae-lae;;;;
lɛlga;;Nom;;terre salée léchée par les animaux;salty ground that animals like to lick;;lelse;;seelgo;
lɛma;1;Adverbe;ɛ̀;mou;soft, supple;;;;numa, nuga, nuga;
lɛnga;;Nom;ɛ́;surplus offert après l’achat, rabais, bonus;surplus given to the client, discount, a dash, extra added to goods sold;;lemse;;;
lɛooga;;Nom;éo-à;hameçon;fish-hook;loɛɛga;leoose;;zĩm-gõaaga, zĩm-lɛooga;
lɛta;;Nom;ɛ́-á;représentant, substitut, pronom;representative, stand-in, surrogate, pronoun;;lɛtba, letse;;;
lɛta toolg zĩiga;;Nom;;poste;position, job.;;;;;
lɛt-pɛɛsdga;;Nom;;pèse-lettre;letter scale;;;Tool;;
lɛtre;;Nom;;lettre;letter.;;;;;
li;;Nom;í;lit;bed.;;li-rãmba;;;
libga;1;Nom;í-á;mouton de pelage noir;sheep with black fur;;libsi;Animal husbandry;;
libga;2;Nom;í-á;sans corne (bœuf ou mouton);without horns (cow or sheep), hornless cow;;libsi;Animal husbandry;;
libgi;;Verbe;;ôter le couvercle;take off the lid, cap, cover, to uncover a container;;;;fũki;
libi;;Verbe;;cacher;to hide sth;;;;;
libli;;Verbe;ì;rapiécer;patch, mend;;;;;
lib-libi;1;Adverbe;í;très plein;very full;;;;;
lib-libi;2;Adverbe;ì;quelque peu obscure, pas intelligent;somewhat dark, obscure, dim, not very intelligent;;;;;
lib-libi;3;Nom;;cache-cache;hide and seek;;;;;
libsgu;;Adjectif;;flou, ne pas claire;fuzzy, not clear, blurred;libs-libsgu;;;yiisinga;
libsi;;Verbe;í-ì;assombrir, couvrir de nuages;to darken, get dark, lour (weather), dim, cover with clouds;;;;limsi2, limsi2;
libs-libsgu;;Adjectif;;flou, ne pas claire;blurred, fuzzy, not clear;libsgu;;;yiisinga;
libtuu;;Adverbe;;très sombre;very dark;;;;;
libtuuga;;Nom;ì;ignorant et naïf;uneducated and naive.;;libtuusi;;;
lidgi;;Verbe;í-ì;rater, louper son objectif;to miss ones mark, fail, not hit the target.;;lidi;;;
lidri;;Nom;í-ì;herbe très fine (espèce);grass sp (very thin);;lida;Grass, herb, vine;kalidri;
liga;1;Adverbe;ì;coup bruyant, bruit de détonation;loud blow, loud noise of detonation;;;;;
liga;2;Adverbe;í;très (intensification d'autres descriptifs);very (intensifies other descriptives);;;;;
ligd kẽesgo;;Nom;;encaissement;cashing;;;Money;;
ligd kũuni;;Nom;;financement;financing;;;Money;;
ligd lobre;;Nom;;cotisation;contribution;;;Money;;
ligd reegr ne sɛka;;expression;;retraite par chèque;getting money by cheque;;;Money;;
ligd reegre;1;Nom;í é-é;retrait;draw out money, withdrawal;;;Money;;
ligd reegre;2;Nom;;recouvrement;collection, recovery;;;Money;;
ligd yiisgu;;Nom;;décaissement;out-payment, pay-out, disbursement;;;Money;;
ligd yikdga;;Nom;ì ì-à;prix de revient;factory costs, net cost price;;;Money;;
ligd-bãoonego;;Nom;;monnaie;change, money coins;;;Money;;
ligd-baoore;;Nom;;compte d'argent;money account;;;Money;kõnte, kõnte;
ligd-bẽgendem;;Nom;;économies, épargne;savings;;;Money;bẽgnego, kẽgsgo;
ligd-bẽgendem doogo;;Nom;;institution d'épargne;savings institution, institution for savings;;;Money;;
ligd-bẽgendem sebre;;Nom;;cahier d'épargne;savings book;;;Money;ligd-kẽgsg sebre;
ligd-bere;;Nom;ì-é;solde;balance;;;Money;koglg ligd sẽn lebgre;
ligd-bĩngdim sebre;;Nom;;cahier d'épargne;savings book;;;Money;ligd-kẽgsg sebre;
ligdi;;Nom;í;argent (monnaie);money;ligidi;;Money;wãdgre;
ligd-kẽedga;;Nom;;crédit, recette;credit, takings, receipts;;ligd-kẽedse;Money;;
ligd-kẽedse;;Nom;ì;recettes;receipts;;;Money;;
ligd-kẽgsdem;;Nom;ì-è-é;épargne;savings, thrift;;;Money;bĩngri;
ligd-kẽgsg sebre;;Nom;;cahier d'épargne;savings book;;;Money;ligd-bĩngdim sebre, ligd-bẽgendem sebre;
ligd-lɛbsdga;;Nom;;ristourne;discount, rebate;;;Money;;
ligd-ma;;Nom;ì-á;capital;capital, principal;;;Money;ligd-zugu;
ligd-pemde;;Nom;ì-é-è;prêt;loan;;;Money;;
ligd-pɛngdga;;Nom;ì-ɛ́-à;emprunt;loan, borrowing;;;Money;sam-yiisdga;
ligd-roaglga;;Nom;;intérêt;interest;;;Money;;
ligd-rogdse;;Nom;ì-ò-é;intérêts;interests, interest rate;;;Money;;
ligd-tʋmdga;;Nom;;budget;budget;;;Money;;
ligd-vẽeneg kẽesgo;;Nom;;versement en argent liquide;payment in cash;ligd-vẽeneg kiigri;;Money;;
ligd-vẽeneg kiigri;;Nom;;versement en argent liquide;payment in cash;;;Money;;
ligd-vẽenega;;Nom;;argent liquide;ready money, cash;;;Money;;
ligd-wõrgdem;;Nom;ì-ò-é;débit;debit;;;Money;;
ligd-yende;;Nom;;espèce de plante;kind of plant;;;Grass, herb, vine;;
ligd-yiisdi;;Nom;;dépense;spending, expenditure;;;Money;;
ligd-yitga;;Nom;ì-í-á;dépense, sortie;expense, outlay;;;Money;;
ligd-zẽngdga;;Nom;;indemnité;indemnity, compensation, allowance;;;Money;;
ligd-zugu;;Nom;;capital;capital;;;;ligd-ma;
ligi;;Verbe;í;battre très fort (cœur);pulsate very fast (heart);;;;;
ligli;1;Verbe;ì;esquiver, feinter;to parry, dodge, feint, dummy;;;;;
ligli;2;Verbe;í;rapiécer, raccommoder;patch up, mend, stop up, plug up;;;;za2;
ligsgu;;Adjectif;;sombre;dark, shadowy.;;;;;
liibi;;Verbe;ì;distraire pour tromper, feinter;distract, divert to cheat / deceive, to make a feint, to con, dummy, fake.;;;;;
liidi;;Verbe;ì;cacher, dissimuler;hide, cover up, dissimulate.;;;;;
lika;;Nom;í-à;obscurité, ténèbres;dark, darkness, obscurity, gloom;;;Colour;tantabre1;
liki;;Verbe;í-ì;apparaître, se montrer, devenir claire;emerge, come into sight, appear, become visible, show self;;;;;
lilga;;Nom;í;petit mur à l'entrée de la cour;small wall at the house entrance;;lilsi;Building;;
lilgi;;Verbe;ì;contourner;go around.;;;;;
lilinga;;Nom;í-í;criquet (espèce), sauterelle;locust sp;;lilimsi;Insect;;
lillga;;Nom;;rideau;curtain;;;Household equipment;;
lilli;;Verbe;ì;cacher, masquer;hide, mask, cover;;;;;
limaam;;Nom;ì;l'imam;imam;;limaam-dãmba;Worker;;
limdi;;Nom;í;couvercle;lid, cover;linga;lima;;linga;
limi;;Verbe;;submerger, recouvrir complètement;submerge sth;;;;;
limoro;;Nom;í-ó;numéro;number;limore;;Mathematics;;
limsi;1;Verbe;ì;immerger, faire recouvrir d'eau;immerse, cause to be covered with water, dip / dunk kit completely.;;;;;
limsi;2;Verbe;í-ì;s'assombrir, se noircir (météo);darken (weather), to get dark, lour (weather);;;;libsi, libsi;
linga;;Nom;;couvercle;lid, cover;;;;limdi;
lingdim;;Adjectif;í-é;subite;sudden;;lingdɩ;;;
lingi;;Verbe;;surprendre, arriver sans s'annoncer, étonner;to surprise sb., come without notice, turn up unexpectedly;;;;tuki4, pibi2;
lingri;;Nom;í-ì;surprise, étonnement;surprise, amazement;;;;;
lisgi;;Verbe;í-ì;raccommoder, coudre par-dessus, rapiécer;mend, darn, sew on top of, patch, sew on a patch;;lisi;;za2;
lisgu;;Nom;í-ú;baptême;baptism;;;;soobo;
lisi;;Verbe;ì;plonger, baptiser;to dive, plunge, baptise;;;;;
lislaama;;Nom;ì-á;adepte de l'Islam;follower of Islam.;;lislaamba;;;
lislaamdo;;Nom;ì-á-ó;religion islamique, Islam;Islamic religion, Islam.;;;;;
litla;;Nom;í-à;petite pioche pour sculpter;small hatchet for carving;;litli;Tool;;
liulgu;;Nom;í;gris-gris qui rend invisible;fetish that makes invisible, invisibility charm, a magic spell to make one invisible.;;;;;
liullgu;;Nom;;éclipse;eclipse;;;Sky;;
liuugu;;Nom;í;petit bouton sur la peau;small spot /pimple on the skin.;;liidu;;;
liuul noore;;Nom;;bec;beak, bill.;;;;;
liuul saaga;;Nom;;herbe fine (espèce de);kind of thin grass;;;Grass, herb, vine;kalidri;
liuula;1;Nom;í-á;un oiseau;a bird;luiila;liuuli;Bird;;
liuula;2;Nom;í-á;sorte de maladie qui frappe les enfants;kind of disease attacking the children;;liuuli;Disease;;
liuuli saaga;;Nom;;espèce d'herbes utilisé par les oiseaux pour faire leur nids;kind of plant used by birds to make their nests;;liuuli saase;Grass, herb, vine;;
liuuli sibi;;Nom;;espèce de plante;kind of plant;;;Grass, herb, vine;;
liuun-sʋlga;;Nom;;tisserin;weaverbird;;;Bird;koobre4, naab rɛɛmba;
li-zʋʋre;;Nom;;espèce de plante;kind of plant;;;Grass, herb, vine;;
lɩdga;;Nom;ɩ̀-á;anus, cul, postérieur;anus, ass-hole, buttock, behind;;lɩdse;Body;sɛ-nifo;
lɩd-nifu;;Nom;;anus;anus, ass-hole;;;Body;sɛ-nifo, yẽd-nifu;
lɩdre;;Nom;ɩ́-è;dent de lait;baby tooth;;lɩda;Body;bĩisim yẽnde;
lɩge;1;Verbe;;menacer du doigt;threaten with finger, menace;;;;;
lɩge;2;Nom;;se prépare (pluie);get ready (of rain);;;;;
lɩgme;;Verbe;ɩ́-è;chatouiller;tickle;;;;;
lɩɩnga;;Nom;ɩ̀-á;plante (espèce) dont les feuilles sont comestibles;plant sp of which the leaves are edible;;lɩɩnse;Grass, herb, vine;;
lɩɩse;;Verbe;ɩ̀;aider;to help sb;;;;sõnge;
lɩke;1;Verbe;ɩ́-è;extraire avec un objet pointu;take out with the help of an instrument;;lɩgse, lɩge;;;
lɩke;2;Verbe;ɩ̀;regarder par une ouverture;look through an opening (e.g;;;;;
lɩkre;;Nom;;fait de se pencher pour regarder;bending /leaning to look;;;;;
lɩnga;;Nom;ɩ́-à;gourde;flask, gourd, water-bottle, calabash type;;lɩmse, lɩnse;Container;;
lɩtre;;Nom;ɩ́-è;litre;litre.;litri;;;;
lɩʋʋ;;Adverbe;ɩ́;gonflé, rempli de liquide;swollen, full of liquid;;;;;
lɩʋʋgo;;Nom;ɩ́ʋ-ò;puisette;container for drawing water;;lɩɩdo;Tool;;
loaaba;;Nom;óa-à;poche;pocket;loa, loaabga;loobse;;gɩfo1;
loaabga;1;Nom;òa-á;Lobi (ethnie du Burkina);person of the Lobi people;;;Community;;
loaabga;2;Nom;òa-à;fronde;sling;;loobse;Tool;;
loaada;;Nom;;passant;passer-by;;;;so-loaada;
loabdga;;Nom;ó-á;celui qui lance avec un lance-pierres;person using a sling to throw.;;loabdba;;;
loabga;;Nom;;lance-pierre;sling.;loabdga;;;;
loadga;;Nom;;mollet;calf;;;;kar-lʋlga;
loalenga;;Nom;óa-à;passerelle, pont;footbridge, bridge;;lolemse;;põ1;
loalga;;Nom;óa;taureau, bœuf;bull, bullock, ox;;lolse;Mammal, Animal husbandry;lʋlla;
loanda;1;Nom;ò-á;écureuil de Gambie;Gambian Sun squirrel;;londse;Mammal;;
loanda;2;Adverbe;óa;de façon irrégulière, discontinue;in a irregular manner;;;;;
loandfulgu;;Nom;ó-ú-ú;galago du Sénégal;Senegal Bush-baby;loandfirga;;Mammal;;
loanga;1;Nom;ó;grenouille;frog;;lomse;Amphibian;;
loanga;2;Nom;óa-à;grande fosse;big pit, hole in the ground.;;lomse;;;
loay yalsgo zĩiga;;Nom;;gare de cars;bus station.;;;;;
lob noaaga;;expression;;jeter poulet, consulter le sacrificateur pour voir la position de la poule lorsqu'elle tombe;in the context of a diviner: to throw a chick in the air and see how it falls.;;;;;
lobe;1;Verbe;ó;jeter, lancer;throw, sling;;;;;
lobe;2;Verbe;ó;cotiser;pay contribution, put aside, make a contribution;;;;;
lo-bedre;;Nom;;camion, autocar;lorry, truck;;lo-bɛda;Travel;kamiyõ;
lobge;;Verbe;ó-è;lancer, jeter;to throw sth., hurl;;lobe;;;
lobre;;Nom;;lancement, jet;throwing, casting.;;;;;
lodge;;Verbe;ó-è;dénouer, détacher;to untie;;;;"yodge, loke1; antonyme: loe";loe
lodge noore;;expression;;casser le jeûner, fin du jeûne cérémonial;to break the fasting, end a ceremonial fast.;;;;;
lodgre;;Nom;;action ou fait de se délier ou détacher, détachement;untying.;;;;;
loe;;Verbe;ó;attacher, ficeler, lier;tie;;;;;loke1, lodge
loe noore;;expression;;jeûner;to fast;;;;;
loetga;;Nom;ó-à;attache, lien;fastening.;;loetse;;;
loɛɛga;;Nom;óɛ-à;lien, entrave;bond, link, tie, hindrance, impediment.;;loeese;;;
loɛtga;;Nom;;ficelle, corde;string;;;;wĩiri;
lo-gãnde;;Nom;ò-á-è;collier en cuir pour animaux;collar, necklace;;lo-gãna;;gʋlle;
loge;;Verbe;ó;détacher;untie.;;;;;
logto yi-bedre;;Nom;;hôpital;hospital;;;Building;;
logtoeemdo;;Nom;ò-ó-ó;profession de médecin, médecine;medicine science;;;;;
logto-kasenga;;Nom;;médecin;doctor;;;Worker;;
logto-poaka;;Nom;ò-ó-ó-á;infirmière;nurse;;logto-pogse;Worker;;
logtor yir lore;;Nom;;ambulance;ambulance;;;Travel;logtor yir mobilli;
logtor yir mobilli;;Nom;;ambulance;ambulance;;;Travel;logtor yir lore;
logtor yiri;1;Nom;ò-ó-í-ì;hôpital, dispensaire, infirmerie;hospital, dispensary;;logtor yiya;Building;;
logtor yiri;2;Nom;;panneau de hôpital;hospital road sign;;;7;;
logtore;;Nom;ò-ó-è;médecin, infirmier;medical doctor, nurse, doctor, physician;;logtoɛɛmba;Worker;tɩpa, tɩpa;
lohorem;;Nom;ò-ó;indulgence, liberté;indulgence, leniency, freedom, deliverance.;;;;;
loke;1;Verbe;ó-è;dénouer, détacher, libérer, délier;untie, detach, liberate, release;;logse;;"lodge; antonyme: loe";loe
loke;2;Verbe;ó-è;compléter pour faire le plain;fill, supplement;;;;;
lokiri;;Nom;;couscous;couscous;;;Food;basɩ;
loko;1;Nom;ò-ó;carquois;quiver;;logdo;Hunt and fish;;
loko;2;Adjectif;ó-ò;mi-plein, mi-vide;half full, half empty;;logdo;;;
lole;;Verbe;ò;s'accrocher à;cling on;;;;;
lolemde;;Verbe;ó-è;passer d'un élément à un autre en s'accrochant;pass from one element to another in clinging on;;lolme;;;
lombre;;Nom;ó;cloche (sous forme simple ou double);bell;;loamba;Musical instrument;;
lomde;;Adjectif;ò-é;mou;soft;;loama;;;
lom-lome;;Adverbe;ò-ò;mou;soft;;;;;
lomse;1;Verbe;ò;attendrir, atténuer, ramollir;soften, lessen, tone down, attenuate, to get thin, slim, soft;;;;;
lomsgo;;Adjectif;ò-ò;jeune, tendre (plante), souple;young, tender (plant), supple, soft;;lomsdo;;;
londã koom;;expression;;flaque d'eau;puddle;;;Water;ko-telenteoko, bãg-tẽoko;
lond-furgu;;Nom;ò-ú;galago du Sénégal;Senegal Bush-baby;loand-firga;lond-furdu;Mammal;;
long pʋgẽ ninga kʋɩlga koom sẽn zoetẽ;;expression;;lit du fleuve;river bed;;;Water, Land;;
longe;1;Verbe;ó-è;contaminer;contaminate, mix with, to pass into;;;Disease;;
longe;2;Verbe;ò;franchir, passer par-dessus, sauter;jump over, cross, get over, go by, to pass through.;;;;;
longo;1;Adjectif;ó-ò;creux;hollow, empty inside.;;londo;;;
longo;2;Nom;;ravin;ravine;;;Land;;
longre;;Nom;ó;contagion, contamination;contagion, contamination;;;Disease;;
loode;2;Verbe;;passer, être sur une voie;pass by, be on the way, to be going to, in course of doing sth;;;;;
loog n kẽ;;expression;;entrer;enter, come in;;;;;
looge;;Verbe;ó-è;aller (s'en), partir, passer par un lieu;go away, pass by a place, to leave;;;;yi be;
loogre;;Nom;;départ;departure.;;;;;
loore;;Nom;ó;col, tour de cou;collar, neck;;loaya;;;
loose;1;Verbe;ó-è;faire passer;make to go in front, to make sb;lʋɩɩse;;;;
loose;2;Verbe;ó-è;bondir, se déplacer par bonds;to leap, jump, go around jumping;;;;;
lore;;Nom;ó-è;voiture, automobile, véhicule;car, vehicle, motor-car;;loaya;Travel;zirga, mobilli;
los gare;;expression;;teindre;to dye, stain.;;;;;
lose;;Verbe;ò;tremper, mettre dans;soak sth., dip, steep, to put in (liquid / mass);;;;;
los-koomẽ;;Nom;;mets préparé avec la farine de haricot;dish made with bean flour;;;Food;;
lo-yɛrga;;Nom;ò-ɛ́-á;perle;pearl;;lo-yerse;;muizãanfo;
lozind tʋʋma;;Nom;;industrie;industry.;;;;;
lozĩndi;;Nom;;usine;factory;;;Building;;
lubi;;Verbe;ú-ì;terrasser, abattre, renverser;strike down, cut down, knock over, to pound, tamp a surface;;;;wage4, pame;
lubri;;Nom;;abattage, action de terrasser, renversement;felling (trees), striking down.;;;;;
ludi;;Verbe;ú-ì;cacher, couvrir, masquer;hide sth., cover, conceal;;;;;
lugi;1;Verbe;ù;haut (être ou devenir), prendre de la hauteur, s'élever;high (be or get), arise;;;;;
lugi;2;Verbe;ù;être de trop après un partage égal;being left over after sharing equally;;;;;
lugli;;Verbe;ù;installer, ficher en terre, commencer, initier;install, set up, to plant sth., put upright in the ground, begin, initiate;;;;;
lug-lugi;;Adverbe;ú;très haut, élevé;very high;;;;;
lugri;;Nom;ú-í;piquet fixé à l'angle de la porte pour retenir la natte servant de portail;a peg beside the doorway to retain a straw door.;;;;;
luiila;;Nom;ú;oiseau;bird;liuula;luiili;Bird;;
luk karga;;Verbe;;se dépêcher;hurry up, rush;;;;;
luki;1;Verbe;ù;enlever ce qui est fiché en terre;pull off , lift off what is in the ground.;;lugsi;;;
luki;2;Verbe;ú;découvrir, dévoiler;to uncover sth.,;;;;;
lulli;;Nom;ù-í;nid de guêpe (espèce);nest of wasp sp.;;lula;;;
lulumdi;;Verbe;ú;suspendre, accrocher;to hang sth;;;;;
lumesgo;;Nom;ù-é;plante (espèce);plant sp;;lumesdo;Grass, herb, vine;;
lutga;;Nom;;couverture;blanket, covering.;;;;;
luuli;;Verbe;ú-ì;(se) pendre;to hang oneself;;;;;
lʋge;1;Verbe;ʋ́;remuer, se frayer un chemin à travers des obstacles;waggle, clear obstacles from a road, struggle through.;;;;;
lʋge;2;Verbe;;creuser des trous dans une matière flasque / moue;dig holes in a flabby /soft matter;;;;wũgi1;
lʋgre;;Nom;ʋ́;flanc, côté;flank, side (of the body);;lʋga, loaga;Body;;
lʋg-zabre;;Nom;ʋ̀-á;point de côté;stitch;;lʋg-zaba;Disease;;
lʋɩ;;Verbe;ʋ̀;tomber, chuter, faire faillite;fall, to drop, go bankrupt;;;;;
lʋɩɩse;1;Nom;ʋ́;chute, fait de tomber;falling, downfall;;;;bõne;
lʋɩɩse;2;Verbe;;faire passer devant;cause to go in front of;;;;;
lʋɩnsaga;;Nom;;cordon-bleu;Cordon-Blue;;;Bird;;
lʋke;;Verbe;ʋ́-è;respirer faiblement;breathe feebly;;;;;
lʋko;;Adjectif;ʋ́;mûr;mature, ripe;;lʋgdo;;bɩgemde;
lʋlla;;Nom;ʋ́;taurillon;young bull;;lʋlli;Mammal;loalga;
lʋmbre;;Adjectif;ʋ́;gros et rond;thick and round;lʋmde;lʋmba;Musical instrument;laoore2;
lʋmsgo;;Nom;;espèce de plante grimpante;kind of creeping plant;;;Grass, herb, vine;;
lʋnga;;Nom;ʋ́-à;tambour d'aisselle, tambour sablier;hourglass drum, armpit drum;;lʋmse, lʋnse;Musical instrument;;
lʋp;;Adverbe;ʋ́;évocation d'un bond leste;indicates an agile jump;;;;;
lʋre;2;Nom;ʋ́;tubercule sauvage (espèce);wild tuber;;lʋya;Grass, herb, vine;;
lʋrgo;;Nom;ʋ́-ò;gros grenier (posé sur le sol);big granary (on the soil);;lʋrdo;Agriculture, Building;;
lʋʋdo;;Nom;;espèce de plante;kind of plant;;;Grass, herb, vine;;
lʋʋgo;;Nom;ʋ́-ò;puisette;container to draw water at the well;lɩʋʋgo;;Container;;
m;;Pronom;;je, me moi;I, me;;d, do;;;
m ba;;Nom;;Papa;Daddy, Dad;;;;;
m kɛ;;interj;;désignation avant dire le prénom;formula said before proper name;;;;;
m ma;;Nom;;Maman;Mum;;;;;
ma;1;Nom;ǎ;mère, maman, parent côte de la mère;mother, mum, maternal-side relative;;ma-rãmba;Relationships;;ba1, baaba
ma;2;Pronom;;me, moi;me;;;;;
maabre;1;Nom;à-é;ceinture en cuire (avec gris-gris);leather belt, girdle.;;maaba;;;
maabre;2;Adjectif;à-é;gros, large et aplati;big, wide and flattened .;;maaba;;;
maag f menga;;expression;;patienter, se maîtriser, faire doucement;to wait, be patient.;maag menga;;;;
maage;;Verbe;á-è;refroidir, rafraîchir, calmer, apaiser;cool down, cool off, calm down, refresh, pacify, to be cool, to be damp;;;;;yõke3
maag-m-meng;;Nom;;celui qui est patient;the one who is patient;;;;;
maagre;;Nom;á-é;le fait de refroidir, calmer, apaiser;cooling down, calming down;;;;sãoogre;
maam;;Pronom;á;moi, je, me;I, me;mam;tõndo;;;
maamdo;;Nom;àá-ó;parenté (le fait d'être mère);motherhood;maando;;Relationships;;baamdo
maan f bãngẽ;;expression;;regretter;to regret;;;;;
maan sɛba;;expression;;imprimer;to print (books).;;;;;
maan sugri;;expression;;pardonner, excuser;forgive, excuse;;;;yaafe;
maana;;Nom;;gombos;okras;;;;;
maande;1;Nom;á-é;gombo;okra;;maana;Food, Grass, herb, vine;;
maande;2;Nom;;plante de gombo;okra plant;;;Grass, herb, vine;;
maane;1;Verbe;à;faire, agir, se produire, accomplir, pratiquer, arranger;do, act, perform, happen, accomplish, carry out,to fix, mend;;;;;
maane;2;Verbe;à;rapporter, dire;report, tell, say;;;;wilg sẽn yɩla;
maanego (bũmbu);;Nom;;réalisation, application;achievement, carrying out, application.;;;;;
maanfo;;Nom;á;bonnet du chef, couronne;chief's hat, crown;manfo;;Adornment;naam pugla;
maanga;;Nom;á-á;champ de gombo;okra field;;maeense;Agriculture;;
maanɩ;;Nom;;manifestations, manière;manifestation, behaviour, way of doing, manner, style.;maane;;;;
maan-kʋʋda;;Nom;;sacrificateur (lit;;;maan-kʋʋdba;;;
maan-lelle;;Nom;;gombo frais et tendre;fresh and tender okra;;;Food;;
maan-m sugri;;expression;;pardon, excuse-moi;pardon, excuse me;;;;yaafa;
maan-m-yam;;Nom;;liberté;freedom, liberty.;;;;;
maan-n-bãngre;;Nom;à-à-é;exercice;exercise;;;Teach;;
maan-puugu;;Nom;;cantharide;kind of insect;;;Insect;pusg-n-waag-ma2;
maan-sõngo;;Nom;;bonne œuvre;good deed.;;;;;
maasa;1;Adjectif;à;inconsistant, trop liquide;too liquid, not thick enough;;;;;
maasa;2;Nom;à-à;galettes;pancakes, griddle-cakes, fried-cakes, corn-cakes;;;Food;miisdu;
maasa;3;Verbe;;être frais;be fresh, recent.;;;;;
maase;1;Verbe;ã́-è;être frais;be cool;;;;;
maase;2;Verbe;ã́-è;calmer, apaiser;to cool sth., calm down, to calm situation / sb., ease, pacify, quieten, dampen.;;;;;
maase;3;Verbe;á-è;calmer, apaiser;calm down, quieten, pacify;;;;;
maasem;;Nom;á-é;ombre, fraîcheur;shade, shadow, coolness, dampness, calm;;;;;
maasem tɩɩga;;Nom;á-é-ɩ́-á;parasol (lit;;;;;;
maasga;;Adjectif;á-á;frais, froid;fresh, cool;;maasse;;;
maasg-maasga;;Adverbe;á-á-á;lentement, doucement;slowly, gently, mildly, softly.;;;;;
maasre;;Adjectif;á-é;humide, mouillé, frais;humid, wet, fresh, cool, damp, calm;;;;midga;
maasre;2;Nom;;humidité;humidity, dampness.;;;;;
mabge;;Verbe;á-è;être plus que suffisant;be more than enough;;;;;
ma-biiga;;Nom;à-í-á;sœur ou frère utérin(e), de la même mère;sister or brother (from the same mother), child of the same mother, sibling;;ma-biisi;Relationships;;
ma-biilim;;Nom;à-í-í;fraternité, qualité d'être enfant de la même mère;fraternity, brotherhood, sibling-hood, the quality of the relation of being of the same mother;;;Relationships;;
ma-biiri;;Nom;à-í-í;le fait d'être de la même mère;the fact of relationship of being of the same mother, brotherhood, sibling-hood;;;Relationships;;
ma-bi-poaka;;Nom;à-í-ó;sœur utérine;sister having the same mother;;;Relationships;;
ma-bi-raoogo;;Nom;;frère utérin;brother having the same mother;;ma-bi-raopa;Relationships;;
ma-bi-taaga;;Nom;à-í-á;cousin du côté de la mère, consœur;cousin (mother's side);;ma-bi-taase;Relationships;;
mabrga;;Adverbe;;tout mouillé;wet throughout;;;;;
mada;;Adverbe;à;mouillé ou boueux;wet or muddy.;;;;;
made;1;Verbe;á;mouiller, éclabousser;get wet, spatter, to be damp, cool;;;;;
made;2;Verbe;;se coller à;to stick;;;;zage1;
madge;;Verbe;á-è;mouiller, tremper, humecter, humide;get wet, damp, humid, moisten, to soak, dip, to moisten, cool sth;;maade;;;
madɩ;;Adverbe;à;tout mouillé;wet all over;;;;;
mag-bɛd soaba;;Nom;;ambitieux;ambitious (person).;;;;;
magbo;1;Nom;;signe, geste, gesticulation;sign, gesture, gesticulation;;;;;
magbo;2;Nom;á-ò;évaluation, estimation;assessment, estimation;;;;geelgo;
mage;1;Verbe;á;mesurer, évaluer, comparer;measure, evaluate, estimate, assess, compare;;magse;;;
mage;2;Verbe;à;mettre ensemble;put together, to set things together;;;;naage, lagme;
mage;3;Verbe;;aplatir;flatten, crush, level.;;;;;
magse;;Verbe;á-è;mesurer à plusieurs endroits;measure several times, to measure up, take multiple measurements.;;;;;
magsga;;Nom;á;ciseaux;scissors;maka;magesse, magse;Tool;;
mak n wilgi;;expression;;illustrer;illustrate.;;;;;
maka;1;Adjectif;à-á;écrasé, aplati;squashed, flattened, mashed.;;magse;;;
maka;2;Nom;á-à;sorgho rouge (espèce de);red sorghum sp;;;Food, Grass, herb, vine;;
makdga;;Nom;á-à;mesure;measure;;makdse;Container;;
make;1;Verbe;á-è;essayer, oser;try, dare;;;;;
make;2;Verbe;á-è;mesurer, peser;measure, weigh;;;;;
make;3;Verbe;á-è;tenter, tester;tempt, test;;;;;
ma-kẽema;;Nom;à-é;tante du côté de la mère, sœur aînée de la mère;aunt (mother's side), mother's senior sister;;ma-kẽem-dãmba;Relationships;;
mak-kɛglga;;Nom;;espèce de palmier;kind of palm tree;;;Tree;;
mak-n-taaga;;Nom;;son pareil, son semblable, son égal;his alike, his fellow-creature, his like, his equal;;;;;
mak-n-taare;;Nom;á-á;comparabilité, similitude;comparability, similitude, similarity.;;;;;
makre;1;Nom;á-é;illustration, exemple illustratif, comparaison;illustration, example to illustrate, comparison.;;;;;
makre;2;Nom;á-é;thermomètre;thermometer;;;Tool;;
makre;3;Nom;á-é;tentation, test, épreuve;temptation, test, examination;;;;;
makre;4;Nom;;mesure;measure;;;;;
mal-bʋʋga;;Nom;;chèvre au pelage noir et banc;goat with black and white coat / fur;;;Mammal, Animal husbandry;bʋ-lug-pɛɛla;
malɛka;;Nom;à-ɛ́-à;ange;angel;malɛɛka;malɛgse;;;
malfo;;Nom;à-ó;fusil;gun;manfo;;;bug-raoogo;
[à] malwalle;;Nom;;pigeon;pigeon;;;Bird;;
mam;;Pronom;à;mon, ma, mes, je;my, I;m, maam;tõnd;;;
mame;;Verbe;à;être nombreux et couvrir une grande surface;be many and cover a big surface;;;;;
mamsdo;;Nom;;représentation;representation.;;;;;
mamse;;Verbe;à;décrire, représenter, imiter;describe, portray, depict, represent, imitate, make a likeness of;;;;;
mamsga;;Nom;;plan, schéma, imitation;plan, map, diagram, image, imitation.;;;;;
mams-rẽesdem;;Nom;;dessin;drawing;;;;naande, desẽ;
mana;;Nom;á;sachet en plastique;plastic bag;;mana-rãmba;Container;;
mande;;Adjectif;à-é;gros;corpulent, fatty.;;mana;;;
maneg n zemse;;expression;;régler;to settle, to adjust, regulate.;;;;;
manege;1;Verbe;á-è;rendre un liquide froid en le versant alternativement d'un récipient à un autre;cool down (a liquid);malge;manese;;;
manege;3;Verbe;à;encore une fois, de nouveau;to repeat, do once again, again;malge;;;yẽbge2, le1, lebe2;
manegre;;Nom;à-è-é;réparation;repair, mending.;;;;;
manem-bʋʋga;;Nom;à-ʋ́-á;grande chèvre (espèce, sahel);big Savannah goat sp;marem-bʋʋga;manem-bʋʋse;Mammal;;
manemde;;Verbe;á-é-è;se pourlécher, passer la langue sur les lèvres, lécher les babines;lick one's mouth, lick one's chops.;;;;;
manemdede;;Nom;;espèce de plante;kind of plant;;;Grass, herb, vine;;
manesem;;Nom;à-é;agissement, comportement, manière de faire, acte;doing, behaviour, manner, style of doing, act, deed.;;;;;
manesem tũnunga;;Nom;à-è-é ù-ú-á;adverbe de manière;adverb indicating the manner;;;Grammar;;
manesgo;;Adjectif;è-ó;goût salé;salty taste;;;;;
manfo;;Nom;á;fusil;gun;malfo;;Hunt and fish;bug-raoogo;
mangre;;Nom;á;mangue;mango;;mangɩ;Food;;
mang-taamde;;Nom;;papaye;papaya;mantaamde;mang-taama;Food;bog-fɩre;
mang-tɩɩga;;Nom;á-ɩ̀-á;manguier;mango tree;mang-n-tɩɩga;mang-tɩɩse;Tree;;
mankãna;;Nom;;taro;taro root/tuber;;;Food;bãnkãna;
mankẽs-bila;;Nom;;allumette;match;;;;almete;
mankẽsga;;Nom;à-é-á;boite d’allumettes;matches box, matchbox;;mankẽse, mankẽsse;;almete;
mantaamde;;Nom;á-á-é;papaye;papaya;;mantaama;Food;bog-fɩre;
mantaanga;;Nom;á-á-á;papayer;papaya tree;;mantaamse;Tree;papaye;
manto;;Nom;á;marteau;hammer;magto;manto dãmba;Tool;pãbdga;
manwalle;;Nom;à-á-è;pigeon, tourterelle;dove, pigeon;malwalle, marwalle, man-walle;manwala;Bird;;
mao;;Verbe;á;lutter;wrestle, struggle, fight;;;;gĩigi, mobne2;
maooda;;Nom;;lutteur;fighter, wrestler.;;;;;
maood-n-taaga;;Nom;;adversaire;adversary, opponent;;;;kɩɩsda, zabd-n-taaga;
maoongo;;Nom;á-ò;sacrifice, offrande;sacrifice, offering, the ritual of scarifying or the things scarified.;;maando;;;
maoore;;Nom;à-é;lutte (activité physique);wrestling.;;maoa;;;
maoosgo;;Adjectif;áo-ó;cuisiné;cooked;;maasa;;;
map;;Adverbe;á;plein à ras-bord;full to the brim;pap;;;;
maraoa;;Nom;à-á-à;daman de rocher;rock hyrax;;;Mammal;;
ma-raoogo;;Nom;;oncle maternel;uncle (mother's side), a maternal uncle;;;Relationships;ãsba;
marbuudu;;Nom;à-ú;plante (espèce);plant sp;;;Grass, herb, vine;;
mare;;Verbe;á;se marier, épouser;get married, marry, wed.;;;;;
marenga;;Nom;à-é-á;personne de l’ethnie marka /dafing;person of the Marka people;;marense;Community;;
markĩuusa;;Nom;;ombrette;hammerhead;;;Bird;mayaalle;
marmatigi;;Nom;à;arachides salées et grillées;groundnuts that are salted and roasted;;;Food;kõn-sãam kẽnde;
marsã;;Nom;á-ã;maintenant, actuel;now, present, current, actual;moasã, masã;;;moasã;
mars-marsã;;Adverbe;à-á;tout de suite;immediately, very soon;mos-mosã, mas-masã;;;;
maryaase;;Nom;á-á-è;mariage de type européen;European type wedding;;;;kãadem, furi2;
masĩni;;Nom;;machine, appareil;machine, engine, device.;;;;;
masĩn-koaadga;;Nom;;tracteur;tractor;;;Agriculture;;
masĩn-wɛrgdga;;Nom;;moulin;mill.;;;;;
masɩɩba;;Nom;à-ɩ́-à;problème dangereux, danger;dangerous problem, danger.;;masɩɩbse;;;
mas-masã;;Adverbe;à-á;toute de suite, bientôt, récent;very soon, immediately, recently, newly.;mars-marsã, moas-moasã;;;;
matela;;Nom;;matelas;mattress.;;;;;
matenga;;Nom;à-á;partie supérieure de la tige de mil supportant l'épi;upper part of millet stalk.;;matense;;;
mayaalle;;Nom;á;ombrette;hammerhead;;mayaala;Bird;markĩuusa;
ma-yao;;Nom;;petite sœur de la mère;mother's little sister;;;Relationships;;
me;1;Adverbe;è;aussi, également;also, as well, for ..;;;;;
me;2;Verbe;è;construire;build, construct, mould (e.g;;;;;
me;3;Adverbe;;même si, d'ailleurs;even if, even though, for that matter, besides, moreover.;menga;;;;
medga;;Adjectif;é;fin, mince;thin, slender, wiry, slim;;medse;;;
medge;1;Verbe;è;écraser, aplatir (une chose);squash flat, mash, trample upon, flatten (thing);;meede, medse;;;
medge;2;Verbe;é-è;écorcher;flay, abrade;;medse;;;
meebo;;Nom;é;construction, le fait de construire;construction, constructing, building.;;;;;
meede;;Verbe;;écraser, aplatir;to squash, flatten sth.;;;;;
meende;;Nom;é;oignon sauvage;wild onion;mende;meena, mena;Grass, herb, vine;;
meenem;1;Nom;é;rosée;dew;;;Water;;
meenem;2;Nom;è;flûte (espèce);flute sp;;meenem-dãmba;Musical instrument;;
meeri;;Nom;é;Mairie;office of mayor, town hall, city hall;;;Government, Building;;
meeri zu-raood soaba;;Nom;;maire;mayor;;;Government, Worker;;
meesa;;Nom;é-à;messe;mass.;meese;mees-rãmba;;;
meese;;Nom;é-è;mèche;wick, strand of hair, lock of hair.;;;;;
mekanisẽ;;Nom;;mécanicien;mechanic, engineer;;;Worker;;
meke;;Verbe;;s'éloigner vite, disparaître en s'éloignant vite, foutre le camp;move away quickly, disappear quickly, buzz.;;;;;
melo;;Nom;;melon;melon;;;Food;;
mena;;Adverbe;é;disparaître;disappear;mem;;;;
mene;1;Verbe;é;remuer (la queue), agiter;wag sth;;;;;
mene;2;Verbe;;être décharné;be scraggy, gaunt, haggard, emaciated.;;;;;
menega;;Adjectif;é;décharné;scrawny, gaunt, haggard (lack of flesh and muscles);;menese;;;
menem;;Verbe;;perdre, égarer, disparaître;loose, get lost, go astray, disappear.;menme;;;;
menga;1;Nom;è-á;soi-même;self, yourself;;mense;;;
menga;2;Adverbe;;même pas;not even;me;;;;
menga;3;Adjectif;;proprement dit, vrai, original, ordinaire;regular, genuine, ordinary;;-mense;;;
mengẽ;;Adjectif;;privé;private.;;;;;
meng-menga;;Nom;;authentique;true, authentic, genuine.;;;;;
men-kʋʋre;;Nom;;suicide;suicide.;;;;;
menme;;Verbe;é-è;perdre (se), disparaître, s'égarer;to lose, get lost, disappear, go astray;menem;;;;
menuzutu;;Nom;;méningite;meningitis;;;Disease;miniziti;
men-yɩlende;;Nom;è-ɩ̀-é;puissance (math.);potency, power;;;Mathematics;;
meoogo;1;Nom;é-ò;rhume;a cold, catarrh;;meedo;Disease;zako;
meoogo;2;Nom;éo-ó;albinos;albino;;meedo;;moeega;
mere;;Verbe;é;embêter;annoy, bother;;;;leke3;
merka;;Nom;;protestant;protestant Christian.;;merk-rãmba;;;
mesge;;Verbe;;asperger;spill off , sprinkle, squirt, spatter sth;;mese;;;
meta;1;Nom;é;maçon, constructeur;bricklayer, mason, constructor, builder;;metba;Worker;;
meto;;Nom;é-ò;pus;pus, matter;;;Disease;;
met-põatga;;Nom;;mètre pliant;folding rule;;;Mathematics, Tool;;
metr men-yɩlende;;Nom;é è-ɩ̀-è-é;mètre carré;square metre;;;Mathematics;;
metr men-yɩlen-tã;;Nom;;mètre cube;cubic metre;;;Mathematics;;
metre;;Nom;é-è;mètre;meter;;;Mathematics;;
met-soagla;;Nom;;chaîne d'arpenteur;and surveyor chain;;;Tool;;
met-tɩʋrgo;;Nom;;mètre rigide;rigid metre;;;Mathematics, Tool;;
mɛɛr tʋmd roogo;;Nom;;mairie;town hall, city hall;;;Government, Building;;
mi;1;Verbe;ì;savoir;know (a fact);;;;;zɩ2
mi;2;auxiliaire;í;de temps à autre, quelques fois;from time to time, sometimes;;;;ni3, yɩb;
mi ned waoogre;;expression;;être poli;to be kind, polite.;;;;;
midga;;Adjectif;í-à;humide;humid;;midsi;;maasre;
midgi;;Verbe;í-ì;suer, transpirer, mouiller de sueur, suinter, être en moiteur;to sweat on sth., be sweaty, to perspire, be wet of sweat, drip, seep, be dump, moistness;;midsi,miidi;;;
mid-midi;;Nom;ì;moiteur, humide;damp, moistness;;;;;
miidu;;Adjectif;í;rouges (pl.);red (pl.);;;;;
miiga;;Adjectif;í;rouge, rougeâtre, rousse;red, reddish;;miisi;;;
miimi;;Verbe;í-ì;trembler, secouer fortement, agiter;shake self or sth., jiggle, agitate, tremble;;;;;
miini;;Nom;í-ì;grains de gombo;okra kernels, grains.;miindi;;;;
miiri;1;Nom;í;aigreur;sourness, bitterness, tartness.;;;;;
miiri;2;Adjectif;í;rouge;red;;miisi;Colour;;
miisdu;;Nom;ì-ú-ì;galettes;local pancakes;;;;maasa2;
miisga;;Adjectif;ì-á;aigre, acide;sour, acid.;;miissi;;;
miisi;;Verbe;ì;être aigre;be sour, bitter;;;;;
miisim;;Nom;ì-í;aigreur, goût acide;sourness, bitterness, tartness;;;;;
miisinga;;Adjectif;ì-á;aigre;sour.;;miisinsi;;;
miisri;;Nom;í-ì;mosquée;mosque;misri;;Building;;
miki;1;Verbe;í-ì;constater que, s'apercevoir;notice that, realize that become aware of, become conscious of;;;;;
miki;2;Verbe;ì;devenir aigre;become sour or bitter, to sour;;migsi;;;
miki;3;Verbe;;sache que, tu sais, tu vois, réaliser, trouver que;know that, you know, you see, to notice, realise, find (out);;;;;
milga;;Nom;í-à;maïs (espèce);corn sp, maize sp;;milsi;Food;;
milyaare;;numéral;í-á-è;milliard;billion, thousand million;;;Mathematics;tus-kʋʋngo;
milyõ;;numéral;í;million;million;;;Mathematics;tus-kẽemde;
mina;;Adverbe;ì;tout sale, crasseux;grimy, covered with dirt, dirty;;;;;
mina-mina;;Nom;;ver rouge (après pluie);red worm;;;Small animals;;
minigi;;Verbe;í-ì;devenir complètement sale;become completely dirty;;;;;
minim;1;Nom;ì-í;connaissance, savoir, savoir faire, expertise, habilité;knowledge, adroitness, skill, capacity.;;;;;
minim;2;Verbe;;faire d'habitude, s'adapter, devenir habitué à;do habitually, usually do, to adapt, become habituated, accustomed, used to;minmi, minimi;;;;
miningu;;Nom;;coutume, habitude;custom, habit;minungu;;;rog-m-miki, tẽn-kʋdemde, kʋdemde1;
minisga;;Adjectif;ì-á;sale, terni;dirty, blurred, spoiled;;minissi;;;
minisi;;Verbe;í-ì;goutter finement;drop finely;;;;karse2, zõmse2;
minisri;;Nom;í;ministre;minister;minisga, minisinga;minisr-dãmba;Government, Worker;;
miniti;;Nom;í-ì;minute, (min);minute.;;;;;
minize;;Nom;è-í;menuisier;carpenter;;mininzɛɛmba;Worker;ra-wãada;
miniziti;;Nom;í-í-í-ì;méningite;meningitis;;;Disease;menuzutu;
minmi;1;Verbe;ì;habituer à (s'), être habitué à;used to (get);;;;;
minmi;2;Verbe;í-ì;salir, ternir (habits);get dirty, soil (clothes).;milmi;;;;
minmini;;Nom;;canard (espèce), dendrocygne veuf, siffleur;duck sp;;;Bird;wɩɩlwɩɩla;
minungu;;Nom;;l'habitude;habit;miningu;;;;
miskalle;;Nom;ì-á-é;malheur, chose difficile;woe, adversity, disaster, harm, difficult thing;;;;yel-beedo;
mismiuugu;;Adjectif;;rougeâtre;reddish;miuug-miuugu;mismiidu;;;
misri;;Nom;;mosquée;mosque;miisri;;Building;;
mita;;Nom;;connaisseur, savant, personne qui connaît bien;knowledgeable person, well educated person;;mitba;Teach;;
mi-tiir kaset sebre;;Nom;;récépissé;receipt.;;;;;
mi-tiir yʋʋr bila;;Nom;ì-í ʋ́ ì-á;article défini;definite article;;;Grammar;;
mitinga;;Nom;ì-á;connaissance (relation);acquaintance;;mitinsi;;;
mit-kãaga;;Nom;;spécialiste;specialist;;;Worker;;
mitrayɛɛre;;Nom;;fusil mitrailleur;machine gun;;;Tool;bug-ra-vargdga;
miunungu;;Nom;;habitude;habit, custom.;;;;;
miuugu;;Adjectif;í;rouge, roux;red;;miidu, miiri;Colour;;
miuungu;;Nom;;tremblement (terre);trembling (earth), shaking;;;;rigbu1;
miuusgu;;Nom;;galette;pancake;;miisdu;Food;;
mo;;Verbe;ò;rougir;redden, turn red, go red, become red.;;;;;
moaaga;;Nom;ò-á;un mossi, locuteur de la langue mooré;Mossi person, speaker of the Moore language;;moose;Community;;
moaanda;;Nom;;annonceur d'un message, prédicateur;proclaimer of a message, person announcing a message, preacher;;moaandba;;;
moaga;;Adverbe;ò;mouillé, complètement trempé;wet, completely soaked;;;;;
moagb-ma;;Nom;;zona;shingles, herpes zoster;;;Disease;;
moalla;;Nom;;torche, brandon;torch, firebrand;molle;;;vɩlenga;
moasã;;Nom;óa-á;maintenant, dorénavant;now, from this time on , from now onwards;masã;;;marsã;
moas-moasã;;Adverbe;;tout à l'heure, bientôt, toute de suite;right now, soon;mos-mosã;;;;
mo-beedo;;Nom;ò-é;paroles hargneuses;aggressive words, hostile words;;;;;
mo-beelle;;Nom;;bâtonnet;stick, rod.;;;;;
mobende;;Verbe;ò;enlacer, étreindre;to enfold sth., clasp in somebody's arms, entwine;;;;;
mo-be-neda;;Nom;;personne hargneuse, agressive, hostile;hostile or aggressive person;;;;mo-gãnd soaba;
mobge;;Verbe;;mettre les bras autour, étreindre, embrasser;put the arms around, hug, embrace, hold;;;;;
mobilli;;Nom;ó-ì;voiture, camion, automobile;car, truck;;mobila, mobillsi, mobil-rãmba;Travel;kamiyõ, zirga, lore;
mobne;1;Verbe;ò;porter dans les bas contre la poitrine, porter /soutenir;to carry in the arms to the chest, uphold, support, hold in front of oneself;moble;;;;
mobne;2;Verbe;ó-è;tenter de, essayer tant bien que mal;try as good as one can;;;;kable, gĩigi, mao;
mobre;;Nom;ó-è;tissu de couleur blanche et bleue;fabric / stuff coloured white and blue.;;moaba;;;
mode;;Verbe;ó;enfler (s');to swell;;;Disease;fɩɩge, wuki1;
modgame;;expression;;félicitations;congratulations.;;;;;
modge;2;Verbe;ò;ceindre (un pagne) au-dessus des seins;tie up a garment above the bosom, gird.;;;;;
modgo;;Nom;ó-ò;contrainte;compulsion, restraint, coercion.;;;;;
modgre;;Nom;ó-é;effort, le fait de s'efforcer;effort, striving, endeavouring;;;;tɩlass;
modr kãadem;;Nom;ó à-é;mariage forcé;forced marriage.;;;;;
modre;;Nom;;ordre;order.;;;;;
modrẽ gomde;;Nom;ó-ó;impératif;imperative.;;;;;
Wa ka! Viens ici ! Come here! modse;;Verbe;ó-è;devenir mou;become soft, loose;;;;;
modsem;;Nom;ó;enflure, œdème;swelling;;;Disease;fɩɩre1;
moe;;Verbe;ò;préparer le tô, touiller;cook porridge (t.z.), stir, prepare t.z;moene;;;;
moeega;;Nom;òe-á;albinos;albino;maoogo;moeese;;meoogo2, zaato3;
moeemdo;;Nom;ó-ó;islam, religion musulmane;Islam, Muslim religion.;;;;;
moende;;Nom;;ration alimentaire prévue pour la journée d'une famille;a ration, daily allowance of food (for a family);;;Food;;
moene;;Verbe;;préparer de la pâte de mil, touiller;to prepare t.z;moe;;;;
moenege;;Verbe;ò;donner la ration alimentaire de la journée à préparer;give a day's ration of food to be cooked, to dole out (the day's ration for the family).;;moenese;;;
mo-faoogo;;Nom;ò-á-ó;herbe à éléphant;elephant grass;;mo-faado;Grass, herb, vine;mo-poaka, mo-poko, mo-paba, pita1;
mo-gãnd soaba;;Nom;ò-á ò-á;personne hargneuse, agressive, hostile;hostile or aggressive person;;mo-gãnd rãmba;;mo-be-neda;
mo-gãndo;;Nom;ò-á-ò;herbes ayant échappé au sarclage;grass that was left over when hoed;;;Agriculture;;
mo-gãnga;;Nom;;espèce d'herbe;kind of grass;;mo-gãnse;Grass, herb, vine;;
mog-buka;;Nom;ò-ú-à;golfe;gulf, bay;;;Water, Land;;
mogd tɩɩm;;Nom;;espèce de liane;kind of liana;;;Grass, herb, vine;;
mogdo;1;Nom;ò-ó;liane (espèce), pomme de merveille;liana sp;;;Grass, herb, vine;;
mogdo;2;Nom;ò-ó;termites;termites;;;Small animals;;
mogdre;;Nom;ó;rat gros et gras (espèce);big and fat rat sp;;moagda;Mammal;;
mogdrzẽenga;;Nom;;criquet (espèce);locust sp;;mogdrzẽemse, mogdrzẽense;Small animals, Insect;;
mogd-tɩ-raaga;;Nom;;espèce de liane;kind of liana;;;Grass, herb, vine;;
moge;;Verbe;ò;sucer;suck, draw milk;;;;;
mogemde;;Adjectif;;flasque, mûr;flabby, limp, soft, ripe;;;;bɩgemde, mog-moge;
mogenfo;;Nom;ó-ò;arbre (espèce);tree sp;;moagna;Tree;;
mog-ma;;Nom;ò-á;océan;ocean, sea.;;;;;
mog-ma boko;;expression;ò-á ó-ó;fosse océanique;deep-sea trench;;;Land;;
mogme;;Verbe;ó-è;s'élargir (plaie);widen (wound), broaden, expand, spread, get bigger / worse (a sore does);;;;;
mog-moge;;Adjectif;;mûr, flasque;flabby, limp, soft, ripe;;;;mogemde;
mog-noore;;Nom;ò-ó-è;côte;sea coast.;mogr noore;;;;
mo-golle;;Nom;ò-ó;serpent;snake;;mo-moala;Reptile;waafo1;
mogr noor samande;;Nom;ò ó á-é;plage;strand, beach.;;;;;
mogr noore;;Nom;;plage;beach, shore;;;Water, Land;;
mogrã kɩremse;;expression;;côtes;coasts;;;Water, Land;;
mogre;;Nom;ó-è;mer, lac;sea, ocean, lake, sea;;moaga;Water;ko-kãsenga;
mogse;;Verbe;;sucer;suck.;;;;;
mo-kãamde;;Nom;ò-á;paille de tresse (pour couvrir la case);straw bride (for covering roof);;mo-kãama, mo-kãamdse;;mo-kãamdga;
mo-kãamdga;;Nom;;paille de tresse (pour couvrir la case);straw bride (for covering roof);;;;mo-kãamde;
mok-bĩisri;;Nom;ò-ĩ̀-í;arbuste (espèce);shrub sp;;mok-bĩisa;Bush, shrub;;
moke;1;Verbe;ò;ceindre, entourer;gird, tie around;;mogse;;rũngi, rũngi;
moke;2;Verbe;ò;prélever (feu de bois);take away (wood fire).;;mogse;;;
moke;3;Verbe;;sucer, mettre dans la bouche, téter;suck, suck in, put into the mouth, breastfeed;;moge, mogse;;;
moke;4;Verbe;ò;ronger (termites);eat into (termites), eat away, gnaw;;;;;
moke;5;Verbe;;lever la source de lumière en l'air pour mieux éclairer;lift up the source of light to light up better;;;;zõke2;
moko;1;Nom;ò-ó;espèce de termite;kind of termite;;mogdo;Small animals;;
moko;2;Adjectif;ó;mûr, flasque;ripe, soft;;;;;
Mokrã;;Nom;;Téléchargements;Downloads;;;computer / digital;;
molle;;Nom;ò-é;torche en paille;straw torch, burning / flaming torch;;moala;;vɩlenga, bug-vɩlenga;
mome;;Verbe;ò;s'attroupant tout autour et s'agrippant;gather around and grab;;;;;
monem;;Nom;ò-é;teinture rouge (obtenu du sorgho rouge);red dyeing (from red sorghum).;;;;;
monfo;;Nom;õ̀-ó;cobe de Buffon;Buffon's Kob, antelope type;molfo;moana;Mammal;;
monge;;Verbe;;ne pas donner, sauter dans le partage, refuser de donner;to refuse to give, not give, skip while sharing;;;;;
monme;1;Verbe;ò;recouvrir entièrement;cover completely, to overflow, spread, cover all around;;;;mumdgi;
monme;2;Verbe;ó-è;emmêler, embrouiller, enchevêtrer;mix up, tangle up, muddle up, embroil.;;;;;
montɛɛre;;Nom;ó-è;moto, vélomoteur;motorbike, moped;;montɛɛr-dãmba;Travel;bug-bugi, wed-bug-bugi;
montr nen-wamde;;expression;;cadran de montre;watch dial, watch face.;;;;;
montre;;Nom;ṍ-è;montre;watch;;moanta, monta;;;
moog kibsa;;Nom;;Tabaski;Tabaski.;;;;;
mooge;;Verbe;ò;rougir, mûrir;to be red, turn red, redden, ripen.;mo;;;;
moognaaba;;Nom;;Roi des Moose;Mossi King;moro naaba, moogo naaba;;Government, Person;;
moogo;1;Nom;ó;herbe, paille;grass, straw;;moodo;;;
moogo;2;Nom;;maladie de ruminants;disease of ruminant animals.;;;;;
Moogo;;Nom;ò-ó;pays des Mossi;Mossi country, Mossi-land, territory of the Mossi;;;Region;;
moolle;;Nom;ó-é;publication;publication.;;moala;;;
moomde;;Adjectif;ó;rouge, rose (couleur);red, pink;;moaama;Colour;;
moone;;Verbe;ó-è;proclamer, publier en criant fort, communiquer, divulguer, diffuser, annoncer;proclaim, publish by crying loud, diffuse, announce, communicate;;;;;
moore;1;Nom;õ̀-é;langue mooré;Moore language, language of the Mossi;;;;;
moore;2;Adverbe;;à la manière des moose;in Mossi manner, in the Mossi way, Mossy type of sth;;;;;
moorẽ sɩgr poeesgo;;Nom;;cérémonie d'attribution du nom d'un nouveau-né chez les musulmans;Muslim ceremony of giving a name to a newborn;;;;zu-lukri;
moo-saala;;Nom;;espèce de plante;kind of plant;;;Grass, herb, vine;;
moosgo;;Adjectif;ò-ò;rougi, mûr, roux;red, ripe;;moosdo;Colour;gaa-rʋʋre;
mo-paba;;Nom;;herbe à éléphant;elephant grass;;;Grass, herb, vine;mo-faoogo;
mo-pelem;;Nom;;savane herbeuse;bush Savannah;;;Land;tẽn-tuugu, weo-moogo;
mo-poaka;;Nom;ò-óa;herbe (espèce), utilisé pour confection de nattes;grass sp used for making mats;mo-poko;mo-pogse, mo-pogdo;Grass, herb, vine;mo-faoogo;
mo-poko;;Nom;;espèce d' herbe pour vannerie;kind of grass used in basket making;mopoko;;Grass, herb, vine;mo-faoogo, pita1, kʋware2;
mo-puiifu;;Nom;ò-ú-ú;graine d'herbe qui s'accroche aux vêtements;grain of grass that sticks at your clothes.;;mo-pui, mo-puiya;;;
mo-puka;;Nom;;espèce d'herbe de petite taille;kind of small grass;;mo-pugsi;Grass, herb, vine;;
mo-puuga;;Nom;;fleur (de l'herbe);flour (of grass).;;mo-pui, mo-puudu;;;
mo-raoogo;;Nom;;prépuce, in-circoncis;foreskin, uncircumcised;;;;zũnga, yo-gãongo;
more;1;Nom;ó-è;musulman;Muslim.;;moeemba;;;
more;2;Nom;ò-é;espèce de tige dont on se sert pour faire des flèches, tige pour flèche;shaft / stem for arrow.;;moya;;;
mo-toabnga;;Nom;;coquelicot;poppy;;;Grass, herb, vine;;
mo-yõsre;;Nom;;conflit;conflict, dispute.;;;;;
muda;;Adverbe;ù;se taire sans dire un mot;silently without saying a word;;;;;
muddd;;Adverbe;ú;tout rouge;completely red;;;;;
mudgu;;Adjectif;ù-ú;sans issue;without exit, no way out;;;;;
mudi;;Verbe;ù;être sans issue, disparaître complètement, être fini pour de bon;be without exit, disappear completely, be finished for ever;;;;;
mugdgu;;Nom;ù-ú-ù;boulettes de farine cuites qu'on suce;cooked flour balls that one sucks;;;Food;;
mugdu;;Nom;ú;moisissure;mildew, mould, fungi;;;;kẽkre;
mugna;;Nom;;jujube;jujube;;;Food;;
mugna yãba;;Nom;;espèce d'arbre;kind of tree;;;Tree;mugunga;
mugnum;;Nom;ú;fissure, fêlure;rift, fissure, crack.;;;;;
mugunga;;Nom;ú-ú-á;arbuste (espèce), jujubier;shrub sp;mugunuga, mugulga, mugulinga;mugunsi;Bush, shrub;mugna yãba;
mugun-toogo;;Nom;;espèce d'arbre;kind of tree;mugun-toaaga;;Tree;;
mui;;Nom;ù-í;riz;rice;;;Food, Grass, herb, vine;;
mui pedse;;Nom;;brisures de riz;broken rice;;;Food;;
mui pʋʋgo;;Nom;;rizière, champ de riz;rice field;;;Agriculture;muitinga;
mui-naagdem;;Nom;;riz gras;rice without sauce;;;Food;;
mui-palle;;Nom;;meule de riz;rice grinder;;;Agriculture;;
muitinga;;Nom;ù;rizière, champ de riz;rice field;;muitinsi;Agriculture;mui pʋʋgo;
muizãanfo;;Nom;ù-á-ó;perle;pearl;;muizãana;;lo-yɛrga, kĩndfu;
mui-zẽedo;;Nom;ùi-é-ó;riz à sauce;rice with sauce;;;Food;;
muka;1;Nom;ù-á;muet, sourd-muet;dumb person, mute person, deaf mute;;mugsi;Sick, Person;;
muka;2;Adverbe;;entier, rond;entire, whole, integer, round.;muku;;;;
muki;1;Verbe;ú-ì;devenir muet;become dumb;;;;;
muki;2;Verbe;ù;frapper (ex;;;;;;
muki;3;Verbe;ú-ì;moisir;go mouldy;;;;;
mumbu;;Nom;;le fait d'enterrer, enterrement;burying, burial;;;;;
mumdgi;;Verbe;ù;couvrir complètement;cover completely;;;;monme1;
mumdi;;Adjectif;ù-í;entier, intact;whole, entire, integer, unbroken;;muma;;munuga1;
mumi;;Verbe;ù;enterrer;bury sb;;;;solge;
muna;;Adverbe;ú;disparaître complètement;disappear completely;;;;;
munaafɩka;;Nom;ù-á-á;hypocrite et calomniateur;hypocrite and slanderer;;munaafɩgse;;wĩnaafɩka;
munfu;;Adjectif;ù-ú;petit (ouverture);small (opening);;muna;;wulfu;
munuga;1;Adjectif;ú-a;sans ouverture;without opening;;munusi;;mumdi;
munuga;2;Adjectif;ú-à;marron (couleur), brun;brown;;munusi;;;
munumdi;;Verbe;ù;couvrir complètement;cover completely;;;;;
munu-muka;;Nom;;espèce d'arbre;kind of tree;;;Tree;;
mupi;;Adverbe;ú;tout juste;exactly;;;;wupi, kɛp, kɛpi;
murkɛm;;Nom;;luciole;firefly;;mukɛm-dãmba, murkɛma;Insect;;
mursi;;Verbe;ú;se couvrir complètement;cover oneself completely;;;;;
mus-fĩin;;Nom;;espèce de plante;kind of plant;;;Grass, herb, vine;;
musi;;Verbe;ù;replier le bout sous;fold the end under;musgi;;;;
muspoaka;;Nom;;paille d'antropogon préparée pour faire des paniers;straw prepared to make baskets;;;Grass, herb, vine;;
musummurgu;;Nom;;homme dont la femme est morte enceinte;man whose wife died while she was pregnant.;;musummurdu;;;
muuga;;Adjectif;ù-á;en boule;in from of ball, lump;;muusi;;;
muuni;;Verbe;;beugler;low, bellow;;;;wũusi2;
n;1;conjonction;;et, conjonction pré-verbale, coordonnée à sujets identiques;and, per-verbal conjunction, coordination used for same participants;;;Grammar;;
n bao;;expression;;rechercher;search;;;computer / digital;;
N deem;;expression;;Jouer;Play;;;computer / digital;;
N gese;;expression;;Regarder;View;;;computer / digital;;
N kẽ tõkr pʋgẽ;;expression;;Se connecter;Log in;;;computer / digital;;
N moke;;expression;;Télécharger;Download;;;computer / digital;Dɩke n kẽese;
N tʋm koɛɛgã;;expression;;Envoyer le message;Send message;;;computer / digital;;
n tʋm kopi n kõ maam;;expression;;m'envoyer une copie;send yourself a copy;;;computer / digital;;
na;1;auxiliaire;á, à;particule du futur;future particle;;;Grammar;;
na;2;auxiliaire;á;sans doute, très probablement, devoir;without doubt, very likely;;;;;
naab nug-raoogo;;Nom;;criquet (espèce);locust sp;;naab nug-raado;Insect;;
naab rɛɛmba;;Nom;à ɛ́-á;tisserin (oiseau);weaver (bird);;naab reem-dãmba;Bird;liuun-sʋlga, koobre4;
naab su-peem wʋʋgo;;Nom;;libellule;dragonfly sp;;;Insect;naab sũpĩim;
naab sũpĩim;;Nom;à í;libellule (espèce);dragonfly sp;;;Insect;naab su-peem wʋʋgo, saag sũpĩim, piispĩim;
naaba;1;Nom;à-á;chef, roi;chief, king.;;nanamse, nanambse;;;
naaba;2;Nom;à-á;placenta;afterbirth;;;Body;zãre2;
naaba;3;interj;á;réponse masculine à une salutation;males answer to a greeting;naa;;;;
naade;;Verbe;á-è;regarder, voir;look, see.;;;;;
naado;;Nom;á-ò;petit mil de 60 jours;millet sp producing in 60 days;naato;;Food;;
naafo;;Nom;á-ó;bovin, bœuf, vache;bovine animal, ox, cow;;niisi, niigi;Mammal, Animal husbandry;;
naag n tʋʋme;;expression;;participer, collaborer;participate, collaborate.;;;;;
naag taaba;;Adjectif;;uni;united.;;;;;
naag taaba;2;Verbe;;réunir;unite, get together, merge.;;;;;
naag taaba;3;Verbe;;mélanger, qui est composé de plusieurs choses ou objets;mixing.;;;;;
naage;;Verbe;á-è;mélanger, mettre ensemble, unir;mix, put things together, unite;;;;lagme, mage2;
naam;;Nom;á;chefferie, règne, pouvoir du chef;chiefdom-ship, kingship, power of a chief, kingdom, chief-ship, chieftaincy, chiefly power / authority / status;;;Government;;
naam geere;;Nom;á é-è;trône;throne.;;naam gɛya, nanambse geere;;;
naam pãnga;;Verbe;;tenter, faire un effort;try hard, make an effort;;;;ning pãnga, nange;
naam pugla;;Nom;;couronne, bonnet du chef;crown, chief's hat;;naam pugli;Adornment;maanfo;
naame;;Verbe;à;être présent;be present, be there;;;;;
naame pãnga;;Verbe;;faire un effort;make an effort;ning pãnga, nadge;;;nadge;
naam-kabl;;Nom;;espèce de plante;kind of plant;;;Grass, herb, vine;;
naan;;Adverbe;;serait;would have;;;;;
naana;;Adverbe;ã̀;facile;easy, easily;nana;;;no-noogo;
naanda;;Nom;á;créateur;creator;;naandba;;;
naande;;Nom;;dessin;drawing;;;;mams-rẽesdem, desẽ, naan-rẽesdem;
naand-magdg baoosgo;;Nom;;géométrie;geometry;;;Mathematics;naand-magds baoosem;
naand-magds baoosem;;Nom;à-á-áo-é;géométrie;geometry;;;;naand-magdg baoosgo;
naane;;Verbe;à;créer;create;;;;;
naanegã;;Nom;;la création;creation;;;;;
naanego;;Nom;;invention, création;invention, creation.;;;;;
naan-magds rẽesgo;;Nom;à-á é-ó;construction géométrique;geometrical construction.;;;;;
naan-rẽesdem;;Nom;à-è-é;dessin;drawing;;;;desẽ, nin-naande, naande;
naare;1;Nom;á;bonheur, fait d'avoir tout facilement, abondance;good fortune, full of goods you want, having everything, luck, fortune, abundance;;;;;
naare;2;Adjectif;à-é;frais, non écrémé, à l'état naturel;fresh, not skimmed, in it's natural state;;naya;;;
naas soaba;;Adjectif;;quatrième;fourth;;;Mathematics;;
naase;;numéral;á-é;quatre, 4;four, 4.;;;;;
naas-naase;;numéral;;par quatre, quatre unités;by four, four units;;;;;
naas-n-pʋɩtre;;Nom;;quart;quarter;;;Mathematics;;
na-baooda;;Nom;;candidate;candidate, applicant.;;;;;
nabda;;Nom;à-á;personne bête, niais, simple, sans imagination;person that is stupid, foolish, simple, without imagination;;nabd-dãmba;;zʋbsa;
nabe;;Verbe;á;écraser au point de chute;crush where it falls.;;;;;
nabedga;;Nom;;arbuste (espèce d');kind of shrub;nabdga;;Bush, shrub;lamboeega, nabre2;
na-beere;;Nom;á;maladie de la plante du pied;disease of the palm of the foot;;na-bɛya;Disease;;
na-bẽtre;;Nom;à-ẽ́-è;maladie provenant d'un piège gris gris sur lequel on a marché;disease caused by a magical trap on which one has steeped on;;;Disease;;
na-biiga;;Nom;à-í;prince, fils de chef régnant;prince;;na-biisi;;;
na-biilim;;Nom;;noblesse;nobility.;;;;;
na-bi-kõgre;;Nom;;dermatose consistant à brunir la peau;dermatitis making the skin brownish;;;Disease;;
na-bila;;Nom;á;orteil, doigt du pied;toe;;na-bi, na-biisi;Body;;
nabre;1;Adjectif;á-è;insipide;tasteless, unflavoured;;;;;
nabre;2;Nom;;arbuste (espèce d');kind of shrub;;;Bush, shrub;lamboeega, nabedga;
naddd;;Adjectif;á;blancheur éclatante;radiant white;;;Colour;;
nade;;Verbe;á-è;s'affaisser;fall away, sag, sink down;;;;bõrge;
nadenga;1;Nom;à-á;ivraie, pousse de mil non semé;weed, a not sowed millet plant, wild millet plants;;nadense, nademse;Grass, herb, vine;;
nadenga;2;Nom;à-á;fusil très long;long shaped gun;;nadense;Hunt and fish;;
nadga;;Nom;á-à;fine toile d'araignée;thin white cobweb.;;nadse;;;
nadge;;Verbe;à;redoubler d'efforts, faire l'effort qu'il faut;make a big effort, do all you can;;;;gĩigi, nange, naame pãnga;
nadme;;Verbe;à;continuer, aller plus loin que la destination initiale;continue, go farther than initially planned;nake;;;;
nad-nada;;Adverbe;à;péniblement, lourdement, avec nonchalance;painfully, heavily, negligent, nonchalant;;;;;
nae;;Verbe;à;être retourné, incliné vers l'arrière;be turned round, bent backwards.;;;;;
nafe;;Verbe;á-è;profiter, tirer profit;benefit, take advantage of, profit from.;;;;;
nafre;;Nom;á-é;profit, bénéfice, bienfait, fait de profiter;gain, returns, profit, beneficial effect.;;;;;
naganisnure;;Nom;;plante (espèce);plant sp;naganisnuro;;Grass, herb, vine;;
nag-bila;;Nom;;veau;calf;;;Animal husbandry;;
nagbĩntoaadga;;Nom;;merle métallique;glossy starling;;;Bird;salsanga;
nagda;;Nom;;élégance, coquetterie;elegance, fanciness, vanity;;;;zaase;
nage;1;Verbe;à;pétrir, malaxer;knead;;;;wõde1;
nage;2;Verbe;à;chercher à se faire admirer;to swagger to seek to be admired, dressing so as to attract attention.;;;;;
nagem;;Nom;á;coquetterie, ostentation;vanity, too much pride in yourself, showiness.;;;;;
na-gĩindi;;Nom;;tendon d'Achille;Achilles tendon;;;Body;;
nag-kɩɩm pusri;;Nom;;plante (espèce);plant sp;;nag-kɩɩm pusa;Grass, herb, vine;;
nag-lɛɛnga;;Nom;á-ɛ́-á;plante (espèce);plant sp;;nag-leense;Grass, herb, vine;;
nag-liuula;;Nom;;oiseau (espèce), pique bœufs;yellow-billed Oxpecker;;nag-liuuli;Bird;nag-zõaag-be;
nag-moogo;;Nom;á-ó;phasme;stick insect;;nag-moodo;Insect;;
nagre;1;Nom;á;coquetterie, ostentation;vanity, showiness.;;;;;
nagre;2;Nom;;terrain sec et argileux;dry and clayey ground / terrain;;;Land;;
nag-reongo;;Nom;;parc à bétail;kraal, fold, cattle kraal /yard;;nag-rendo;Animal husbandry;bãgre1;
nag-rʋʋdre;;Nom;;jaunisse;"ictère, hépatite; jaundice, hepatitis";;;Disease;wed-rʋʋdre;
nagse;1;Verbe;à;orner, décorer, embellir, parer, rendre beau;decorate, adorn, make look nice, embellish;;;;;
nagse;2;Verbe;;ressortir, être gros (ventre);stand out, be big (belly);;;;;
nag-sɛdga;;Nom;;génisse;heifer;;;Animal husbandry;;
nag-sore;;Nom;;piste tracée par les bœufs;trail, track made by cows;;nag-soaya;Animal husbandry;;
nag-teoogo;;Nom;à-é;bijou, objet de coquetterie;jewellery, object of vanity, pride;;nag-teedo;;;
na-gũbga;;Nom;;natte servant de clôture;mat used as enclosure.;;na-gũbsi;;;
nag-yãanga;;Nom;;vache;cow;;nag-yãanse;Animal husbandry;;
nag-zẽgre;;Nom;;zébus;zebu, humped ox;naaf zɩgre;;Mammal;zẽgre2, goobre;
nag-zɛlma;;Nom;;espèce de plante;kind of plant;;;Grass, herb, vine;;
nag-zõaaga;;Nom;;moucheron (suce le sang des bœufs);midge (sucking cow's blood);;nag-zõose;Insect;;
nag-zõaag-be;;Nom;;pique bœufs;yellow billed Ox-pecker;;;Bird;nag-liuula;
naka;1;Adjectif;à-á;tordu, cambré;crooked, bent, distorted, arched.;;nagse;;;
naka;2;Adjectif;á;argileux;clayey;;nagse;;;
nakã-nakã;;Nom;;espèce de plante;kind of plant;;;Grass, herb, vine;;
na-kãsen-kãare;;Nom;;talon;heel;;na-kãsen-kãya;Body;;
nake;;Verbe;à;lever la tête (ou la queue);lift up the head (or tail);;;;;
na-kiuugu;;Nom;;plaie du gros orteil;wound of the big toe;;na-kiidu;Disease;;
na-koambga;;Nom;;notable;notable.;;;;;
nakombse;;Nom;à-ó;descendants de la chefferie de Gambaga;descendants of the Gambaga kingship.;;;;;
nakomsugri;;Nom;ã̀-ú-ì;bagadais casqué;long-tailed Helmet-shrike;;nakomsuga;Bird;kasenkaoore, weoog no-raoogo;
na-koom;;Nom;á-òó;intertrigo;chafe;;;Disease;;
na-kugri;;Nom;á-ú-ì;cheville;ankle;;na-kuga;;na-sẽbre, na-sũka;
namde;;Nom;á;dartre;lichen;;nama;Disease;;
namdo;;Nom;á-ò;plomb, bronze;lead, bronze.;;;;;
nameen-yarga;;Nom;;outarde;bustard;;nameen-yarse;Bird;;
nameoongo;;Nom;;grande outarde arabe;Sudan Bustard;naneoongo;nameendo;Bird;;
nams yõoore;;Verbe;;déranger;trouble, bother, disturb.;;;;;
namse;1;Verbe;á-è;souffrir, maltraiter, faire souffrir, torturer;suffer, mistreat, inflict suffering, torture;;;;;
namse;2;Nom;á;scorpions;scorpions;;;Insect;;
namsgo;;Nom;;souffrance, misère;suffering, misery;;;;fare1;
nan;;auxiliaire;à;pour le moment, présentement;for the moment, presently;nananda;;;;
nan be (sẽn);;expression;;actualité;current affairs, actuality, news.;;;;;
nan ka;;auxiliaire;á á;ne pas encore;not yet;nan pa;;;;
nana;;Adverbe;à-á;facile, simple;easily, simple, straightforward;naana;;;;
nanambga;;Nom;à-á;qui a une autorité qui s'apparente à celle du chef;people with a chief-like authority.;;nanambse;;;
nananda;;Adverbe;à-á;pour le moment, en attendant;for the moment;nan, nanda;;;nanda;
nanda;;Adverbe;à-á;d'abord;first, firstly;;;;nananda;
nandẽ;;Verbe;;estimer;assess, evaluate;;;;saage1;
nane;;Verbe;à;apprécier, estimer, avoir de la considération pour, respecter;appreciate, esteem highly, estimate, respect;;;;;
naneoongo;;Nom;à-èo-ó;autruche;ostrich;;naneoondo, naneendo;Bird;neoongo;
nang pãnga;;expression;;s'efforcer, faire un effort;to make an effort, try hard, do your best to;;;;;
nanga;;Nom;á;scorpion;scorpion;;namse, naense;Spider;;
nangatengaorengo;;Nom;à-á-ó;gros scorpion noir;black scorpion;nangaotengaorengo;nangaotengao rendo;Spider;;
nange;;Verbe;;tenter, faire un effort;try, make an effort;;;;ning pãnga, nadge, naam pãnga;
nangembeoolgo;;Nom;à;scolopendre;centipedes;nangendeelgo;nangembeendo;Small animals;nantãndeelgo;
nangendeoolgo;;Nom;;scolopendre, mille-pattes;centipedes;;;Small animals;nantãndeelgo;
nangur tuubu;;Nom;;récolte d'arachide;harvest of peanuts;;;Agriculture;;
nanguri;1;Nom;à-í;arachide, cacahuète;ground-nuts, peanuts;;;Food;sĩnkaam, sũm-kaam;
nanguri;2;Nom;;plante d'arachides;ground-nut plant;;;Grass, herb, vine;;
nangur-n-bẽedo;;Nom;;pâte d'arachide;groundnut paste;;;Food;tɛgdɛgɛ, kal-kando;
nangur-n-koosa;;Nom;;vendeur d'arachides;groundnut seller.;;;;;
nangur-n-vãado;;Nom;;fanes d'arachide;groundnut leaves;;;;;
nangurunga;;Nom;;champ d'arachides;groundnut field, peanut field;;nangurunsi;Agriculture;;
nankabul;;Nom;;liane (espèce);liana sp;;;Grass, herb, vine;;
nanme;;Verbe;á-è;transformer, se métamorphoser;to change, transform, turn into, metamorphosis, metamorphose oneself;;;;;
nantãndeelgo;;Nom;;scolopendre, mille-pattes;centipedes;;;Small animals;nangembeoolgo, nangendeoolgo;
nao rãmb so-tũudga;;expression;;passage piéton;pedestrian crossing;;;7;;
naoa;;Nom;á;pieds, pattes, roues de véhicule;feet, paws, legs;;;Body;;
nao-beere;;Nom;á;maladie (infection entre des espaces entre les orteils);disease (infection between the toes);;nao-bɛya;Disease;;
nao-beongo;;Nom;á;sabot (d'un animal);hoof;;nao-bendo;Parts of an animal;;
nao-bẽtre;;Nom;áō-è-é;plaie incurable (au pied);incurable wound (at foot);;nao-bẽtse;Disease;nao-tabdre;
nao-bi-kɛmbla;;Nom;;petit orteil;little toe;na-bi-kɛmbla;nao-bi-kemblse, na-bi-kɛmblɩ;Body;;
nao-bila;;Nom;ào-í;orteil;toe;na-bila, no-bila;nao-bi;Body;;
nao-bulga;;Nom;;maladie du pied sous forme de plaie;foot disease in form of wound;;nao-bulsi;Disease;;
naodgo;;Nom;áo-ò;plante grimpante;climbing plant sp;;nato;Grass, herb, vine;;
naogsgo;;Nom;áo-ó;plante (espèce) utilisée pour sauce;plant sp used for sauce;;;Grass, herb, vine;;
nao-kãsenkãare;;Nom;;talon;heel;nao-kãsen-kãare;nao-kãsenkãya;Body;;
nao-kẽna;;expression;;processus, les étapes;process, stages;;;;vũgsi;
nao-kẽnda;;Nom;;piéton;pedestrian.;;;;;
nao-kugri;;Nom;;cheville;ankle, anklebone;;nao-kuga;Body;;
naolʋlle;;Nom;;jambe;leg;nao-lʋlle;nao-lʋlse;Body;karga1;
nao-lʋlle;;Nom;;membre inférieur, jambe;leg, foot;;;Body;naoore1, karga1;
naong soaba;;Nom;;un pauvre;a poor person.;;;;;
naongo;;Nom;á-ò;pauvreté, misère;poverty, misery, poorness;;nando;;"laogo; antonyme: laogo";laogo
naoodr poore;;Nom;;semelle;sole.;;;;;
naoodre;;Nom;;chaussure;shoe;neoodre;;Clothing;;
naoor sõore;;Nom;;fois;times;;;;noore3, naoore2;
naoor wʋsgo;;Adverbe;;souvent;often, frequently.;;;;;
naoore;1;Nom;á-é;pied, patte, roue de véhicule;foot, leg, paw, wheel;;naoa;Body;nao-lʋlle, karga1, na-tagda, karga2;
naoore;2;Nom;áo-é;fois;times;;;;naoor sõore;
nao-peelle;;Nom;áo-è-é;coup de pied;kick.;;nao-pɛɛla;;;
nao-pʋga;;Nom;á;paume de pied;foot palm;;nao-pʋse;Body;;
nao-raoogo;;Nom;á-á;gros orteil;big toe;;nao-raado;Body;;
naorgo;1;Nom;áo-ò;endroit défoncé, cassis;damaged place, injured place, cross drain.;;;;;
naorgo;2;Nom;áo-ò;surabondance d'un produit, mévente;over-abundance of a product, sales difficulties.;;nardo;;;
nao-tabdre;;Nom;;plaie incurable (au pied);incurable wound (at foot);nao-tagdre;;Disease;nao-bẽtre;
nao-talle;;Nom;áo-à-é;dessous du talon;underneath / underside of heel;;nao-tala;Body;;
nao-tuugu;;Nom;;plaie au bout de l'orteil;wound at the tip of the toe;;nao-tuudu;Disease;;
nao-wʋʋga;;Nom;;chaussette;sock;;;Clothing;sosɛta, na-wʋʋdo;
nao-yakemde;;Nom;;pas, enjambée;footstep, stride, step.;;nao-yakma;;;
nao-yẽega;;Nom;;ongle de l'orteil;nail of toe, toenail;;nao-yẽese, nao-yẽe;Body;;
nao-yẽese;;Nom;;griffes;claws;;;;;
na-paga;;Nom;;femme de la royauté;woman of royalty;;;;;
na-pagb safãnde;;Nom;;plante (espèce);plant sp;;na-pagb safãna;;;
na-pagb-gõdb-nao;;Nom;;espèce de plante;kind of plant;;;Grass, herb, vine;;
na-pagb-sãfãnde;;Nom;;herbe (espèce);grass sp;;;Grass, herb, vine;na-tũ-n-kuili;
na-poaka;;Nom;à-áo;princesse;princess.;;na-pogse;;;
na-pusumdi;;Nom;á-ú;crevasses aux pieds;crevices at the feet;;na-pusma;Disease;;
na-pʋga;;Nom;;semelle, plante de pied;ball of foot;;na-pʋse;Body;;
na-pʋg-ãadga;;Nom;;espèce d'arbre;kind of tree;;na-pʋg-ãadse;Tree;;
napʋgmaande;;Nom;;aloès;aloe;;napʋgmaana;Grass, herb, vine;;
na-pʋg-sɩɩga;;Nom;;plante (espèce) dont les feuilles servent en teinture;plant sp;tũma-pʋ-wʋka;na-pʋg-sɩɩse;Grass, herb, vine;;
na-raoogo;;Nom;á;gros orteil;big toe.;;na-raado;;;
narbõaaka;;Nom;;sauce de pâte d'arachide;groundnut sauce;;;Food;tɛgdɛg zẽedo;
nare;;Verbe;á;abondance (se trouver en), être en excès, surplus;to be excessive, , have too much, abundance (be in), be in excess, surplus;narge;;;;
narge;;Verbe;á-è;faire un creux, s'incurver, tordre;cause a hollow / cavity, curve, twist.;;;;;
narɩ;;Nom;;pastèque (espèce de);kind of watermelon;;;Food;niri;
na-roogo;;Nom;à-ó-ó;lignée du chef;descendants / bloodline from the chief;;na-roto;Relationships;;
nasaar arzãn-tɩɩga;;Nom;;espèce d'arbre;kind of tree;;;Tree;;
nasaar kãan-toabga;;Nom;;espèce de sisal;kind of sisal, hemp plant;;;Grass, herb, vine;;
nasaar kurkur-gõaaga;;Nom;;espèce de plante;kind of plant;;;Grass, herb, vine;;
nasaar luiili sibi;;Nom;;espèce de plante;kind of plant;;;Grass, herb, vine;;
nasaar tã-wɩɩga;;Nom;;espèce de bambou;kind of plant;;;Grass, herb, vine;;
nasaara;;Nom;à-á;un européen /américain, un «blanc»;European or American white person;;nasaar-dãmba;Person, Community;;
nasaar-bɛnga;;Nom;;haricot;bean;;;Food, Grass, herb, vine;;
nasaarende;;Nom;à-á;langue des européens, le français;European language, French;;;;;
nasaar-kankanga;;Nom;;espèce de figuier;kind of fig tree;;;Tree;;
nasaar-kipare;;Nom;;espèce de poivre;kind of pepper;;;Food, Grass, herb, vine;;
nasaar-kʋmbre;;Nom;;espèce d'aubergine;kind of eggplant;;;Grass, herb, vine;;
nasaar-sabga;;Nom;;espèce de plante;kind of plant;;;Food, Grass, herb, vine;;
nasaar-sablga;;Nom;;africain qui singe l'européen;African person who apes / copies the European.;;nasaar-sablse;;;
nasaar-sibi;;Nom;;raisin;grape;;;Food;reezẽ;
nasaar-sɩlga;;Nom;;avion;aircraft, air-plane, aeroplane;;nasaar-sɩlse;Travel;;
Nasaar-tẽnga;;Nom;;Europe, France ..;;;;Region;;
nasar-yagre;;Nom;;cuisinière;cooker, gas cookers.;;;;;
na-sẽbre;;Nom;;cheville;ankle;;na-sẽba;Body;na-kugri, na-sũka;
na-sũka;;Nom;;cheville;ankle;;;Body;na-sẽbre, na-kugri;
na-tagda;;Nom;;pied, patte;foot, leg, paw;;;;naoore1;
na-tẽnga;1;Nom;;capitale, chef-lieu;capital city, administrative centre;;;Government, City;;
na-tẽnga;2;Nom;;palais;palace;;;;;
na-tĩiga;;Nom;;mollet;calf;;;;kar-lʋlga;
na-tu-kuli;;Nom;;espèce de plante;kind of plant;;;Grass, herb, vine;;
na-tũ-n-kuili;;Nom;;herbe (espèce) dont les fruits s'attachent aux habits;grass sp whose fruits sticks at your clothes;na-tuu-kuli;;Grass, herb, vine;na-pagb-sãfãnde;
natunkuli;;Nom;;plante (espèce);plant sp;;;Grass, herb, vine;;
na-wʋʋdo;;Nom;;chaussette;sock;;;Clothing;sosɛta, nao-wʋʋga;
na-wʋʋse;;Nom;;chaussette;sock;na-wʋʋdo;;Clothing;sosɛta;
nayarga;;Nom;;patate douce;sweet potato;;;Food;nayũuri;
na-yẽoogo;1;Nom;;griffe;claw;;na-yẽese;Parts of an animal;;
na-yẽoogo;2;Nom;;ongle d'orteil;toenail;;na-yẽese;Body;;
nayĩignakoalenga;;Nom;;espèce de plante, casse puante, faux Kinkéliba;kind of plant;;;Bush, shrub;kẽkilba;
nayĩiri;;Nom;à-í;hyène, hyène tachetée, hyène rayée;hyena, spotted hyena, striped hyena;;nayĩya;Mammal;katre, soasa;
na-yiri;;Nom;;palais, coure royale;palace, chief's house;;;Building;;
nayũ-noodo;;Nom;;patate;potato;;;Food, Grass, herb, vine;dãn-kale, woso;
nayũuri;;Nom;;patate douce;sweet potato;nayũ-noodo, yũuri, woso, dãnkale, na-yarse;nayũya;Food, Grass, herb, vine;woso, dãn-kale, nayarga, põaaga2, yũuri1, noaasa, yũ-noodo;
na-zaka;;Nom;;château, palais;castle, palace;;;Building;;
ne;1;conjonction;é;avec, et (les événements sont étroitement liés et des détails sont ajoutés), de même que;with, and (events described are closely related and thus gives more detail on the same event);;;Grammar;;
ne;2;Verbe;è;voir, se rendre compte;to perceive, see, realize;;;;;
ne;3;postposition;;vers, auprès de;towards, from;;;;;
tɩ;;expression;;avant que, dès que;before, as soon as, as early as;;;;;
yelle;;expression;;au sujet de (employé dans les titres de textes);on the subject of, about (used in titles of texts);;;;;
ne (sẽn);;Adjectif;;visible;visible.;;;;;
ne y beoogo;;interj;;bonjour (salutation);good morning (greeting).;;;;;
ne y kẽnd;;interj;;je te salue dans ta marche;I greet you in your walk;;;;;
ne y waoongo;;interj;;bienvenue;welcome (greeting);;;Language and thought;;
ne y wĩndga;;interj;;bonjour (midi);hello (noon time);;;Language and thought;;
ne y zaabre;;interj;;bonsoir (salutation);good evening (greeting);;;Language and thought;;
neb baoobo;;Nom;;relation;relation;;;Relationships;;
neb fãa zĩ-sika;;expression;;panneau parking;parking;;;7;;
neb kʋʋngo;;Nom;;foule de gens;crowd of people;;;;bãndʋrba, nin-kʋʋngo, zãma;
Neb sẽn lʋɩt taoor n wilgd sore;;expression;;guides;guides;;;Worker;neodgo;
ne-biiga;;Nom;é-í-á;meule de dessus pour écraser le grain;upper grindstone, upper millstone.;;ne-biisi;;;
nebsãnde;;Nom;;plante (espèce);plant sp;;nebsãna;Grass, herb, vine;;
ned a to;;expression;;quelqu'un d'autre, un autre;somebody else, another;;;;;
ned ka zug;;expression;;personne;nobody;;;;;
ned kam;;Nom;é;chacun;everybody, each one;ned kam fãa;;;ãnkam;
ned kam fãa;;expression;;chacun, tout le monde;everybody, each one, each person, everyone;;;;;
neda;;Nom;é-à;une personne, quelqu'un;person, somebody, some one;;neba, nedba, nedgo, neodgo;Person;;
nedge;;Verbe;é-è;laver (vaisselle), nettoyer l'intérieur d'un récipient;wash (dishes), clean the inside of a recipient;;;;;
nedlem;;Nom;;humain;human.;;;;;
needgo;;Nom;;courge éponge;sponge gourd;;;Grass, herb, vine;;
neega;;Adjectif;é;beau, joli;beautiful, handsome, pretty, nice;;neese;;;
neeme;;Verbe;é-è;écraser plusieurs fois;crush / grind several times;;;;;
neere;1;Adjectif;é;joli, beau;nice, beautiful;;neeba;;zelbre;
neere;2;Adverbe;;bien;well;;;;;
neere;3;Adverbe;;bon, bonne;good;;;;;
neere;2;Nom;é-é;meule;millstone, grindstone.;;neya;;;
neere;3;Adverbe;é;bien;well.;;;;;
Ges neere! Regarde bien ! Watch well!;;Nom;;le bien;goodness, good;;;;;
neerem;;Nom;é;beauté;beauty;;;;;
nege;;Verbe;è;trembler (d'une chose longue et fine);shake, tremble (of long and thin thing).;;;;;
negemde;;Verbe;é-è;se plier d'un coup;fold at once;;negme;;;
ne-guugu;;Nom;;lieu où sont regroupés des meules;place where several grinding stones are.;;ne-guudu;;;
nekdga;;Nom;;réveil;alarm clock.;;;;;
neke;;Verbe;è;réveiller (se), raviver;wake up, reanimate, revive;;;;;
nekre;;Nom;;le fait de se réveiller;waking up;;;;;
nema;;Nom;é;viande, chaire;meat, flesh;nemdo;;Food;;
nemdo;;Nom;é-ò;viande, chaire;meat, flesh;nema;;Food;;
nem-kãado;;Nom;;viande crue;raw meat;;;;;
nem-nema;;Adverbe;è;très flexible;very flexible, pliable, yielding.;;;;;
nems-bãaga;;Nom;;goutte;gout;;nems-bãase;Disease;;
nemse;1;Nom;é-è;visages, faces;faces, visages;;;Body;;
nemse;2;Nom;;gencives;gums;;;Body;yẽn-namse;
nem-tʋmdga;;Nom;é;muscle;muscle;;;;nem-zẽoogo;
nem-yoara;;Nom;;aide ou garçon du boucher;butcher's helper.;;;;;
nem-zẽoogo;;Nom;;muscle, chair;muscle, flesh;;;Body;nem-tʋmdga;
nenem;;Nom;;vision, vue;eyesight, vision, sight, visibility, seeing.;;;;;
nenem paasg gɛtga;;Nom;;loupe;magnifying glass;;;Tool;nin-get-fɩɩdga;
nenem toaaga;;Nom;è-é òa-á;horizon;skyline, horizon;nenem toadga;;;yaangintĩimdi, sa-gãn-noore;
nenem võor yaaba;;Nom;;iris;iris;;;Body;nin-beelle;
nenem võore;;Nom;è-é ò-é;pupille;eye pupil;;;Body;nifr võ-gɛtga;
nenem yalg wilgda;;Nom;;vue;sense of seeing, sight.;;;;;
neng sebre;;Nom;;carte d'identité;identity card;;;Government;kadãntiki, kadãntiki;
nenga;;Nom;é-à;visage, figure, face;face, visage;;nense, nemse;Body;;
nen-gãnenga;;Nom;;visage triste;sad face.;;nen-gãnense;;;
nengẽ;;postposition;è;chez (quelqu'un);at (somebody's place), to;;;;;
nen-gɛtga;;Nom;;miroir;mirror.;;nen-getse;;;
neng-yalem;;Nom;é-à-é;superficie;surface, area;;;;vẽenem3;
nen-kãan-sega;;Nom;;espèce de plante;kind of plant;nin-kãan-sega;;Grass, herb, vine;;
nen-keelem;;Nom;;violence;violence.;;;;;
nen-magdem;;Nom;;dimension;dimension;;;Mathematics;zendlem;
nennedga;;Nom;;échasse, oiseau (espèce);stilt, bird sp;;nennedse;Bird;;
nen-noore;;Nom;;espèce d'arbre;kind of tree;nin-noore;;Tree;;
nen-soabga;;Nom;;vertige;dizziness, giddiness;;;;nen-yilinga;
nen-taoore;;Nom;;l'ouest;West, the west (direction);;;;nintaoore, nin-taoore, wĩn-taoore;
nen-toglgo;;Nom;;orientation;orientation.;;;;;
nen-tulum sore;;Nom;;circulation dans les deux sens;two way traffic straight ahead sign;;;7;;
nen-tũudga;;Nom;;Obligation de tourner à droite avant le panneau;turn right;;;7;;
nen-wamde;;Nom;;cadran d'une montre;watch-face, face of a clock.;montr nen-wamde;;;;
nen-yilinga;;Nom;;troubles mentaux, folie, vertige;mental disturbances, folly, dizziness;;nen-yilimsi;Disease;nen-soabga;
neodgo;;Nom;éo-ò;foule immense;huge crowd, herd;nedgo;;;zãma, neba;
neongo;;Nom;é-ò;morceau de viande;peace of meat.;;nemdo;;;
neoodgo;;Nom;;toute chose qui sert à laver les plats et marmites;thing used to wash dishes and pans;;;Tool;;
neoodre;;Nom;é-è;chaussure;shoe.;naoodre;neooda;;;
neoongo;;Nom;èo-ó;autruche;ostrich;meoongo, neengo, naneoongo;neendo;Bird;naneoongo;
nesneedo;;Nom;é;eau croupie, noirâtre;rotten water, blackish water;nesenneedo;;Water;;
n-faa;;interj;;expression d'approbation;expression of approbation;;;;ẽhẽe2;
ni;1;Verbe;í;pleuvoir;to rain;;;;;
ni;2;Nom;ì;quelque part;somewhere, some place;mi, nib;;;;
ni;3;auxiliaire;ɩ́;de temps en temps, avoir l'habitude, quelque fois;from time to time, habitually, sometimes;nib;;;mi2, yɩb;
nib;;auxiliaire;;avoir l'habitude;do usually, customary, habitual;ni, mi;;;yɩb;
nidi;;Verbe;í;rosser, battre copieusement;thresh, whack, hit hard, beat;;;;;
nif kamsgo;;Nom;;clin d’œil, en un instant;wink, in a jiffy, in a moment of time, in a snapshot;kaomsgo;;;;
nifẽ;;Nom;í;devant, sous les yeux;before, in front of somebody looking;;;;;
nifr võ-gɛtga;;Nom;í ó-ɛ́-à;pupille;eye pupil;;;Body;nenem võore;
nif-sãagre;;Nom;;foutaises;nonsense, baloney.;;;;;
nifu;;Nom;í-ù;œil;eye;nifri;nini;Body;;
ni-gɛtga;;Nom;;lunettes;glasses.;;ni-getse;;;
nigi;1;Verbe;í;se tortiller sur place;wiggle on the spot;;;;;
nigi;2;Nom;ì-í;fourmilion, fourmi-lion;lion-ant;;nig-rãmba;Insect;nugi1;
nigsi;;Verbe;í-ì;se tortiller, avancer en se tortillant;wiggle, move forward by wiggling;;;;;
nii;;numéral;í;huit, 8;eight, 8;;;;;
nii soaba;;Adjectif;;huitième;eighth;;;Mathematics;;
niigi;;Nom;í-ì;bœufs;cattle, oxen, cows;niisi;;Mammal, Animal husbandry;;
niig-logtore;;Nom;;vétérinaire;veterinary;;;Worker;rũms logtore;
niim;;Nom;;arbre (espèce), neem, margose;tree sp;neema;niimsi;Tree;;
ni-kãsenga;;Nom;;constitution;constitution;;;Government;tẽng no-vigindi, kĩungu, tẽn-kugri1, tẽng-kugri;
ni-kãsga;;Nom;;espèce de plante;kind of plant;par-pare;;Grass, herb, vine;;
nimbãanega;;Nom;í-á;misère, peine, pitié;poverty, distress, pain, misery, pitifulness;ninbãanega, nimbãalga;;;;
nimbãan-neda;;Nom;í-à;pauvre, malheureux;pitiable person, poor person, pauper, wretched, pitiful, miserable.;;;;;
nimbãan-zoeere;;Nom;;miséricorde, pitié, compassion;pity, compassion, mercy.;;;;;
nimbãan-zoɛta;;Nom;;miséricordieux, pitoyable (personne), compatissant;compassionate person, merciful person.;nimbãal-zoɛta;nimbãan-zoɛtba;;;
nin logtore;;Nom;;ophtalmologue;ophthalmology, eye doctor;;;Worker;;
nin sẽn pa tõe n yãnde;;expression;;invisibilité, qui échappe à la vue, ce que les yeux ne peuvent pas voir;invisibility.;;;;;
nin tɩpg zĩiga;;Nom;;ophtalmologie;ophthalmology.;;;;;
nina;;Nom;ì-á;quelqu'un, une certaine personne;somebody, a certain person;;nimba;;;
nin-beele;;Nom;í-é;pupille, prunelle;pupil;nin-beaala, nin-beelle, nin-bila;nin-bɛɛla;Body;nin-biiga;
nin-beelle;;Nom;;pupille, iris;eye pupil, iris;;;Body;nenem võor yaaba, nin-bila;
nin-biiga;;Nom;;pupille;eye pupil;;;Body;nin-beele;
nin-bila;;Nom;;pupille;pupil;nin-biiga;nin-biisi;Body;nin-beelle;
nin-boko;;Nom;í-ó;orbite de l’œil;eye-socket;;nin-bogdo;Body;nin-koore;
nin-buiidu;;Nom;;population;population.;;;;;
nin-bui-naam;;Nom;;démocratie;democracy;nin-buiid naam;;Government;;
nin-bulga;;Nom;;cataracte, taie sur l’œil;cataract;;nin-bulsi;Disease;;
nindaare;;Nom;ì-á;autre jour (un), une autre fois;other day (an), another time;yĩndaare;;;;
nin-daoa;;Nom;;homme, personne de sexe masculin;man, male person.;;nin-dapa;;;
nin-feoogo;;Nom;í-é;borgne;one-eyed;;nin-feedo;Person, Disease;;
ning fuugu;;Verbe;;habiller;to dress, to clothe.;;;;;
ning limore;;Verbe;;immatriculer;to register.;;;;;
ning pãnga;;Verbe;;tenter de, faire un effort;try hard, make an effort;;;;naam pãnga, nange;
ning sʋka;;Nom;;inclure;include, insert, enclose.;;;;;
ning t'a pidi;;expression;;faire le plein (d'essence);to fill up the thank.;;;;;
ning yãnde;;Verbe;;humilier;humiliate.;;;;;
ninga;;démonstratif;ì-á;certain, lequel, laquelle,quelque;a certain (person);;ninsi;;;
nin-get-fɩɩdga;;Nom;;loupe;magnifying glass;;;;nenem paasg gɛtga;
nin-getse;;Nom;;lunettes;glasses;;;;ningɛtga;
nin-gɛtga;;Nom;í-a;miroir;mirror;;nin-gɛtse;;gɛtga;
ningɛtga;;Nom;í-ɛ́;lunettes, miroir;spectacles, glasses, mirror;;;;nin-getse;
ningi;1;Verbe;ì-ì;mettre, poser;put, put down, lay down, place, lay.;;;;;
ningi;2;Verbe;;porter (vêtement);to wear, put on (garment).;;;;;
nin-gĩindi;;Nom;;nerf optique;optic nerve;;nin-gĩina;Body;;
ni-ni;;numéral;;par huit (ex;;;;;;
nin-kãsenga;;Nom;;personne importante, grand personnage;important person, great personage;;;;;
nin-kẽem;;Nom;;personne adulte;adult person;;;Person;;
nin-kẽema;;Nom;í-á;vieillard, un vieux;old man, old person;;nin-kẽemba, nin-kẽemse;Person;;
nin-kɛɛma;;Nom;;personne robuste, pleine de santé;a strong person, a stout person.;;;;;
nin-kɩɩsda;;Nom;;adversaire, opposant;adversary, opponent;;nin-kɩɩsdba;;kɩɩsda, zabd-n-taaga;
nin-kõbdo;;Nom;í-ó;cils, sourcils;eyelash, brow;;;Body;nin-sũuri;
nin-kog-kõbdo;;Nom;;sourcils;eyebrow, brow (eye).;;;;;
nin-koore;;Nom;;orbite de l’œil;eye-socket;;;Body;nin-boko;
nin-kʋgdre;;Nom;;arcade sourcilière;supercilious arch;nin-kʋɩgdga;nin-kʋgdo;Body;;
nin-kʋʋda;;Nom;;assassin, homicide, criminel;killer, assassin, homicide, criminal, murderer.;;nin-kʋʋdba;;;
nin-kʋʋngo;;Nom;;gens, foule de gens, peuple;crowd, group of people;;;;neb kʋʋngo;
nin-kʋʋre;;Nom;;tuerie d'hommes, massacre;killing of people, massacre, mass killing, bloodshed, slaughter.;;;;;
nin-lɛta;1;Nom;ì-ɛ́-á;pronom personnel;personal pronoun;;;Grammar;;
nin-lɛta;2;Nom;;représentant;representative;;;;;
nin-naan-bila;;Nom;;statuette;statuette.;;;;;
nin-naande;;Nom;í-á-é;statue, poupée;statue, doll, dolly;;nin-naandse;;naan-rẽesdem, desẽ;
nin-nodre;;Nom;;orgelet (paupière), bouton apparaissant sur les paupières;sty (eyelid infection);;nin-noda;Disease;;
nin-paga;;Nom;í-á-á;femme, personne de sexe féminin;woman, female;paga;;Person;;
nin-pako;;Nom;í-á-ó;paupière;eyelid;;nin-pagdo;Body;;
nin-pa-nanda;;Nom;;hautain, dédaigneux, altier;person who is snobbish, disdainful, contemptuous, proud.;;nin-pa-nandba;;;
nin-paoko;;Nom;;paupière;eyelid;;nin-pagdo;Body;;
nin-puudu;;Nom;;crasse blanchâtre provenant de l’œil;whitish dirt/mass coming from the eyes.;;;;;
ninsaala;;Nom;í-á;humain (être), individu;human being, individual;;ninsaalba;Person;;
ninsaan-kazukũmdi;;Nom;;hypocrite;hypocrite.;ninsaan-kãanzukumdi;;;;
nin-sablga;;Nom;í-á;Noir (peuple), africain;black person, African;;nin-sablse;Person, Community;;
nin-sĩndga;;Nom;;personne timide;shy person;;;;;
nin-sũuri;;Nom;;cils, sourcils;eyelash, brow;;;Body;nin-kõbdo;
nintãm;;Nom;í-ã́;larmes;tears, weeping.;nintam;;;;
nintãm-sore;;Nom;;canal lacrymal;lachrymal duct;;nintam-soya;Body;;
nintãm-tẽgre;;Nom;;balafre transversale partant du milieu du nez sur un côté;scar going from the nose towards one side.;;nintãm-tẽga;;;
nintaoore;;Nom;í;couchant (du soleil), ouest;west;;;;nen-taoore, wĩn-taoore, wĩn-taoore;
nin-taoore;;Nom;;ouest (lit;;;;;nen-taoore, poorẽ baobgo;
nin-tɩrga;;Nom;;personne droite, juste, intègre, honnête;person who is straight, just, fair, respectable, spotless, honest;;nin-tɩrse;;;
nin-vẽen-neba;;Nom;;personnes rusées;cunning people;;;;;
nin-yaalga;;Nom;;vaurien;good for nothing, scamp, no-good, bad lot;;;;ka võor-soaba, ka võore;
nin-yende;;Nom;;une seule personne;one single person;;;;;
nin-yilinga;;Nom;;espèce d'arbre;kind of tree;nen-yilinga;;Tree;vʋlga;
nin-yoogo;;Nom;;voyou;lout, rascal.;;;;;
nin-zabre;;Nom;;maux d'yeux;eye pain, eye-strain;;nin-zaba;Disease;;
nin-zɩsa;;Nom;;femme enceinte;pregnant woman;;;;tʋtr-pʋga, pʋg-tʋtga, pʋg-pʋga;
nirfu;;Nom;;espèce de gourde;gourd (kind of);;niri;Container;;
niri;;Nom;;sorte de pastèque;kind of watermelon;;;Food;narɩ;
niuuna;;Nom;;oiseaux;birds.;;;;;
n-naa;;interj;;oui, merci, réponse masculine à une salutation;yes, thank you, answer of a man to a greeting.;naa, naaba;;;;
noaag kaam;;Nom;;espèce de plante dont on utilise les feuilles pour la sauce;kind of plant o which one uses the leaves for sauce;;;Grass, herb, vine;;
noaaga;;Nom;ó-à;gallinacé, poule en tant qu'espèce;fowl, chicken, hen;nooga;noose;Animal husbandry, Bird;;
noaasa;;Nom;;patate douce;sweet potato;;;Food;nayũuri, woso;
noaba;;Nom;;prunes sauvages (amande est comestible);plums sp (kernel is edible);noba;;Food;;
noabga;;Nom;;arbre (espèce), prunier sauvage;tree sp, wild plum tree;;nobse;Tree;;
noakenga;;Nom;óa-é-á;émigrant, résident non autochtone;emigrant, foreign national, resident, non-native, non-indigenous person;;nokense;;tẽn-zẽng neda, nogenga;
noanga;;Nom;;bien-aimé, amant;beloved, lover.;;;;;
no-bãaga;;Nom;;grand bavard;chatterer, chatterbox, talkative person.;no-bẽega;;;;
no-baoodem;;Nom;;provocation;provocation.;no-baoodo, no-baoosem;;;;
no-baoosem;;Verbe;;provoquer, importuner;provoke, pester;;;;yaas noore;
nobe;;Verbe;ó;grossir, engraisser;fatten, thicken, get fat, to grow, flourish, gain weight;;nobse;;;
no-beongo;;Nom;ó-é-ó;appel au secours, cri de détresse;call for help, cry of distress.;;no-bendo;;;
nobge;;Verbe;ó-è;grossir;fatten, thicken, flourish, gain weight (single instance), grow.;;;;;
no-bila;;Nom;ó-í;poussin;chick, small fowl;;no-bi;Animal husbandry, Bird;;
no-bɩdgo;;Nom;;lèvre;lip;;no-bɩto;Body;no-gãongo;
no-boko;;Nom;;cavité buccale;mouth cavity;;no-bogdo;Body;;
nobre;;Nom;;le fait de grossir;the fact of getting fat;;;;;
nobse;;Verbe;ó-è;faire grossir;make fat, to fatten, raise (child, animal);;;;;
nod-dãoongo;;Nom;ò-ã́-ó;cicatrice, plaie cicatrisé;scar, scar of a wound that has been healed;;nod-dãando;;nod-kãanego;
nodge;;Verbe;;écarquiller (yeux);stare wide-eyed, open one's eyes wide;;noode, dodse;;;
nod-kãanego;;Nom;;cicatrice, plaie cicatrisée;scar, scar of a wound that has been healed;;;;nod-dãoongo;
nod-kɛɛnga;;Nom;;furoncle;furuncle, carbuncle;;nod-keemse;Disease;nod-tãoodenga;
nod-kʋdre;;Nom;;gangrène;gangrene;;nod-kʋda;Disease;;
nodme;;Verbe;ò;parler lentement;speak slowly.;;;;;
nod-node;;Adverbe;ò;de façon épaisse et pâteuse;in a thick and sloppily manner;;;;;
nod-raalle;;Nom;;cicatrice;scar;;nod-raala;Body;nod-rãango;
nod-rãango;;Nom;;cicatrice;scar;nod-dãoongo;;;nod-raalle;
nodre;;Nom;ó;plaie;wound, sore;;noada;Disease;;
nod-tãoodenga;;Nom;;furoncle;furuncle, carbuncle;;;Disease;nod-kɛɛnga, tãoodre, tãoodenga;
noeega;;Nom;;espèce d'arbre;kind of tree;noeeka;;Tree;;
noeeka;;Nom;;arbre (espèce);tree sp;nonnoya, noeega;noeese;Tree;wẽka, wẽka;
noelle;;Nom;;noël;Christmas;;;;Zezi dogem daare;
no-gãongo;;Nom;ó-ã́-ò;lèvre (lit;;no-gãngo;no-gãndo;Body;no-bɩdgo;
nogbo;2;Nom;;récolte de haricots;harvest of beans;;;Agriculture;rɩgsgo;
nogbo;;Nom;ó;ramassage;picking up, collection;;;;;
noge;;Verbe;ò;ramasser, collectionner;gather, gather up, collect things together, pick up.;;;;;
nogenga;;Nom;ò-é-á;parasite;parasite;;;Small animals;noakenga;
nogsaku;;Nom;;plante (espèce), herbe à verrues, herbe aux papillons;plant sp;;nogsado;Grass, herb, vine;;
no-kãbse-raaga;;Nom;;espèce de plante;kind of plant;;;Grass, herb, vine;;
noke;;Verbe;ò;émigrer chez quelqu'un ou dans une ville pour s'y installer;emigrate to stay with somebody or to live in another town;;nogse;;;
nok-n-taaga;;Nom;;concubin;cohabitee or partner.;;;;;
nok-n-taare;;Nom;;concubinage;live together without officially getting married, cohabiting.;;;;;
no-kõbdo;;Nom;ó-ó;moustache;moustache;;;Body;;
no-kõbgo;;Nom;ó-ó;plume, plumage;feather.;;no-kõbdo;;;
no-koeemde;1;Nom;ó-é;controverse, discussion, dispute;debate, discussion, argument.;;no-koɛɛma;;;
no-koeemde;2;Nom;;discussion, dispute verbale;discussion, argument;;no-koɛɛma;;;
no-kũum;;Nom;;grippe aviaire, peste aviaire;bird flu, bird influenza;;;Animal husbandry;;
no-loeere;;Nom;ó-é;jeûne, carême, Ramadan;fast, fasting, Ramadan;;;;;no-lokre
no-lokre;;Nom;ó-ó-é;fin de la période de jeûne;end of fasting period;;;;;no-loeere
nome;1;Verbe;ó;malaxer, rendre souple, mou ou poudreux en écrasant entre les doigts;to rub, knead, make supple, elastic, soft or powdery;;;;wõre2;
nome;2;Verbe;;soumettre, faire obéir de force, contraindre;subdue, subjugate, force to obey;;;;wõre1;
nom-nome;;Adverbe;ò;très doux au toucher, mou;soft (for touching);;;;;
nong n yɩɩda;;Verbe;;préférer;prefer.;;;;;
nong neba;;expression;;sociable;sociable.;;;;;
nong rɩɩb soaba;;Nom;;glouton;glutton.;;;;;
nonge;;Verbe;ò;aimer;to love, like;;;;;
nonge-m-taaba;;Nom;;espèce d'arbre;kind of tree;nong-sedgo;;Tree;;
nonglem;;Nom;ò-é;amour, affection;love (the emotion), affection;;;;;
nonglem-bãaga;;Nom;;maladies sexuellement transmissibles (MST);sexually transmissible diseases (STD);;;Disease;taoor-bãaga;
nong-m-taaba;;Nom;;liane étoilée;stared liana;;;Grass, herb, vine;;
nongre;;Adjectif;ò-é;préféré, chéri, bien-aimé;preferred, beloved, darling;;nongdse;;;
nong-taaba;;Nom;;aimer l'un l'autre, amour mutuelle;love one another, mutual love.;;;;;
no-noda;;Nom;;gingivite;gingivitis;;;Disease;yẽn-yĩidu;
no-noogo;;Nom;;bon prix;good price, cheap;;;Money;naana;
nooda;;Verbe;;écarquiller (yeux);stare wide-eyed, open one's eyes wide;;;;;
noog sũuri;;expression;;jouir;enjoy;;;;;
nooge;;Verbe;ò;faire plaisir à;to please sb., delight somebody, gratify;;;;;
noogo;;Adjectif;ò-ó;bon, qui contente les sens, content;good, what satisfies the senses, happy;;noodo;;;
noom;;Nom;òó;le bon goût, ce qui plaît;good taste, what pleases;;;;;
noomde;;Nom;ò;chose succulente;tasty, succulent thing.;;;;;
noome;;Verbe;ò;être bon, délicieux, agréable;to be good, be tasty, delicious, pleasant, nice, sweet;;;;;
noor pemsem;;Nom;;haleine;breath.;;;;;
noor rɩkr taoor soaba;;expression;;dirigeant, décideur, autorité;authority;;;Government;pãn-soaala, tẽng taoor soaba, pãn-soogo;
noor rɩkre;;expression;;conseils (à suivre), conduite (à suivre);measures (to be taken), advice;;;;saglga;
noor sẽn dɩte;;expression;;tranchant;sharp;;;;;
noor yelsem maan-n-bãngre;;expression;;exercice oral;oral exercise;;;Mathematics, Teach;;sebr zug maan-n-bãngre
noor-bãaga;;Nom;;stomatite;stomatitis;;noor-bãase;Disease;;
noore;1;Nom;ó-è;bouche, bec, gueule, museau;mouth, bill, beak (of a bird);;noya;Body;laloa;
noore;2;Nom;ó-è;porte, entrée, orifice;door, entrance, opening (e.g;;noya;;;
noore;3;Nom;ó-è;fois;times (with numerals);;;;naoor sõore;
noorẽ wãgdga;;Nom;ó á-á;voyelle orale;oral vowel.;;;;;
a, e, i, o, u noos gʋʋlgo;;Nom;;aviculture;poultry farming;;;Animal husbandry;;
noos roogo;;Nom;;poulailler;hen-house, coop;;;Animal husbandry, Building;no-sẽoko;
noosdo;;Nom;ó-ò;condiments, ingrédients;seasoning, condiments, ingredients;;;;;
noose;1;Verbe;ó-è;frimer, crâner;swank, make a show of, boast;;;;;
noose;2;Nom;ó-è;poules;chicken (pl.) Category: Animal husbandry.;;;Animal husbandry;;
noosem;;Nom;ò-é;bon goût (sucré);tastiness;;;Food;;
no-raoog kʋmbre;;Nom;;espèce de plante;kind of plant;;;Grass, herb, vine;;
no-raoog nini;;Nom;;espèce d'arbuste;kind of shrub;;;Bush, shrub;;
no-raoog-kʋmbre;1;Nom;;arbuste (espèce);shrub sp;;na-raoog-kʋmba;Bush, shrub;;
no-raoog-kʋmbre;2;Nom;;larve du scarabée sacré;larva of dung beetle;;no-raoog kʋmba;Small animals;;
no-raoogo;;Nom;ó-ó;coq;rooster, cock, cockerel;;no-raado;Animal husbandry, Bird;;
nore;;Verbe;ó;alourdir, rendre quelqu'un mou et incapable de faire un effort;bod down, burden, make heavy.;;;;;
no-rɛɛsa;;Nom;ó-à;interprète, répétiteur, porte-parole;interpreter, spokesman;;no-rɛɛsdba;;;
no-rɛɛs-poaka;;Nom;;prophétesse;female prophet.;;;;;
norge;;Adjectif;ó;être défoncé;be smashed in;;norse;;;
no-ribla;;Nom;ó-á;coquelet;young rooster;;no-ribli;Animal husbandry;;
no-rɩbla;;Nom;;poulet;young male chicken;;;Animal husbandry;;
no-rɩkdga;;Nom;;décision (lit;;noor dɩkre;;;;
no-rɩk-neda;;Nom;;provocateur;provocative person;;;;;
nosaku;;Nom;;plante (espèce);plant sp;;;Grass, herb, vine;;
no-sare;;Nom;ó-á-è;abreuvoir pour volaille;drinking trough for fowls.;;;;;
no-sẽoko;;Nom;ó-é-ó;poulailler;hen-house, coop;;no-sẽgdo;Agriculture, Building;noos roogo;
no-soaka;;Nom;ó-à;petit déjeuner;breakfast;;no-sogse;Food;soaka3;
no-toogo;;Nom;ó-ó;souhait mauvais proféré à l'adresse de quelqu'un;evil wish against somebody.;;;;;
no-tũudga;;Nom;ó-ú-á;règle, loi, réglemente;rule, law.;;;;;
no-tũur gʋlsg a to;;expression;;équivalent orthographique;orthographical equivalent;;;Teach;;
no-tũur gʋlsgo;;Nom;ó-ú ʋ́-ó;orthographe;orthography, spelling;;;Teach;;
no-tũur zɩslem;;expression;;poids total chargé;total laden weight.;;;;;
nowɛlle;;Nom;ò-ɛ́-è;fête de Noël;Christmas, Xmas;;nowɛla;;Zezi dogem daare;
no-wũundga;;Nom;;poule qui couve les œufs;hen brooding her eggs;;;Animal husbandry, Bird;;
no-yãanga;;Nom;ó-á;poule;hen;;no-yãanse;Animal husbandry, Bird;;
nu;;numéral;ú;cinq, 5;five, 5.;;;;;
nudgi;1;Verbe;ú-ì;se laver (mains);to wash ones hands;;nuudi, nudsi;;soke3, waage1;
nudgi;2;Verbe;ù;se frayer un passage;clear a road to pass;;;;;
nudi;;Verbe;ù;apparaître brusquement;appear suddenly.;;;;;
nudri;;Nom;ú;prolapsus anal;anal prolapse;;nuda;Disease;;
nug sẽn tare;;expression;;aisé;wealthy, well-off.;;;;;
nug tʋmtʋmda;;Nom;;artisans;craftsmen;;;Worker;;
nug tʋntʋmda;;Nom;;ouvrier;worker;;;Worker;;
nug tʋʋmd soaba;;Nom;;ouvrier;worker;;;Worker;;
nug tʋʋmde;;Nom;;métier, profession, artisanat;craft, occupation, profession, craft industry;;nug tʋʋma;Worker;;
nuga;;Adverbe;ù;tendre à toucher, complètement mou;soft to touch, supple;;;;lɛma1, numa, lɛma1;
nug-bi-kɛblenga;;Nom;;auriculaire;pinkie, little finger;nug-bi-kɛmbla;nug-bi-keblense;Body;;
nug-bi-kɛmblga;;Nom;;auriculaire;pinkie, little finger;;nu-bi-kemblse;Body;;
nug-bila;;Nom;ú;doigt;finger;;nug-biisi, nug-bi;Body;;
nugbĩnga;;Nom;ú;anneau;ring, finger-ring.;;nugbĩnsi;;;
nug-bĩnga;;Nom;ú;bague, anneau;ring, finger-ring;;nus-bĩnsi;Adornment;;
nug-bi-pitga;;Nom;;annulaire;ring finger;;nug-bi-pitsi;Body;;
nug-bi-tɛɛsdga;;Nom;;index;index finger;;;Body;nug-raoog-rolle, nug-yaka;
nug-bi-woko;;Nom;;majeur;middle finger;;;Body;tẽsʋk-nug-bila;
nug-dʋdre;;Nom;ú;poignet;wrist;;nug-dʋda;Body;nug-sũka;
nugẽ bãnga;;Nom;;cellulaire, téléphone portable, smartphone;cellphone, smart-phone;;;;poortaable, telefond poortaable, smartfonde;
nugẽ biiga;;Nom;;benjamin;the smallest, youngest;;;;yao-zʋʋga, zʋʋga;
nug-gãaga;;Nom;ú;situation, état des choses, position, point de vue;situation, state of things, position, standpoint, viewpoint.;;nug-gãase;;;
nug-gilgu;;Nom;;poing;fist;;;Body;kud-gilli;
nugi;1;Nom;ù-í;fourmilion;ant-lion;;nug-rãmba;Insect;nigi2;
nugi;2;Verbe;ú;fouiller en profondeur;rifle, search, rummage, browse, scan;;;;;
nug-kũndi;;Nom;;dos de la main, revers du poing;back of hand;;nug-kũna;Body;nug-poore;
nug-poaka;;Nom;ú;applaudissement, battement des mains;applause, clapping hands.;;nug-pogse;;;
nug-poore;;Nom;;dos de la main;back of hand;;;Body;nug-kũndi;
nug-pʋga;;Nom;;paume;palm of the hand;;nug-pʋse;Body;nug-talle;
nug-raoogo;;Nom;;pouce;thumb;;nug-raado;Body;;
nug-raoog-rolle;;Nom;;index (doigt);index finger, forefinger;nug-raoog yaka;ng-raoog-rolba;Body;nug-bi-tɛɛsdga, nug-yaka;
nug-ra-yaka;;Nom;;écart entre pouce et l'index;space between thumb and index finger.;;nug-ra yagse;;;
nug-sẽbre;;Nom;;poignet;wrist;;nug-sẽba;Body;nug-sũka;
nug-sũka;;Nom;;poignet;wrist;;;;nug-dʋdre, nug-sẽbre;
nug-talle;;Nom;;éminence thénar ou hypothénar, paume, partie massue de la base de la main;hypothenar (hand), ball, palm;;nug-tala;Body;nug-pʋga;
nug-tika;1;Nom;ú-í-á;empreinte digitale;digital fingerprint.;;;;;
nug-tika;2;Nom;;signature (matérielle, ex sur papier);signature (material, e.g;;;;;
nug-tikri;;Nom;;signature (opération);signature (operation).;;;;;
nug-tõaanega;;Nom;;petite déchirure de la partie de la peau qui couvre l'ongle;small tear of the part of skin that covers the fingernail.;nug-tõogo;nug-tõonese, nug-tõodo;;;
nugu;;Nom;ú-ù;main, bras;hand, arm, hand-and-arm;;nusi;Body;;
nug-wʋʋgo;;Nom;ú-ʋ́-ó;gant;glove;nug-wʋʋga;nug-woodo;;gã rãmba;
nug-yaka;;Nom;;index;index finger, forefinger;nug—raoog rolle;nug-yagse;Body;nug-bi-tɛɛsdga, nug-raoog-rolle;
nug-yakemde;;Nom;;mesure correspondant à l'écartement entre le pouce et le majeur;measure corresponding to the distance between the thumb and the middle finger.;;nug-yakma;;;
nug-yẽega;;Nom;;ongle;fingernail;;nug-yẽese;;nug-yẽoogo;
nug-yende;;Nom;;une seule main;one single hand;;;;;
nug-yẽoogo;;Nom;;ongle du doigt;fingernail;nug-yẽega;nug-yẽese;Body;nug-yẽega;
nug-zabre;;Nom;;panaris;whitlow;;nug-zaba;Disease;;
nuki;;Verbe;;émerger, soulever, faire saillir;emerge, raise up, lift up, make to stick out;;nugsi;;;
nuklgu;;Adjectif;ù-ú-ù;replet, bombé;roundish, chubby, rounded, bulged;;nuklsi;;nuku;
nuku;;Adjectif;;replet, bombé;roundish, chubby, rounded, bulged;;;;nuklgu;
numa;;Adverbe;ù;très doux;very soft;;;City;lɛma1, nuga;
nu-noogo;;Adjectif;;adroit;skilful.;;;;;
nu-nu;;numéral;ú-ú;cinq cinq, 5 l'unité, 5 chacun, 25 f CFA l'unité;five five, 5 each, 25 francs CFC for a unit;;;;;
nus-a-nu;;Nom;;espèce de plante;kind of plant;;;Grass, herb, vine;;
nutla;;Nom;;petit bouton, grain de beauté;small pimple, spot, birthmark;;;;yĩtli;
nutuli;;Nom;;petits boutons qui poussent après le rasage;small pimples that appear after shaving;nutulla;;;warpusi;
nuunẽ;;numéral;;cinquième;fifth;;;;;
n-ye;;interj;ǹ-é;oui;yes;n-yẽe, ẽe, n ge;;;õhõ;
n-yẽe;;interj;;oui;yes.;n-ye;;;;
õhõ;;interj;ò-ó;oui;yes;;;;n-ye;
õhõo;1;interj;;idiophone marquant l’acquiescement, voilà, très bien;expressing acceptance, very good;;;;;
õhõo;2;interj;ò;je vois, j'ai compris;I see, I understand.;;;;;
õose;;Verbe;;gémir;moan, groan, whine;;;;wõose1;
orãase;;Nom;;orange;orange;orãaze;;Food;;
orãaz-tɩɩga;;Nom;;oranger;orange tree;;;Tree;;
ordinatɛɛre;;Nom;;ordinateur;computer;;;computer / digital;wordinatɛɛre;
pa;1;auxiliaire;á;négation, ne pas;negation, didn't, don't, hasn't, haven't, isn't, aren't;;;Grammar;ka2;
pa;2;Verbe;à;rester;remain, stay, abide, last;;;;;
pã;;Verbe;á;faire un vacarme en parlant à haute voix (comme lors d’une querelle);make an uproar in speaking loudly;;;;;
ye;;auxiliaire;á é;ne pas;not;;;Grammar;ka;
pa keem;;expression;;malade, ne pas en bonne santé;sick, ill, not healthy;;;;;
pa';;Adverbe;á;bruit de choc de deux objets plats;noise of collision of two flat objects;pa'a;;;wa4;
pã';1;Adverbe;á;bruit d'un coup sec;noise of hard knocking;;;;;
pã';2;Adverbe;á;plein à craquer;full to the point of breaking;;;;;
paa;;Adverbe;á;très clairement, absolument;very clearly, absolutely;;;;fasɩ;
paabo;;Nom;á;action / fait de rester;remaining, abiding.;;;;;
pãabre;;Adjectif;;gros (tête, front);corpulent, bulky, big;;pãaba;;;
pãafo;1;Nom;á;dangereusement et irrémédiablement dégradé (situation);dangerously and irremediably damaged (situation);;;;;
pãafo;2;Nom;;gangrène;gangrene, cancer, corruption;;;Disease;;
pãaga;;Nom;à;hangar;shelter, shed, hangar;;pãase;Building;zãnde2;
paage;;Verbe;á-è;ôter ce qui pend des deux côtés;remove something hanging on two sides, take away;;paase;;;
paalem;;Nom;á;nouveauté;newness, novelty, new thing;;;;;
paalga;;Adjectif;á-á;neuf, nouveau;new;paalle;paalse;;paoolgo;
paalge;;Verbe;á-è;retenir;keep back, maintain, hold back;;;;;
paalle;;Adjectif;á-é;nouveau, neuf, nouvelle;new;;paala;;paoolgo;
paam menga;;Verbe;;être délivré, se tirer d'affaire, accoucher;be released, get out of trouble, give birth, deliver a child;;;;;
paam yõodo;;Verbe;;bénéficier;to benefit from.;;;;;
paame;;Verbe;à;obtenir, avoir, être admis, gagner;obtain, receive, get, have, be admitted;;;;;
paanga;;Nom;àá-à;résultat;end product, result, conclusion, outcome;;;Mathematics;;
pãa-pãa;;Adverbe;;manière de marcher (comme un canard);manner of walking (like a duck);;;;yãda-yãda;
paare;;Nom;á-è;grande lèvre de la vulve;labium, lips of vulva;;paya;Body;zigri2, kɩnde;
pãare;;Adjectif;ã̀-é;bas (pas haut);low (not high).;;pãya;;;
paas pãnga;;expression;;fortifier, consolider;strengthen, consolidate.;;;;;
paas-beendem;;Nom;à-é-é;décomposition additive;additive analysis;;;Mathematics;;
paasda;;Nom;á-á;médiateur;ombudsman, mediator, arbitrator;;;Worker;sugsda;
paase;1;Verbe;à;ajouter, augmenter, additionner;add, increase, raise, augment, add up, tot up, sum;;;;;
paase;2;Verbe;á-è;séparer;separate, part, divide off;;;;;
paase;3;Verbe;á-è;repasser;iron clothes, press;;;;;
paasg ne bẽgnega;;expression;;addition avec retenue;addition with withholding;;;Mathematics;;
paasg sẽn ka bẽgnega;;expression;;addition sans retenue;addition without withholding;;;Mathematics;;
paasga;;Nom;àá-à;addition;addition, adding;;;Mathematics;;
paasgo;;Nom;;repassage;ironing.;;;;;
paaspoore;;Nom;á-ó-è;passeport;passport.;;;;;
pãb nug-pogse;;Verbe;;battre les mains, applaudir;clap hands, applaud;;;;;
pãbdga;;Nom;;marteau;hammer;;;Tool;manto;
pãbe;;Verbe;ã́;frapper, battre;hit, beat;;;;;
pãbge;;Verbe;;frapper, battre (une seule fois);hit, beat (single instance).;;;;;
pabre;1;Nom;à-é;fesse;cheek, buttock;;paba;Body;yẽr-killi, kɩgbre;
pabre;2;Nom;à-é;herbe (espèce);grass sp.;;pabse;;;
pãbre;;Nom;;action / fait de frapper;beating, hitting;;;;;
padenga;;Nom;à-é-à;alibi, faux-fuyant;alibi, excuse, evasion;;padense;;;
padme;;Verbe;à;avancer des alibis, chercher une porte de sortie, avancer des excuses;try to proof innocence, try to get out of trouble, find alibi to get away;;;;;
padre;;Nom;á;buffle;buffalo;;pada;Mammal;we-naafo;
pãense;2;Verbe;à;marcher énergiquement et d'un pas décidé;walk energetically.;;;;;
pag kẽema;;Nom;;beau-frère (aîné);brother-in-law (older);;;Relationships;;
pag yao;;Nom;á áo;beau-frère (cadet);brother-in-law (younger);;;Relationships;;
paga;;Nom;á-á;femme en général, dame;woman, lady;;pagba;Person;;
paga baaba;;Nom;;beau-père;father-in-law;;;Relationships;;
paga ma;;Nom;;belle-mère;mother-in-law;;;Relationships;reem-poaka;
pagb bãngo;;Nom;;excision;excision.;;;;;
pagb fu-woko;;Nom;;robe;dress;;;Clothing;;
pagbo;;Nom;;fermeture;closing, closure.;;;;;
pagdga;;Nom;à-à;porte, fermeture;door, gate, closure.;;pagdse;;;
pagdo;;Nom;;écailles, coques;scales, shells;;;;;
pagds manegda;;Nom;;serrurier;locksmith;;;Worker;;
page;1;Verbe;à;fermer, enfermer;close, shut, shut up, confine, lock in;;;;wogle2;"pake1; synonyme: wogle2"
page;2;Verbe;á;battre des ailes, se débattre;flap its wings, flap, beat off, strike off;;;;;
pagle;;Verbe;á-è;balancer, osciller;swing, jiggle, sway, oscillate;;;;;
pag-rogem-bulli;;Nom;;ovule;egg, reproduction cell (ovum);;;Body;gelle2;
pagse;;Verbe;;ouvrir plusieurs choses / fois;open several things / times.;;;;;
pagti;;Nom;á;partie (politique);political party;;;Government;politik sulli;
paka;1;Nom;á-à;Pâques;Easter.;;;;;
paka;2;Nom;á;croûte;crust;;pagse;;waka4;
pakaa;;Adverbe;á;silencieusement, tranquillement;silently, noiselessly, tranquilly;paka;;;;
pake;1;Verbe;à;ouvrir une chose / fois;open one thing / time;;pagse;;;page1
pake;2;Verbe;à;concerner;to be concerned, involve, to be bothered, puzzled, worried by a situation;;;;;
pake;3;Verbe;à;préparer (une bouille ou une sauce);cook (a soup, stew or sauce);;;;;
pake;4;Verbe;á-è;empiler, classer les uns dans les autres, arranger des choses;pile up, stack, put one into the other, arrange things.;;pagse;;;
pake;5;Verbe;á-è;tenir compagnie à, assister, accompagner;keep somebody company, to be at, to be present at, accompany;;pagse;;;
pa-keem;;Nom;á;(état de) maladie;being sick, not being well;;;Disease;yĩn-pa-noom, yĩn-zabre;"laafɩ; synonyme: yĩn-pa-noom, yĩn-zabre"
pakenlagemde;;Nom;;gros criquet (espèce);big locust sp;pakenlagre;pakenlagma, pakenlaga;Insect;;
pakɩ;;Nom;á;paquet;packet, pack, parcel, package;;;;;
pakɩ-tɩ-lakɩ;;Nom;á-á;tapette, sandale;sandal.;;;;;
paklga;;Adjectif;à-à;aplati;flattened, levelled;;paklse;;;
pak-n-taare;;Nom;á-á-é;compagnie;companionship.;;;;;
pakre;;Nom;;grande préoccupation, situation difficile, contrainte;big preoccupation, difficult situation, restraint, coercion.;;;;;
pa-kuili;;Nom;á;jeune fille nubile non encore mariée;girl who is nubile (marriageable).;;;;;
pala;;Adverbe;á;rempli jusqu'aux bords;filled to the brim;;;;;
pale;1;Verbe;à;ourler, renforcer;hem, strengthen, toughen;;;;wage1;
pale;2;Verbe;à;entailler des deux côtés pour couper;nick, make a small cut on two sides to cut;;;;;
palemde;;Verbe;;améliorer;improve.;;;;;
palempaoko;;Nom;;hache de lutte;war axe.;;palempagdo;;;
palga;;Nom;à-á;coton égrené et disposé en bande;cotton removed of grains and arranged in strips.;;palse;;;
palge;;Verbe;á-è;poser de sorte que ça pende des deux côtés, porter de cette manière à l'épaule;put on, lay so that it hangs towards two side,s carry in this manner on the shoulders, to hang, drape sth;;;;;
pali;;Nom;;paludisme;malaria;;;Disease;weoogo2, koom2;
palle;1;Nom;á;grenier en paille;granary made of straw;;pala;Agriculture, Building;;
palle;2;Nom;á;meule;millstone;;;Tool;;
palle;3;Nom;;étape;stage, step, stop.;;;;;
palse;;Verbe;á-è;être rempli complètement;be completely full, filled up;;;;;
pamde;;Adjectif;;damé, battu;compacted, tamped, pressed;;pama;;;
pame;;Verbe;à;tasser le sol, damer, battre;press the soil, compact soil, to pound, tamp a surface;;;;lubi, wage4;
pampanga;;Nom;;arbre (espèce) ayant des racines fines qui poussent sur le tronc;tree sp;;pampamse;Tree;kũsga;
pa-nand-tugri;;Nom;á-ú;aigle bateleur;Bateleur eagle;;pa-nand-tuga;Bird;;
pãndare;;Nom;à-é;brancard;stretcher.;;pãndaya;;;
pãnde;;Nom;à-é;fil de coton filé grossièrement;cotton string / thread, yarn.;;pãna;;;
pãnenga;;Nom;à-à;corde tressée en entrelaçant, brins;twined rope, cord.;;pãnense;;;
pãng boogre;;Nom;;dévaluation;devaluation;;;Money;;
pãnga;;Nom;à-á;force, pouvoir, énergie;power, strength, energy;;pãense;;;
pãn-kongre;;Nom;;défaite;defeat.;;;;;
pãnme;;Verbe;à;natter, tresser;plait, braid, twine, to weave (mat, basket);;;;;
pãn-paoosgo;;Nom;;confirmation (sacrement de l'Église Catholique);confirmation (sacrament of the Catholic Church);;;;;
pãn-soaala;;Nom;à-ó-à;autorité (individu);authority (of an individual);;;;noor rɩkr taoor soaba;
pãn-soogo;;Nom;;autorité;authority;;;Government;pãn-soolem, noor rɩkr taoor soaba;
pãn-soolem;;Nom;à-ó-é;autorité;authority;;;Government;pãn-soogo;
pãn-tõogo;;Nom;;capacité, force nécessaire;capacity, necessary strength.;;;;;
pãn-zãare;;Nom;à-é;grande force, force brutale;big strength, big power, brutal power;;;;waoko2;
paobgo;;Nom;áo;flûte (espèce);flute sp;;pabse;Musical instrument;;
paoblgo;;Adjectif;á;gros, épais;thick;paoklgo;pabendo;;;
paobrgo;;Adjectif;á;plat et épais;flat and thick.;;pabrse;;;
paoko;1;Nom;á;écorce, coque, zeste;bark, husk, hull, zest, shell of sth., skin;;pagdo;Parts of a plant;waka2, fʋko, wɛka;
paoko;2;Nom;á;écaille;scale.;;pagdo;;;
paolʋ;;Adverbe;à;d'une lumière vive clignotante;bright flashing light;;;;;
paoode;;Verbe;à;être insuffisant, petite quantité, petit de taille, inadéquate;be insufficient, small quantity, small in stature, little in size, inadequate;;;;;
paoodlem;;Nom;;petitesse, fait d'être en petite quantité, être petit;littleness, smallness, little quantity, being little / small;;;;;
paooge;;Verbe;à;manquer, faire défaut;to lack, be missing, be lacking;;;;;
paoogre;;Nom;;insuffisance, mépris;insufficiency, disgrace.;;;;;
paoolgo;;Adjectif;áo-ó;nouveau;new;paalgo;;;paalga, paalle;
paoongo;1;Nom;à-ó;biens, avoir, choses obtenues, acquis, moyens;effects, goods, assets, acquired things, means, wealth, resources;;;;sẽn paame, arzɛka;
paoongo;2;Nom;;admission;admission.;;;;;
paoore;;Nom;áo-è;manque, déficit, insuffisance;shortage, shortcoming, failure, lack, absence of, deficit, insufficiency;;;;;
paoosg tʋʋmde;;expression;;œuvre de réconciliation;the task of reconciliation.;;;;;
papaye;;Nom;;papayer;papaw tree;;papaye-rãmba;Tree;mantaanga, bog-fɩre;
para;;Adverbe;à;grande quantité à n'en pas finir, innombrable;big quantity seemingly endless;;;;;
parametre;;Nom;;paramètres;settings;;;computer / digital;;
pare;1;Verbe;;parier;bet, gamble.;;;;;
pare;2;Verbe;;se mettre ses plus beaux habits, se parer;adorn;;;;;
pãre;1;Verbe;;moudre grossièrement, en brisures;grind;pare;;;;
pãre;2;Verbe;;se fendiller, fissurer (ex;;;pãrse;;;
pãre;3;Verbe;á;parler à haute voix et pendant longtemps;speak loudly and for a long time.;;;;;
pãrga;;Adjectif;á-à;moulu grossièrement;grind thickly;;pãrse;;;
pargande;;Nom;;arbuste (espèce);shrub sp;;pargana;Bush, shrub;yibrugu, farongo;
pargãnga;;Nom;;herbe (espèce) qui pousse aux alentours des cases;grass sp that grows around houses;par-gãnga;;Grass, herb, vine;targãnga;
pãrge;1;Verbe;ã́-è;déchirer une chose ou une fois;tear up one thing or once (single instance);;pãrse;;;
pãrge;2;Verbe;á-è;aller à travers, traverser (champ);walk across (field), go across, get across, traverse, cross over;;;;;
parkilli;;Nom;;fesse;cheek, buttock;;parkila;Body;yẽd-killi, yẽr-killi, kɩgbre;
pãr-pãre;;Adverbe;à-à;à haute voix;with a loud voice;;;;;
pãrpãre;;Nom;;plante (espèce);plant sp;;;Grass, herb, vine;;
pãrse;;Verbe;ã́-è;déchirer plusieurs fois ou plusieurs choses;tear several times or several things.;;;;;
parsɛlle;;Nom;;parcelle;lot, an allotted piece of land, allotment;;;;zĩisi (loeemse);
partɩ;;Nom;;parti;party;;;Government;;
parwẽnde;;Adjectif;á;énorme, immense;huge, outsize, immense, colossal;;parwẽna;;;
paryẽoogo;;Nom;á-ẽ̀-ó;civette d'Afrique;African civet;parwẽoogo;paryẽedo;Mammal;;
pasa;;Adverbe;á;bien, complètement;well, completely;;;;;
pasge;;Verbe;;couper, sectionner, fendre;to cut sth;;;;;
pãsge;;Verbe;;faire céder un obstacle en rompant ou en déchirant;to split, divide sth., burst through an obstacle.;;pãse;;;
pataabre;;Adjectif;à-é;énorme, excessivement gros;huge, enormous, excessively big;;pataaba;;;
patãnte;;Nom;á-è;patente;trading licence.;;;;;
patasse;;Nom;;vin de palme, boisson très forte;palm-wine.;;;;;
pa-weere;;Nom;à-é;fait d'émigrer définitivement;act of emigrate definitively, for good.;;;;;
pa-weoogo;;Nom;;émigré (lit;;;pa-weto;;;
pẽ;1;Verbe;ẽ́;être proche de, être à côté, être à proximité;to be near, be close by, beside;;;;;
pẽ;2;Verbe;é;gratter en éparpillant (comme fait la poule);to scratch (fowl does), scrape and scatter (like chicken do);;;;;
pẽ;3;Verbe;è;enlever en grattant (ex;;;;;;
pẽ bĩisim;;expression;;traire du lait;to milk.;;;;;
pẽ taaba;;expression;;voisinage;neighbourhood, vicinity;;;;;
pe-ball-bila;;Nom;;agneau;lamb;;;Mammal, Animal husbandry;pe-bila, pe-ribla;
pebge;;Verbe;è;boire tout;drink it all.;;pebse, peebe;;;
pe-bila;;Nom;;agneau;lamb;;;Animal husbandry;pe-ball-bila, pe-ribla;
pẽbre;;Adjectif;è-é;qui n'est pas encore bien formé, encore mou jeune, prématuré, junior;that is not yet ripe and well formed, unripe, junior;;pẽba;;;
pẽdga;;Adjectif;è-á;étroit;narrow;;pẽdse;;;
pedge;;Verbe;è;casser un petit morceau;break a small piece, a fragment;;pedse, peede;;;
pẽdge;;Verbe;è;importuner en insistant, harceler, presser urgemment;pester, harry, insist, lay great stress upon;;pẽdse;;sẽke2;
pẽdgre;;Nom;è-é;importunité, insistance, harcèlement;impudence, harassment.;;;;;
peebe;;Verbe;è;klaxonner, jouer (flûte);hoot, honk a horn, toot, play flute, to blow a flute;;;;;
peege;;Verbe;è;accompagner, emmener, escorter, amener avec soi, emporter;accompany, attend, escort, bring along, lead away, take along;;;;;
pẽege;;Verbe;è;enlever en grattant, en raclant;take away by scraping off, scrape off.;;pẽ, pẽese;;;
peelem;;Nom;è-é;blancheur;whiteness;;;Colour;;
peelle;;Adjectif;è-é;blanc en un point;white at some place;;pɛɛla;Colour;pɛɛlga1;
pẽem;1;Nom;é;proximité temporelle ou spatiale;closeness, nearness in terms of space or time.;;;;;
peemde;;Nom;é-é;flèche;arrow;;pɛɛma;Hunt and fish;;
peem-lɛɛga;;Nom;;fenêtre;window;;;;fẽnetre;
pẽem-pẽem;;Adverbe;;fréquemment;often, regularly, frequently.;;;;;
peende;1;Nom;é;bande de tissu (cotonnade), toile, étoffe, tissu;cloth-strip, cloth, fabric, veil, scarf;;pɛɛla;;;
peende;2;Nom;;espèce de plante;kind of plant;;;;kãntoaabga;
peen-gʋmda;;Nom;è-ʋ́-é;rouleau de tissu gros et rond;roll of cloth / fabric /stuff;;peen-gʋma;;;
peen-tõaaneg metre;;expression;;mètre ruban;tape metre, measuring tape;;;Mathematics, Tool;;
peen-vindga;;Nom;;bande;strip, band, bandage.;;;;;
pẽere;;Nom;é;carpe;carp fish, Tilapia;;pẽya;Fish;pẽtre, tẽgr-pẽre;
pẽes-bila;;Nom;;pinceau;brush, paintbrush.;;;;;
peese;1;Verbe;è;tailler, sculpter;carve, trim down, sharpen, pare, peel, cut;;pese;;;
peese;2;Verbe;é-è;peser;to weigh, be heavy;pẽtre;;;;
pẽese;;Verbe;é-è;fouiner dans, chercher en grappillant;snoop, nose around something;;;;;
peesendo;;Nom;é;écorce prélevée (ex;;;;;;
peesgo;1;Nom;é-ó;pesée;weighing.;;;;;
peesgo;2;Nom;;sculpture;sculpture.;;;;;
peesre;;Nom;é-é;fabirama;Frafra potato;;pɛɛsa;Food;fɛɛsa;
pẽg bũmbu;;expression;;vanter;to praise, to brag, to pride oneself on doing.;;;;;
pege;;Verbe;;laver;to wash sth., clean up (single instance).;pɛge;pegse;;;
pẽge;1;Verbe;ẽ́;exalter, louer, féliciter, apprécier positivement, estimer;exalt, praise, congratulate, appreciate, estimate, encourage;;;;;
pẽge;2;Verbe;è;porter sous les bras, porter sur le côté;carry in the arms, to carry sth;;;;;
peglem;;Nom;;émail;enamel.;;;;;
pẽg-m-menga;;Nom;;vantardise, vanité;boastfulness, boast, bragging, vanity, conceit;;pẽg-m-mense;;waoog-m-menga;
pẽgne;;Verbe;è;porter sous le bras, porter ou garder sur le côté;carry in arms, carry or keep on the side.;;pẽge;;;
pẽgnenga;;Nom;;arbre (espèce);tree sp;pẽrnanga, peralga, pẽgen-daaga;pẽgnense;Tree;;
pẽgre;;Nom;é-è;louange, éloge;praise;;;;zu-zẽkre, roog rɩkre;
pẽka;;Nom;è-á;coin;corner.;;pẽgse;;;
peke;;Verbe;é-è;laver;to wash sth., clean up (single instance).;;pege, pegse;;;
pe-kɩɩma;;Nom;;berger;shepherd;;pe-kɩɩmba, pe-kɩɩmse;Animal husbandry, Worker;;
pe-kõbgo;;Nom;;laine;wool.;;;;;
pek-peelle;;Nom;;glaire;mucus;;pek-pɛɛla;Body;;
pekre;1;Nom;é-é;règles, menstrues;period (to have one's), menstruation;;;Body;kiuugu2, rẽgdo2;
pekre;2;Nom;é-é;lavage, lessive;washing;;;;;
pelen-yɩka;;Nom;è-ɩ́-à;grande frayeur;great scariness, great fear.;pelen-yɩkre;pelen-yɩgse;;;
pelg pʋga;;expression;;être honnête, sincère;be honest, sincere;;pelg pʋse;;;
pelge;;Verbe;è;blanchir, rendre blanc;to whiten sth;;;Colour;;
pel-keelem;;Nom;é;grande assurance;great assurance, certainty.;;;;;
pelle;1;Adjectif;é-è;chose coagulée;caked, coagulated;;pɛla;;zɩ-pelle;
pelle;2;Nom;;caillot;clot.;;;;;
pelle;2;Nom;;pelle;shovel;;;Tool;;
pelme;;Verbe;;parler beaucoup et rapidement;speak a lot and quickly.;;;;;
pembo;;Nom;;vannerie;basket-making, wickerwork.;;;;;
pemde;;Nom;é-è;emprunt, prêt;borrowing, loan.;;pɛma;;;
peme;2;Verbe;é;trembler sous l'effet de la fièvre;tremble because of fever;;;;;
pẽ-moaaga;;Nom;;carpe noire;black Tilapia fish;;pẽ-moose;Fish;;
pẽmpẽrga;;Nom;;arbre (espèce);tree sp;pempɛrga, pempɛlga;pẽmpẽrse, pempelse;Tree;;
pemse;1;Verbe;è;se reposer, souffler;rest, to have a rest, to blow, breathe;;;;;
pemsem;;Nom;è-é;air, atmosphère;air, breeze, atmosphere;;;Sky;;
pemsem ninga sẽn gilga tẽngã zãslem magb teoogo;;expression;;baromètre;barometer;;;;;
pems-vɩɩldga;;Nom;è-ɩ́-à;oxygène;oxygen;;;Sky;;
pende;;Nom;è-é;bas-ventre;belly, lower part of the body, pubes, lower abdomen;;pɛla;Body;;
pe-neega;;Nom;è-é;petite corbeille (espèce);small basket (kind of);;pe-neese;Container;;
pẽnege;;Verbe;ẽ́-è;s' approcher de, rapprocher;get near, move near, bring close, draw near, to approach;;pẽnese;;;
penge;;Verbe;é-è;emprunter, prêter;loan, lend, borrow.;;pemse;;;
pengre;;Nom;;emprunt, prêt;loan, borrowing, lending;;;Money;;
penkilga;;Nom;;herbe (espèce) dont on mange les grains en temps de famine;grass-sp;;penkilsi;Grass, herb, vine;;
pen-zabre;;Nom;;douleur au bas-ventre;pain at the lower parts (women);;pen-zaba;Disease;;
pen-zɩlmde;;Nom;;ovaire;ovary;pen-zẽnemde;;Body;gel-lobda;
peooge;;Verbe;éo-è;harceler , importuner, revenir continuellement à la charge;badger, harry, heckle, pester, plague;;;;;
pẽooge;1;Verbe;éo-è;faire éclater en pressant;cause to burst by pressing;;pẽo;;;
pẽooge;2;Verbe;éo-è;être atteint de calvitie;be affected by baldness, hairlessness;;;;;
peoogo;1;Nom;è-ó;panier, grande corbeille;basket, big straw basket;;peto;Container;;
peoogo;2;Adjectif;é;morceau de;a bit of , a piece of, fragment of, some;;peedo;;;
peoogo;3;Adjectif;é;intempestif, qui dépasse la norme;untimely, ill-timed, inappropriate, abnormal;;;;;
pẽoogo;;Nom;;calvitie, tête chauve;hairlessness, baldness.;;;;;
peoolgo;1;Adjectif;;blanc (cheveux ou barbe);white (hair or beard), blonde;;peendo;Colour;pɛɛlga1;
peoolgo;2;Adjectif;é;jaune, qui vient de naître;yellow, that has just been born;;peendo;;;
peosgo;;Nom;é-ò;mouton;sheep;pesgo;piisi;Mammal, Animal husbandry;;
pẽ-pẽ;;Adverbe;é;récemment, prochainement;recently, lately, before long;;;;;
pe-ra-nifu;;Nom;;haricot rouge non-comestible;non edible red bean sp;;pe-ra-nini;Grass, herb, vine;;
pe-raoog-nifri;;Nom;;espèce de plante;kind of plant;;pe-raoog-nini;Grass, herb, vine;;
pe-raoogo;;Nom;;bélier;ram;;pe-raado;Mammal, Animal husbandry;;
pẽ-raoogo;;Nom;;poisson (espèce), carpe;fish sp;;;Fish;;
pẽre;;Verbe;;farfouiller avec un bruit;poke around with noise.;;;;;
perfe;;Nom;é;préfet;prefect;prefɛ;;Government, Worker;kamaan-daoogo;
perfɛ;;Nom;;préfet;prefect;perfe;;Government;kamaan-daoogo;
perfɛktɩɩre;;Nom;;préfecture;prefecture;;;Government, Building;kadengẽ;
pẽrge;1;Verbe;é-è;écrire, gribouiller;write, scribble.;;;;;
pẽrge;2;Verbe;é-è;gratter légèrement pur attirer l'attention;scratch lightly to get attention;;pẽrse;;;
pẽrge;3;Verbe;;investiguer, faire des enquêtes, sonder;to investigate, make enquiries.;;pẽrse;;;
pe-ribla;;Nom;;agneau;lamb;;pe-ribli;Mammal, Animal husbandry;pe-bila, pe-ball-bila;
pẽrse;;Verbe;é-è;faire des investigations, sonder;lead investigations, make enquiries (many instances), fathom, work out;;;;;
persili;;Nom;;persil;parsley;;;Food, Grass, herb, vine;;
perzidã;;Nom;;président;president, chairman, chairperson;;;Government;;
pẽsa;;Adverbe;è;sans laisser un reste;without leaving any left-over;pẽss;;;;
pese;;Verbe;è;couper superficiellement, raboter, tailler;to peel, pare (many instances), cut on the surface, plane down, trim down.;;;;;
pesenkidga;;Nom;é;gésier;gizzard;;pesenkidsi;Parts of an animal;kuika, konde;
pesge;;Verbe;è;raboter, couper superficiellement;to peel, pare (single instance), plane down, cut on the surface.;;pese;;;
pẽsge;;Verbe;;éclater parce que trop plein;burst because too full, go bang;;;;;
pesgo;;Nom;é-ò;mouton;sheep;peosgo;piisi;Mammal, Animal husbandry;;
pesme;;Verbe;è;défricher;to clear the ground, cut grass, reclaim (land), clear land (for sowing);;;;;
pespelle;;Adjectif;é;blanchâtre;whitish;;pespɛla;Colour;pɛɛlg-pɛɛlga;
pẽtre;;Nom;é;carpe;Tilapia fish, carp fish;;pẽta;Fish;pẽere, yĩgr-pẽre;
petrol sablga;;expression;;pétrole brut;raw oil, crude oil.;;;;;
petrol-kãre;;Nom;;pétrole brut;crude oil, crude petroleum, raw oil.;;;;;
petrolle;;Nom;è-ó-è;pétrole;petroleum, kerosene;;;;karenzĩ, bug-koom;
pẽ-wɩbga;;Nom;è-ɩ́;poisson (espèce de tilapia);fish sp (kind of Tilapia);;pẽ-wɩbse;Fish;;
pe-yãanga;;Nom;;brebis;ewe, female sheep;;pe-yãanse;Mammal, Animal husbandry;;
pezaoko;;Nom;è-áo;chenille (espèce) avec beaucoup de pieds;caterpillar sp with many feet;;pezagdo;Small animals;;
pezãongo;;Nom;è;grande moustique (espèce);big mosquito sp;pezeongo;pezãndo;Insect;;
pezongo;;Nom;;idiot;idiot;pezeongo;;;zolgo;
pɛ;;Verbe;ɛ̀;se couvrir de grains, disposer en grand nombre sur toute la surface;cover with grain, spread out in big numbers on the whole surface;;;;;
pɛdga;;Adjectif;ɛ́;morceau, bout, éclat de, tesson;bit of, fragment, stub, tip, small piece, sliver, shard, a leftover, splinter of.;;pedse;;;
pɛɛga;;Nom;ɛ́;tesson de (poterie, bouteille, calebasse etc.);shard of (pottery, bottle, calabash etc.), a broken piece, a piece;;peese;;;
pɛɛlga;1;Adjectif;ɛ̀-á;blanc;white, whiten;;peelse;Colour;peoolgo1, peelle;
pɛɛlga;2;Nom;ɛ́-á;nouveau-né;newborn, baby;;peelse;;bi-pɛɛlga, sãan-pɛɛlga;
pɛɛlga;3;Nom;;fête coutumière annuelle;annual traditional celebration.;;;;;
pɛɛlga;4;Nom;;arbuste (espèce);shrub sp;;;Bush, shrub;;
pɛɛlg-pɛɛlga;;Adjectif;;blanchâtre;whitish;;;Colour;pespelle;
pɛɛsa;;Nom;ɛ́-á;fabirama;Frafra potatoes;;;Food;fɛɛsa;
pɛɛsda;;Nom;;sculpteur;sculptor;;;Worker;;
pɛɛsdga;;Nom;ɛ́-à;balance;balance, weighing machine, pair of scales;;;;zɩslem magdga;
pɛɛsga;;Nom;ɛ́-á;champ de fabirama;field of Frafra potatoes;;peesse;Agriculture;;
pɛgbo;;Nom;ɛ́-ò;action / fait de laver, lavage;washing.;;;;;
pɛge;;Verbe;ɛ;laver;wash.;;;;;
pɛka;;Nom;ɛ̀-á;gifle;slap;;pegse;;lampɛka;
pɛlenga;;Nom;ɛ̀-á;siège des émotions;seat of emotions.;;pelense;;;
pɛlga;1;Nom;;arbre (espèce);tree sp;;pelse;Tree;;
pɛlga;2;Nom;ɛ́-à;disposition du cœur;state of heart.;;pelse;;;
pɛndga;;Nom;ɛ̀;harpe (sorte de);kind of harp;;pendse;Musical instrument;;
pɛngda;;Nom;ɛ́-á;emprunteur;borrower.;;;;;
pɛrfizõ;;Nom;;perfusion;drip.;;;;;
pɛrmi;;Nom;ɛ̀-í;permis de conduire;driving licence.;;;;;
pɛsga;;Nom;ɛ́;petite pioche pour sculpter ou raboter;an adze (small hoe for trimming and carving), small pickaxe for carving, or plane down;;pesse;Tool;;
pɛta;;Nom;ɛ̀-á;grande misère;extreme poverty, misery.;;;;;
pɛtla;;Nom;ɛ́-à;petite bande d’étoffe (pour lance pierre);small band of cloth (for sling).;;petlɩ;;;
pĩ;;Verbe;;appuyer, tasser;lean on, press firmly, pack down;;;;;
pibi;1;Verbe;í;battre les ailes (pour se libérer ou à l'agonie);flap wings (to get free);;;;;
pibi;2;Verbe;í;surprendre, venir à l'improviste;surprise sb., come unexpectedly;;;;lingi;
pibindga;;Nom;ì-í-à;couvercle;lid, cover.;;pibindsi;;;
pibli;;Verbe;ì;couvrir avec un couvercle;cover with a lid;;;;pili, fũgni;
pibri;;Nom;í;monticule, digue;mound, dam, dike, ramp.;;piba;;;
pidbliungu;;Nom;;grand champignon comestible (espèce);big edible mushroom;pidblingu;pidbliundu;Food, Moss, fungus, algae;;
pidbu;;Nom;;*;*;;;;;
pidgi;;Verbe;ì;enlever ce qui est enfilé ou qui est autour du cou;take off (ring, shoes), take away something that is threaded or that is around the neck;;piidi;;;pidi3
pidi;1;Verbe;;se remplir, plein (être ou devenir);be filled, full (be or become);;;;;
pidi;2;Verbe;ì-ì;porter autour du cou;carry around the neck.;;;;;
pidi;3;Verbe;ì-ì;porter (des chaussures);to put on, wear (shoes, ring);;;;;pidgi
pidi;4;Verbe;ì;mettre quelque chose dans un anneau ou dans un cercle;put something into a circle;;;;;
pids neba;;expression;;peupler;populate, to fill up.;;;;;
pidsgu;;Nom;;remplissage;filling in;;;;;
pidsi;;Verbe;ì;remplir;fill up, fill in, fill sth;;;;;
pĩ-gãaga;;Nom;í;natte en paille pour coucher;straw mat for sleeping.;;pĩ-gãase;;;
pigaase;;Nom;í;pic, pioche;pick, pickaxe;pĩngaase;pigaas-rãmba;Tool;;
pigelle;;Nom;ì-è-é;oblique;oblique;;;Mathematics;;
pigi;;Verbe;ì;contraindre, insister fortement pour obtenir quelque chose;coerce, impose, insist to get something;;;;yẽde1;
pi-gĩndi;;Nom;ì-í-ì;dizaine;ten;;;Mathematics;;
pigri;;Nom;í-ì;boulette de farine cuite à la vapeur;ball of flour cooked with steam;;piga;Food;;
pii;;Adverbe;ì;très large;very large;;;;;
pĩibu;;Nom;;appuyer (fait de);leaning;;;;;
piidi;;Verbe;;déchausser;take off shoes.;;;;;
piig la a naase;;numéral;;quatorze, 14;fourteen, 14.;;;;;
piig la a nu;;numéral;;quinze, 15;fifteen, 15.;;;;;
piig la a tãabo;;numéral;;treize, 13;thirteen, 13.;;;;;
piig la a ye;;numéral;;onze, 11;eleven, 11.;;;;;
piig la a yoobe;;numéral;;seize, 16;sixteen, 16.;;;;;
piig men-yɩlends;;expression;;dix puissance;ten power;;;;;
piig men-yɩlends a 3 piiga;;Nom;í;dix;ten;;;Mathematics;;
pĩiga;;Nom;ĩ̀-á;rocher, granit;rock, granite;;pĩisi;;;
piiginga;;numéral;ì-á;dixième;tenth;;;Mathematics;;
piila;;Nom;ì-á;panier, petite corbeille quadrangulaire tressée avec de la paille;small square basket made of straw;;piili;Container;;
piili;;Verbe;ì;découvrir (plusieurs choses ex;;;;;;
pĩim;1;Nom;í;flèche, fer forgé en pointe, poinçon;arrow, iron forged to build a tip, awl.;;;;;
pĩim;2;Nom;í;axe;axis.;;;;;
pĩim;3;Nom;í;aiguille (d'une montre);clock hand, needle of a watch.;;pɛɛma;;;
pĩinigi;;Verbe;ì;s'enfler, gonfler;swell, swollen, inflate;;;;wuki1;
pĩiri;;Nom;ĩ́-ì;natte en paille;straw mat.;;pĩya;;;
piisi;1;Nom;;moutons;sheep (pl.) Category: Animal husbandry.;;;Animal husbandry;;
piisi;2;Verbe;í-ì;appliquer une surface chaude sur, masser à chaude;apply on a hot surface, massage warmly;;;;;
piisi;3;Verbe;í-ì;ramasser une valeur trouvée par hasard, choisir, prendre qqch;pick up a valuable thing found by chance, to choose, take some out;;;;;
pĩisi;;Verbe;í-ì;donner de petits tapes sur les fesses pour calmer;hit slightly the buttock to make calm down;;;;zãase;
piispĩim;;Nom;í;libellule (espèce);dragonfly sp;;;Insect;naab sũpĩim;
pika;;Nom;ì-á;croix;cross;pɩka;pigsi, pɩgse;;da-pɩka;
piki;;Verbe;ì;découvrir , enlever le couvercle;uncover, take away the lid;;pigsi;;fũki;
pilga;;Nom;;petite natte;small mat.;;pilsi;;;
pilgi;1;Verbe;;découvrir une chose, enlever ce qui couvre une surface;uncover one thing;;;;;
pilgi;2;Verbe;í-ì;charger, remorquer;load, pack, burden, haul;;pilsi;;;
pilgu;;Nom;í;grenier en paille;granary made of straw;piulgu;pindu;Agriculture, Building;;
pili;;Verbe;ì;couvrir une surface, recouvrir;cover a surface;;;;pibli;
pilimpi;;Nom;í-í;petits papillons (espèce);small butterflies (kind of);;;Insect;;
pilimpiuku;;Nom;í-í-ú;papillon;butterfly.;pilimpiku;pilimpigdu;;;
pilinga;1;Nom;;gros grenier en paille;big straw granary standing on stones;;pilinsi;Agriculture, Building;;
pilinga;2;Nom;;petite natte de paille recouvrant le toit des cases;small straw mat covering the roof of huts.;;pilinsi;;;
pilli;;Nom;í;pile;battery;;pill-rãmba;;bateri;
pimpibri;;Nom;;élévation, monticule;elevation, small hill;;pimpiba;Land;kunkubri;
pĩm-pĩm;;Adverbe;ì;rapidement;quickly;;;;;
pĩmpĩungu;;Nom;ì;cage tressée pour poussins;cage for chicks;;pĩmpĩndu;;;
pĩnd wẽndẽ;;Nom;;antiquité;antiques, ancientness.;;;;;
pĩnd wilg bũmb ninga sẽn tõe n wa;;expression;;prévision, dire à l'avance ce qui pourrait arriver;forecast.;;;;;
pĩnda;;Adverbe;ĩ̀-á;avant;before, beforehand;;;;sɩnge2;
pĩndi;;auxiliaire;ì;indique l'antériorité d'une action, avant que, d'abord, faire d'avance;indicates that an action took place earlier, before, do in advance, do beforehand;;;;;
pĩndi;2;Verbe;;faire en sorte que;make an effort that.;;;;;
pĩnd-pĩnda;;Adverbe;;jadis;in days of old, of bygone days, of days gone by, formerly, in the past, long ago;;;;;
pindu;2;Nom;;plante (espèce);plant sp;;;Grass, herb, vine;sawi-sablga;
pĩngi;;Verbe;í-ì;taper pour faire tomber;to push, push away, push over, pat / hit to make fall;;;;;
pĩni;;Nom;;pneu;tire, tyre.;;;;;
pi-noabga;;Nom;;espèce d'arbre;kind of tree;;;Tree;;
pip;;Adverbe;ì;bruit d'une chute;noise of falling;;;;wup;
pipi;;démonstratif;í;premier;first;;;;;
pipi;2;Adverbe;;d'abord, premièrement;firstly;;;;;
pipi sebre;;Nom;;syllabaire;primer.;;;;;
pipi soaba;;Nom;;premier, première;first, initial.;;;;;
pirmi;;Verbe;ì;devenir dur et insensible à la douleur, devenir incorrigible, intraitable;become hard and unfeeling to pain, become incorrigible, unmanageable;;;;;
pirsi;;Verbe;í-ì;inciter, exciter;instigate, spur on, prompt, excite sb., rouse, incite sb;;;;;
pĩsãaga;;Nom;ì-á-à;tartre de dents;tartar on teeth.;;pĩsãase;;;
pisi;;numéral;í-ì;vingt;twenty;;;;;
pis-naase;;numéral;;quarante, 40;forty, 40;;;;;
pis-nii;;numéral;;quatre-vingts, 80;eighty, 80.;;;;;
pis-nii;2;Nom;;400 f CFA;four hundred francs CFA.;;;;;
pis-nu;;numéral;;cinquante, 50;fifty, 50;;;;;
pis-tã;;numéral;;trente, 30;thirty, 30;;;;;
pis-wae;;numéral;;quatre-vingt-dix, 90;ninety, 90.;;;;;
pis-yoobe;;numéral;í-ò-é;soixante, 60;sixty, 60;pissoobe;;;;
pis-yopoe;;numéral;í-ò-óe;soixante-dix, 70;seventy, 70;pissopoe;;;;
pita;1;Nom;;herbe à éléphant;elephant grass;;;Grass, herb, vine;mo-poko, mo-faoogo;
pi-tabdga;;Nom;;tapis;carpet.;;;;;
Pitagoor sõd-bogdo;;expression;;table de Pythagore;Pythagoras;;;Mathematics;;
pitimdi;;Nom;;touffe d'herbe;tuft of grass;;pitma;Grass, herb, vine;;
pitla;;Nom;ì-á;petite natte au sommet du toit;small mat at the top of the straw roof.;;pitli;;;
pitma;;Nom;ì-á;herbe dont les pailles servent à faire des nattes;grass used to make straw mats;;;Grass, herb, vine;;
piudungu;;Adjectif;ìu-ú;plein;full, filled;;;;;
piulgu;;Nom;í;grenier en paille;granary made of straw, straw granary;;pindu;Agriculture, Building;;
piurgu;;Nom;ìu-ú;chapeau en paille;straw covering / hat;;pirdu;Adornment, Clothing;;
piuugi;;Verbe;íu-ì;s'embraser, brûler de toute son ardeur (feu);set on fire, catch fire, burn in full heat, burn vigorously, to flare up, burn fiercely;;piuusi;;kaoole2;
piuugu;;Nom;íu-ù;grande valeur, puissance, prestige, autorité;great value, power, prestige, authority;;;;zeongo;
pi-yi gĩndi;;expression;;douzaine;dozen;;;Mathematics;;
pɩble;;Verbe;ɩ́-è;se démener avec paroles pour sortir des problèmes;strive with words for getting out of troubles;;;;kable, kable;
pɩdge;;Verbe;ɩ̀;éplucher, détacher des grains, écarter l'enveloppe, mettre à nu;peel, shell, husk, detach grains, get rid of husk, to strip;;pɩɩde, pɩdse;;;
pɩgdre;;Nom;ɩ̀-é;oiseau (espèce);bird sp;lɩdgre;pɩdga;Bird;;
pɩg-koɛda;;Nom;;coléoptère (espèce);beetle sp;;;Insect;;
pɩgle;;Verbe;ɩ̀;être en travers, mettre en travers;be across, awry, askew, put across;;pɩge;;pɩke1;
pɩgsre;;Nom;ɩ́-é;aile;wing;;pɩgsa;Parts of an animal;;
pɩɩde;;Verbe;;éplucher, détacher les grains, écarter l'enveloppe, mettre à nu;to shell, strip.;;;;;
pɩɩf-miiugu;;Nom;;genette de Thiérry;Haussa or Villier's Genet;pɩɩn-miuugu;;Mammal;;
pɩɩf-sablga;;Nom;;genette à grandes taches;large-spotted Genet;pɩɩn-sablga;pɩɩf-sablse;Mammal;;
pɩɩge;1;Verbe;ɩ̀;balayer;to sweep;;pɩɩse;;;
pɩɩge;2;Verbe;ɩ̀;traverser;get across.;;;;;
pɩɩlfo;;Nom;ɩ́-ó;genette commune;common Genet;pɩɩnfo, pɩɩfo;pɩɩlɩ;Mammal;;
pɩɩse;1;Verbe;ɩ̀;balayer (à plusieurs reprises);sweep (many instances);;;;;
pɩɩse;2;Verbe;ɩ̀;dépenser tout l'argent, prendre tous les biens de quelqu'un;spend all your money, take away everything of somebody;;;;;
pɩka;;Nom;ɩ̀-á;croix;cross;pika;pɩgse;;da-pɩka, da-pɩka;
pɩke;1;Verbe;ɩ̀;mettre en travers;put across;;;;pɩgle;
pɩke;2;Verbe;ɩ̀;faire un long détour pour arriver en un lieu donné;make a long detour to get to a place;;;;;
pɩle;;Verbe;ɩ́;briller;to shine;;;;;
pɩlemde;;Adjectif;ɩ́;sans cheveux, dénudé;without hair, naked, nude, bare, bald, shaven, cleared (land);pɩlgemde;pɩlma;;;
pɩlem-pɩlem;;Adverbe;;avec éclat;with brilliance, brightly;;;;;
pɩlme;;Verbe;ɩ̀;être ou devenir dénudé (tête, place);be or become bare, naked, nude (head, place), to be shaven, balded, cleared;;;;;
pɩre;;Verbe;;se débattre avec vivacité;agitate / beat off vigorously, with vivacity;;;;;
pɩrga;;Nom;ɩ́-à;anneau, bague surmontée d’une pointe;ring, bangle;;pɩrse;Adornment;;
pɩsemde;;Adjectif;ɩ́-é;nu, non couvert de végétation;naked, not covered with vegetation;;pɩsma;;;
pɩsge;;Verbe;ɩ̀;prendre prestement en passant, rafler;take quickly in passing by, swipe, to snatch, strike (hawk does);;;;;
pɩʋʋge;;Verbe;ɩ́ʋ-è;traverser;walk across, get across, cross over, traverse;;;;;
pɩʋʋgo;1;Adjectif;ɩ́ʋ-ò;carrefour;crossroads, converging point;;;;so-baka, sotiisi;
pɩʋʋgo;2;Nom;ɩ́ʋ-ó;pollen, poudre rougeâtre couvrant les épis de mil;pollen, reddish powder around the millet grains.;;pɩɩdo;;;
pɩʋʋgre;;Nom;;croisement;crossing.;;;;;
po;;Verbe;ò;faire des trous dans, percer;make holes in, drill a hole;;;;;
põ;1;Nom;ó;pont;bridge;;põ rãmba;;bɛoongo, kʋl-beongo, loalenga;
põ'o;;interj;ṍ;non;no;;;;;
põaaga;1;Nom;òa-á;appareil digestif dans son ensemble;digestive system as a whole, the stomach (internal), guts, belly;;põose;Body;;
põaaga;2;Nom;òa-á;plante (espèce) ressemble à l'oignon, espèce de patate;plant sp (resembles an onion);;põose;Grass, herb, vine;nayũuri, dãn-kale;
põaaga;3;Nom;;hernie;hernia;põoga;;Disease;;
põaag-kʋ-rɛɛmba;;Nom;;espèce de patate;kind of potato;;;Grass, herb, vine;;
põadga;;Nom;òa-á;enfant en bas-âge;very young child.;;põdse;;;
poagla;;Adverbe;;position assise avec les jambes repliées d'un côté;sitting position with legs turned over to one side;pogelle;;;;
poaka;;Adjectif;óa;féminin;female;;pogse;;;
põaka;1;Nom;;nid, cachette, gîte;nest, hiding-place, hide, shelter.;;põgse;;;
põaka;2;Nom;;casier de lapin;rabbit hutch;;;Animal husbandry;;
poala;;Adjectif;òa-á;jeunes;young (pl.);;;;;
poaloaanga;;Nom;;espèce d'arbre;kind of tree;;;;katrpõaaga;
põana;;Adverbe;ó;manière souple de s'accroupir;soft manner of bowing / squatting down;;;;sula;
poa-poa-raaga;;Nom;;espèce de plante;kind of plant;;;Grass, herb, vine;;
poarma;;Nom;òa-á;menteur;liar;;;;ko-kɛɛda, zĩrẽ-be-neda, ko-wãada;
poasa;;Adverbe;ò;bruit de chute lourde;noise of something heavy falling;poaslga;;;;
põasga;;Nom;óa-à;salut, échappatoire;salvation, evasion, get-out;;;;;
põbe;;Verbe;ò;porter en serrant contre la poitrine;carry something close to the chest, to carry clutching to the chest.;;;;;
põbne;;Verbe;;emballer;to pack, to wrap.;;;;;
põde;;Verbe;ò;plier, replier;to fold sth., fold over, tuck up;;;;yõdge2, põdge;
põdge;;Verbe;ò;défaire ce qui est plié;to unfold sth., undo what is folded;;;;gõde, põde, gãooge;"yãoone; synonyme: gõde, põde, gãooge"
poe;;Verbe;;faire découvrir par des sortilèges;make known by using sorcery or a magic spell, to divine, sooth-say.;;;;;
põe;;Verbe;ó;être luisant (peau);be brilliant (skin), bright, shining;;;;;
poeege;;Verbe;óe-è;ajouter, donner en complément dans une distribution;to dash, give an extra share, add, give more in distributing.;;poeese;;;
põeer biyoolle;;Nom;;ver tacheté (espèce);spotted worm sp;;põeer biyoaala;Small animals;;
poeere;;Nom;óe-è;divination;fortune telling, divination.;;;;;
põeere;;Nom;ṍ-é;échis, vipère;carpet viper;;põeya;Reptile;;
poɛɛm;;Nom;òɛ́;mesure de, contenance, capacité;measure, capacity;;;;;
poɛɛm magdga;;expression;;mesure de capacité;capacitance measurement;;;Mathematics;;
poge;1;Verbe;;découper, cuisiner, faire la cuisine;cut, cook;;;;;
poge;2;Verbe;ò;tricher dans le partage;cheat in sharing, deceive;;;;;
põge;;Nom;õ̀-é;caleçon;underpants, pants, drawers;põgo;põg-rãmba;Clothing;;
põgemde;;Verbe;ò;se mettre à l'abri dans un coin;take shelter in a corner;;;;;
pog-kĩiri;;Nom;;femme stérile;barren woman;;pog-kĩya;Disease;;
pog-kõto;;Nom;;veuvage;loss of one's husband / wife, being a widower, widowhood.;;;;;
pogle;1;Verbe;ò;blesser (se);hurt (get) wounded (get), injure;poglge;;;;
pogle;2;Verbe;ó-è;faire un bruit de clapotis;make a noise of lapping.;;;;;
poglemdo;;Nom;ò-ó;féminité, comportement typique de femme;femininity, typical female behaviour.;;;;;
poglgo;;Nom;ó-ó;blessure, plaie;wound, injury;;;Disease;;
pogne;;Verbe;;couver;to brood, sit on eggs.;;;;;
pogre;;Nom;;féminin;female, woman's, feminine.;;;;;
pogrẽ;;Nom;;genre, sexe;sort, kind, type, gender, genre, sex, genitals;;;Body;;
pog-yõgre;;Nom;;viole;rape.;;;;;
pok la raoogo;;Nom;;pair, couple, mâle et femelle;couple male and female;;;;kãadba;
põke;1;Verbe;ò;prendre une charge avec les deux mains;hold / get a load with your two hands;;;;;
põke;2;Verbe;ò;prendre du poids (bébé);take on weight (baby);;;;;
poko;;Adjectif;ó;féminin;female;;pogdo;;;
Poko;;Nom;;désigne le gendre féminin, la femme;designates the female gender, the woman;;;;;
pole;;Verbe;ò;être détendu, lâche;be relaxed, slack, loosely;;;;;
politik sulli;;Nom;;partie politique;political party;;;;pagti;
politiki;;Nom;ó;politique;politics.;polontiki;;;;
politiki buka;;Nom;;régime politique;political regime.;;;;;
polɩɩs;;Nom;;police;police.;;;;;
polɩɩsa;;Nom;;policier;policeman, policewoman;;;Worker;;
polle;;Adjectif;ò-é;jeune;young;;poala;;telle, bi-bɩɩga;
polpoge;;Nom;ò-ó-é;soupe de boyaux, tripes;soup of entrails, tripe.;;;;;
pomaad;;Nom;;pommade;ointment, pomade, balm, salve;;;Disease;tɩ-kaam;
pome;;Nom;;pomme;apple;;;Food;;
pom-la-tɛɛre;;Nom;;pommes de terre;potatoes;;;Food;;
pompo;;Nom;;pompe à vélo;bicycle pump;;;Tool, Travel;;
põmpo;;Nom;ó-ò;pompe à air;air pump;;põmp-rãmba;;;
pondre;;Nom;ò-è;crapaud;toad;;poanda;Amphibian;;
pond-yoaaga;;Nom;;petit crapaud;small toad;;;Amphibian;pondyʋʋga;
pondyʋʋga;;Nom;;petit crapaud;small toad;;pondyʋʋse;Amphibian;pond-yoaaga;
põnege;;Verbe;ṍ-è;faire pourrir,;to rot sth., spoil, ruin;;põnese;;;
põnem-bãaga;;Nom;;poliomyélite;polio;;põnem-bãase;Disease;bɩd-maoore;
põnge;;Verbe;õ̀;raser (tête, barbe);shave (head, beard);;põe, põne, põene;;;
põngo;1;Nom;ó-ó;argent utilisé par le Ghana;money used in Ghana.;;põndo;;;
põngo;2;Nom;ó;petit couteau tranchant utilisé pour raser la barbe ou exciser les filles, rasoir;small knife used for shaving beard or excise girls, a razor, shaving-knife;;põndo;Tool;;
põobre;;Adjectif;ò-é;rond, sphérique;round, spherical.;põogo, põofo;põaaba, põodo;;;
poode;;Verbe;ò;manquer (être insuffisant);lacking (be);;;;;
põodo;;Nom;ò-ó;fumier;manure, fertilizer;;;;põosgo1;
poog sãaga;;Verbe;;avoir la diarrhée;have diarrhoea;;;Disease;;
põoga;;Nom;;hernie;hernia, rupture (hernia);põaaga;põose;Disease;;
pooge;;Verbe;;percer (une fois), trouer;to pierce, make a hole in, drill (once), make / have a hole, to make a hole in;;po;;;
põoge;;Verbe;ṍ-è;pourrir, gâter;to rot, get rotten, decay, spoil.;;põose;;;
põom-põom;;Adverbe;;négligemment;carelessly, negligently;;;;;
põonde;;Verbe;ò;fléchir les genoux;bend , bow knees;;;;;
põonem;;Nom;;paralysie;paralysis;;;Disease;;
poongo;;Adjectif;ò;troué;perforated.;;poondo, poaame;;;
poore;1;Nom;ò-é;dos;back;;poaya, poya;Body;kudga;
poore;2;postposition;ò-é;derrière;behind, backside;;poaya;;;
poore;2;Nom;;après, dernier;after, last;;;;;
poore;4;Nom;;absence;absence;;;;;
põore;;Nom;õ̀-é;estropié, paralytique, boiteux;lame, cripple;;põya, põe;Sick, Person;;
poorẽ baobgo;;expression;;ouest;west;;;;wĩn-taoore, nin-taoore;
poorẽ lebre;;Nom;;régression;decline, regression.;;;;;
poorẽ pʋgdse;;Nom;;suite;continuation, sequel, follow-up, next.;;;;;
poorẽ wilga;;expression;;membre postérieur;hind leg, rear member;;;Parts of an animal;;
poortaable;;Nom;;portable, smartphone;cellphone, smartphone;;;computer / digital;telefond poortaable, nugẽ bãnga;
põose;;Nom;;espèce de plante;kind of plant;;;Grass, herb, vine;;
põosem;;Nom;;caprices;caprices, whims, fancies;;;;;
põosgo;1;Nom;ṍ-ó;fumier, compost, humus, engrais organiques;fertilizer, manure, compost, humus, organic fertilizer;;;Agriculture;põodo, birga;
põosgo;2;Adjectif;ó-ó;pourri, avarié et qui dégage une mauvaise odeur;rotten, filthy, spoilt and smelling badly;;põosse;;;
põosre;;Adjectif;ó-é;pourri, avarié, gâté;rotten, spoilt, tainted.;;põaasa;;;
popoogo;;Nom;ó;plaie grande et ouverte;big and deep wound;;popoodo;Disease;;
po-raoog kõbre;;Nom;;vertèbre;dorsal vertebra;po-raoogo;;Body;po-rʋdre;
po-raoogo;;Nom;ò-á-ó;colonne vertébrale;spine;;po-raado;Body;;
porem;;Nom;ò;mensonge, contraire à la vérité;lie, untruth;;;;pʋ-yagbo, ziri1;
porme;;Verbe;ò;mentir;lie;;;;yage2;
põrpõre;;Nom;ò-ó-é;genre de batracien (ressemble à la grenouille);kind of amphibian (like a frog);;põrpõya;Amphibian;;
porvẽese;;Nom;ó-é-è;province;province.;;;;;
po-rʋdre;;Nom;ò-ʋ́;vertèbre;dorsal vertebra;;po-rʋda;Body;po-raoog kõbre;
põse;;Verbe;ó;échapper, être hors de danger, être sauvé;to escape, be out of danger, be saved.;;;;;
põsge;1;Verbe;ṍ-è;échapper à un danger;escape from a danger.;;;;;
põsge;2;Verbe;ṍ-è;enlever un épi de maïs de sa tige, cueillir du maïs;take away maize from its stalk, tear off maize.;;põse;;;
potmaane;;Nom;ó-è;porte-monnaie;wallet, purse;;potmaan-dãmba;Money;;
po-tula;;Adverbe;ò-ú;à reculons;backwards;po-tulli;;;;
pozõno;;Nom;ò;poison;poison;;;;zẽnem;
provẽnse;;Nom;;province;province;provẽese;;Government, Region;;
pu;1;Verbe;ù;suinter;seep, drip, ooze;;;;;
pu;2;Verbe;ù;fleurir;to flower, bloom, blossom;;;;;
pugi;1;Verbe;ú;se rouler dans;rolling in, revolve, turn in;;;;;
pugi;2;Verbe;ù;concurrencer avec ses richesses, défier;compete with his wealth, challenge, defy;;;;;
pugl bila;;Nom;;casquette;cap;;;Clothing;;
pugl yalenga;;Nom;;chapeau;hat;;;Clothing;;
pugla;1;Nom;ù-á;bonnet, chapeau, béret, képi;cap, hat, beret, kepi;;pugli;Clothing;;
pugla;2;Nom;ú-á;petite femelle;small female.;;pugli;;;
pug-sabe-daaga;;Nom;;espèce de plante;kind de plant;;;Grass, herb, vine;;
pug-sablga;;Nom;;espèce de plante;kind of plant;;;Grass, herb, vine;;
pugsgu;;Adjectif;ú-ú;gris, marron;grey, brown;;pugsdu;Colour;sẽ moogde;
pugumdi;;Verbe;ú-ì;se secouer pour faire partir l'eau, la poussière, jouer des ailes pour se libérer;shake to get rid of water or dust, flap wings to get free.;;;;;
pugwãamba;;Nom;;singe vert;green monkey;;;Mammal;;
puiiga;;Nom;ùi-á;trou de sortie d'un terrier;exit hole of den, lair, earth of animal;;puiisi;;;
puiisi;1;Verbe;;causer une douleur aiguë;cause sharp pain;;;;;
puiisi;2;Verbe;ù;marcher avec détermination et force;walk in a determinate manner;;;;;
puiisi;3;Verbe;ù;s'élancer en jet (eau);streaming out (water), squirt.;;;;;
puk a menga;;Verbe;;se révéler, apparaître (lit;;;;;;
puka;;Adjectif;ú-à;gris;grey;;pugsi;;sẽ moogde;
puki;1;Verbe;ù;ouvrir (yeux, mains);open (eyes, hand);;;;;
puki;2;Verbe;ú-ì;devenir gris;become grey;;;;;
pukri;;Nom;;apparition;appearance.;;;;;
pulgumdi;;Nom;ú;sorte de sisal utilisé pour faire des cordes;kind of sisal plant, used to make ropes;;pulgma;Grass, herb, vine;;
puli;;Verbe;ù;diluer liquide;dilute of a liquid;;;;;
pulimdi;;Nom;ù;plante (espèce), herbe baïonnette;plant sp;;;Grass, herb, vine;;
pulli;;Nom;ú-ì;plat fait de feuilles cuites et malaxé avec de la potasse (bèrenga);dish made of a kind of leaves mixed with potash;;;Food;;
pulpuka;;Adjectif;ú;grisâtre, multi-coloré;greyish, multicoloured, particoloured, indeterminate in colour;pulpuku;pulpugsi, pulpugdu;Colour;;
pũmumuka;;Nom;;arbuste (espèce);shrub sp;;;Bush, shrub;põsempõrgo, burumuka;
pũndgi;;Verbe;ù;s'enfler, se mettre en relief;swell, put oneself forward.;;;;;
pũni;1;Verbe;ù;s'arquer, se courber;bend, curve;;;;;
pũni;2;Verbe;ù;se lover, être lové, être enroulé;coil up, be wound up, rolled up;;;;;
pu-paoko;;Nom;ù-áo;sépale;sepal;;pu-pogdo;Parts of a plant;;
pupe;;Nom;;poupée;doll.;;;;;
pu-raaga;;Nom;ù-á;fleur mâle;male flower;;pu-raase;;;
puri;1;Adjectif;ú-ì;blanc sale;whitish;;puya;Colour;;
puri;2;Verbe;ú;causer des démangeaisons;cause itching.;;;;;
pursi;;Verbe;ù;faire un bruit entre les lèvres qui est un signe de mépris;make a noise between the lips that shows contempt / scorn;;;;;
purss;;Adverbe;;évocation d'une sortie brusque avec force;indicating a sudden and energetic coming outside;purus;;;wusa;
pusa;;Nom;;tamarins;fruit of Indian tamarind tree;pussa, pussi, pursi;;Food;;
pusdu;;Nom;;feuilles du tamarinier;leaves of Indian tamarind tree;;;Tree;;
pusga;;Nom;;tamarinier;Indian tamarind tree;;pussi;Tree;;
pusgi;;Verbe;ù;(faire) éclater, exploser;burst, go bang, break out, explode, blast;;;;;
pusg-n-waag-ma;1;Nom;;type de dermatose (causé par une piqûre d'insecte);kind of skin disease (caused by insect bite);;;Disease;saag bugum;
pusg-n-waag-ma;2;Nom;;cantharide;kind of beetle;pusginwaagma;;Insect;maan-puugu;
pusi;;Verbe;;éclater;burst, explode.;;;;;
pusri;;Nom;;fruit de tamarin;tamarind-pod, tamarind pulp;;pusa;Parts of a plant;;
pusumdi;;Adjectif;ú;fendillé, craquelé;split, cracked, fissured;;pusma;;;
pusumpuuga;;Nom;ù-ú;*;*;;pusumpuusi;Bush, shrub;putrpuugu, putrpuugu;
putrpuugu;;Nom;ù-ú;plante (espèce);plant sp;;putrpuusi;Bush, shrub;pusumpuuga, pusumpuuga;
puubu;;Nom;;floraison;blossoming, blossom, time of flowering.;;;;;
puudu;;Nom;ú;mousse, écume;foam, froth, spume, lather.;;;;;
puug rog-foogo;;Nom;ú;pistil;pistil;;;Parts of a plant;;
puug sũuri;;Verbe;ù;fâcher (se);angry (get);;;;;
puuga;;Nom;;ganglions enflés de l'aine;swollen lymph nodes at groin;;;Disease;wadre1;
puugi;;Verbe;ù;mousser, gonfler et se remplir, faire éruption;to swell up, erupt, boil over, lather, foam, swell and fill;;;;;
puugu;1;Nom;ú;fleur;flower;;puudu;Grass, herb, vine;tɩ-puugu;
puugu;2;Nom;ù-ú;ganglion du pied;lymph node of foot, ganglion;;;Disease;;
puusi;;Verbe;ù;pulvériser, asperger avec la bouche;spray, vaporize, sprinkle with the mouth;;;;;
pu-vãado;;Nom;ù-á-ò;pétale;petal;;;Parts of a plant;;
pu-vã-gĩndi;;Nom;;corolle;corolla;;;Parts of a plant;;
pu-wamde;;Nom;ù-á;calice;calyx;;;Parts of a plant;;
pu-wɛrba;;Nom;ù-ɛ́;étamine;stamen;;;Parts of a plant;;
pʋ-bãmbre;;Adjectif;;ventru;paunchy, pot-bellied.;;;;;
pʋbdo;;Nom;ʋ́-ò;écume;foam, froth.;;;;;
pʋ-beedo;;Nom;;ténia, ankylostomes;tapeworm, hookworm;;;Small animals, Disease;zãdre, zade;
pʋd sʋka;;Verbe;;faire quelque chose à mi-parcours;do something half-way;;;;;
pʋd yʋʋre;;Verbe;;nommer;to name, to call.;;;;;
pʋd zab-yʋʋre;;expression;;surnommer;to nickname.;;;;;
pʋde;1;auxiliaire;ʋ̀;d’ailleurs même, tout simplement, assurément, vraiment;for that matter, simply, anyhow, surely;pʋse;;;pʋse1, bul, yɩs;
pʋde;2;Verbe;;entonner, nommer;intone, strike up a song, name, nominate, give the name, call;;;;;
pʋdge;;Verbe;ʋ́-è;verser d'un récipient, renverser;pour out of a recipient, to tip / turn sth;;;;;
pʋdre;;Adjectif;ʋ́-é;une partie de;a part of;;pʋda;;begs-begse;
pʋg n gese;;expression;;contrôler;to control, monitor, check, inspect.;;;;;
pʋg tʋdbo;;Nom;;grossesse;pregnancy.;;;;;
pʋg yalem;;Nom;;contenance;capacity, bearing (volume).;;;;;
pʋga;1;Nom;ʋ́;ventre;abdomen, tummy, stomach (interior);;pʋse;Body;;
pʋga;2;postposition;ʋ́;dans, dedans, à l’intérieur;in, inside;;pʋse;;;
pʋga;3;Nom;ʋ́;grossesse;pregnancy;;pʋse;;;
pʋga;4;Nom;;intérieur d'un récipient, chambre intérieure d’une maison;inside of a recipient, interior of a room;;pʋse;;;
pʋg-bãanega;;Nom;;femme mince;slim / thin woman;;;Person;;
pʋg-bãase;;Nom;;maladies sexuellement transmissibles;sexually transmissible diseases;;;Disease;taoor-bãaga;
pʋg-beolengo;;Nom;;temps des fiançailles, actions pendant ce temps en faveur des futurs beaux-parents;time during engagement, betrothal, actions during that time in favour of the future parents-in-law;;;;reendo;
pʋg-beoogo;;Nom;;femme non favorite;not favourite / preferred wife;;pʋg-beedo;Person;;
pʋg-beoolgo;;Nom;;cérémonie intervenant avant que la nouvelle mariée ne soit conduite chez son mari;Ceremony happening before leading the newly wedded wife to her husband.;;;;;
pʋg-bɛnda;;Nom;;jupon;petticoat;;;Clothing;tẽngr wondɩ;
pʋg-bila;;Nom;;jeune épouse ou fille promise, fiancée en bas âge;young wife or girl promised for marriage;;pʋg-bi;Person;;
pʋgda;;Nom;;adjoint;assistant;;;Worker;;
pʋgdba;;Nom;ʋ̀-á;tante, sœur du père;aunt, sister of the father;;pʋgd-rãmba;Relationships;;
pʋgde;;Adjectif;;suivant;following, next;;;;;
pʋgdenga;1;Nom;;nom utilisé par une femme pour désigner l'enfant de son frère;word used by a woman indicting the child of her brother;;pʋgdense;Relationships;;
pʋgdenga;2;Nom;ʋ́-é;postposition;post-position;;pʋgdense;;;
pʋgdenga;3;Nom;ʋ́-é-á;suite;result, continuation, consequence.;;;;;
pʋgdg-pʋgdga;;Adverbe;;en rang, l'un après l'autre;lined up, one after the other;;pugdg-pʋgdgse;;;
pʋgdr-pʋgdr limore;;expression;;numéro d'ordre;sequence number.;pʋgdg-pʋgdg limore;;;;
pʋgdr-pʋgdr tongre;;Nom;ʋ́-ʋ́ ó-é;ordre chronologique;chronological order.;pʋgdg-pʋgdg tongre;;;;
pʋge;;Verbe;ʋ́;suivre, poursuivre;to follow, chase, hound, haunt, pursue;;;;;
pʋgẽ;;postposition;;dans, dedans, intérieur;in, inside, interior, inner;;;;;
pʋgẽ yelle;;Nom;;secret;secret.;;;;;
pʋg-kẽema;;Nom;ʋ̀-é;première épouse;first wife, the senior wife (in a polygynous household);;pʋg-kẽem-dãm ba;Relationships;;
pʋg-kiiri;;Nom;ʋ̀-í;femme stérile;barren woman, childless woman, sterile woman;;pʋg-kiya;Sick, Person;kiiri;
pʋg-kõore;;Nom;ʋ̀-é;veuve;widow;;pʋg-kõapa;Person;"kʋ-poaka; antonyme: rakõore";rakõore
pʋg-kõto;;Nom;;temps de veuvage, état de veuve;time of widowhood, being a widow;;;;kʋ-pogdo2;
pʋgle;;Verbe;ʋ́-è;faire suivre, plier pour faire double;cause to follow, to make sb;pʋglge;;;;
pʋg-lɛmsa;;Nom;;personne préoccupée d'avoir de nouvelles expériences sexuelles sans rester fidèle;person looking always for new sexual partners without being faithful.;;;;;
pʋg-lɛnga;;Nom;ʋ̀-ɛ́;petite sœur de son épouse;younger sister of the wife;;pʋg-lemse;Relationships;;
pʋg-neere;;Nom;ʋ̀-é;amante, maîtresse, belle femme;lover, mistress, beautiful woman, girlfriend;;pʋg-neeba;Person;;
pʋg-n-gese;;Nom;;superviseur;supervisor;;;;yel-gɛta;
pʋg-noaada;;Nom;;action de courir les femmes;philandering, womanising;;;;pʋg-roonde;
pʋg-paal sɩda;;Nom;;époux, jeune marié;spouse, husband, newly married man, bridegroom;;;Relationships;;
pʋg-paala;;Nom;;dernière venue d'une famille polygame, nouvelle épouse, nouvelle mariée;a bride, newly-wedded wife, last arrived wife in a polygamy family, new wife;;;Relationships;;
pʋg-peegr tigri;;Nom;;noce, fête de mariage;wedding celebration.;;;;;
pʋg-põaaga;;Nom;;blennorragie;gonorrhoea;;;Disease;rʋʋd-sẽn-pɛɛlga;
pʋg-poorẽ;;Nom;;veuve remariée;remarried widow, widow that remarries;;;Relationships;;
pʋg-pʋga;;Nom;;femme enceinte;pregnant woman;;;;pʋg-tʋtga, tʋtr-pʋga, nin-zɩsa;
pʋg-raaga;;Nom;;femme sèche et aux seins minuscules;dry woman with very small breasts;pʋg-raoogo;pʋg-raase;Person;;
pʋgre;;Nom;ʋ́-è;ordre, suite;order, succession.;;;;;
pʋg-reem;;Nom;ʋ̀-é;chose très facile, banale, jeu d'enfant;very easy thing, trivial thing, very simple, child's play, easy as pie.;;;;;
pʋg-rɩkdga;;Nom;;épouse non obtenue en suivant la procédure exigée par la coutume;wife one got without following the procedures of the traditional custom;;pʋg-rɩkdse;Relationships;;
pʋg-roagsa;;Nom;ʋ̀-á;sage-femme, accoucheuse;midwife;;pʋg-rogs-rãmba, pʋg-roagsdba;Worker;;
pʋg-rogs-roogo;;Nom;;maternité;maternity, maternity hospital;pʋ-rogs-roogo;pʋg-rogs-roto;Building;;
pʋg-roonde;;Nom;;action de courir les femmes;philandering, womanising;pʋg-noada;;;pʋg-noaada;
pʋg-roondo;;Nom;;adultère;adultery;;;;yoodem;
pʋg-sada;;Nom;ʋ̀-á-à;jeune fille, mademoiselle;young girl / lady, girl, virgin, young woman who has not yet brought forth;pʋg-sɛda;pʋg-sadba, pʋg-sɛdba;Person;;
pʋg-sademdo;;Nom;;état de jeune fille;being a young girl / lady;;;;;
pʋg-sɛda;;Nom;ʋ̀-ɛ́-à;jeune fille;young girl /lady;pʋg-sada;;Person;;
pʋg-sɩda;;Nom;ʋ̀-ɩ́;époux, homme marié;husband, married man;;pʋg-sɩdba;Relationships;;
pʋg-sɩʋʋd-biiga;;Nom;;enfant qui doit revenir au donateur de la mère;child that has to go back to the givers / parents of his mother;;;Relationships;;
pʋg-sɩʋʋdga;;Nom;;femme donnée comme épouse et dont le premier enfant doit revenir au donateur;woman given as wife and of which the first child has to be returned to its giver;;;Relationships;;
pʋg-sɩʋʋre;;Nom;;pratique consistant à rendre le premier enfant au donateur de la mère;practice consisting of giving back the first child to the givers of the mother.;;;;;
pʋg-taare;;Nom;ʋ̀-á;rivalité, dispute entre co-épouse;rivalry, quarrel between co-wives.;;;;;
pʋg-tão;;Nom;;belle-sœur;sister-in-law;;;Relationships;;
pʋg-to;;Nom;ʋ̀-ó;co-épouse;co-wife;;pʋg-taaba;Relationships;;
pʋg-tʋtga;;Nom;;femme enceinte;a pregnant woman;;;;pʋg-pʋga, tʋtr-pʋga, nin-zɩsa;
pʋg-vɩʋʋgo;;Nom;;femme libre, non mariée, disponible, prostituée;not yet married woman;;pʋg-vɩɩdo;Person;;
pʋg-wʋsg-sɩda;;Nom;;polygame;polygamist.;;;;;
pʋg-yãanga;;Nom;ʋ̀-ã́-á;vielle femme;old woman;;pʋg-yãanse;Person;;
pʋg-yagda;;Nom;;menteur;liar;pʋg-yagb soaba;;;zirẽ-be-neda, zĩrẽ-be-neda;
pʋg-yagr kãadem;;Nom;ɩ̀-á à-é;polygamie;polygamy.;;;;;
pʋg-yaoa;;Nom;ʋ̀-áo;femme plus jeune que sa co-épouse;wife that is younger than her co-wife;;pʋg-yaopa;Relationships;;
pʋg-yend sɩda;;Nom;;homme monogame;monogamous man;;;;;
pʋg-yendlem kãadem;;Nom;ʋ̀-é-é à-é;monogamie;monogamy.;;;;;
pʋg-yiiblim kãadem;;Nom;;bigamie;bigamy.;;;;;
pʋg-yoaada;;Nom;;prostituée, pute, putain;prostitute, whore;;pʋg-yoaadba;Person;;
pʋg-yõagsa;;Nom;;violeur de femmes;man raping women, rapist.;;;;;
pʋg-yoodre;;Nom;;femme de mauvaise vie, prostituée;woman with a bad lifestyle / behaviour, prostitute;;pʋg-yaoodba;Person;;
pʋɩ;;Verbe;ʋ́;partager, distribuer, répartir;share, distribute, share out;;;;;
pʋɩ rɩɩbo;;expression;;servir de la nourriture;to serve food.;;;;;
pʋɩgdenga;;Nom;ʋ̀-é-á;neveu, nièce;nephew, niece;;;Relationships;yagenga;
pʋɩɩb ne kelle;;expression;;division avec reste;division with a reminder;pʋɩɩb sẽn tar kelle;;Mathematics;;
pʋɩɩbo;;Nom;ʋ́ɩ-ò;division;division, partition;;;Mathematics;;
pʋɩɩr ka zem taaba;;Nom;;partages inégaux;uneven divisions;;;Mathematics;;
pʋɩɩre;;Nom;;part;share, portion, part;;;Mathematics;;
pʋɩ-lʋɩtenga;;Nom;;division exacte;accurate division, exact division;;;Mathematics;;
pʋɩtenga;;Nom;ʋ́ɩ-á;diviseur;divisor, factor;;;Mathematics;;
pʋɩtenlʋɩ;;Nom;;oiseau (espèce);bird sp;pʋɩtenlʋɩɩnga;puɩtenlʋɩɩse;Bird;;
pʋɩt-kɩna;;Nom;;oiseau (espèce);bird sp;;;Bird;kɩn-pʋɩta;
pʋka;;Nom;ʋ́-à;arbre (espèce);tree sp;;pʋgse;;;
pʋ-kãado;;Nom;;indigestion;indigestion;;;Disease;;
pʋke;;Verbe;ʋ́-è;être tout couvert de, joncher;be covered with, sprinkle, strew;;;;;
pʋ-koɛɛnga;;Nom;;constipation;constipation;;pʋ-koeemse;Disease;pʋ-kʋɩre;
pʋ-kʋɩre;;Nom;;constipation;constipation;;;Disease;pʋ-koɛɛnga;
pʋlemde;1;Nom;ʋ̀-é;promesse, vœu;promise, vow, wish;;;;wẽndpʋlengo;
pʋlemde;2;Nom;ʋ̀-é;diaphragme;diaphragm;;pʋlma;Body;;
pʋlga;;Nom;ʋ́-à;dolo qui se vend;beer that is sold;;pʋlse;Food;;
pʋ-lika;;Nom;;malhonnêteté, hypocrisie, fourberie, sournoiserie, louche;dishonesty, hypocrisy, deceit, craft, slyness.;;pʋ-liksi;;;
pʋlme;;Verbe;;faire un vœu, promettre;to vow, promise, plight;;;;;
pʋlʋngo;;Nom;;destin;destiny, fate.;;;;;
pʋmpʋmde;;Nom;;gousse de kapokier;pod of kapok fruit.;;pʋmpʋma;;;
pʋmpʋm-lamdo;;Nom;;coton de la gousse de kapokier;cotton of kapok tree pod.;;;;;
pʋ-nodre;;Nom;;ulcère d'estomac;stomach ulcer /sore;;pʋ-noda;Disease;;
pʋ-noom;;Nom;;fête en rapport avec le mariage, naissance ou baptême;celebration, party, feast (marriage, birth, baptism).;;;;;
pʋ-pẽba;;Nom;;grossesses précoces;premature pregnancy.;;;;;
pʋ-peelem;;Nom;;sincérité, franchise, sainteté, honnêteté, loyauté;sincerity, frankness, holiness, honesty, loyalty, openness;;;;;
pʋ-peelem soaba;;Nom;;quelqu'un de juste, saint;a just person, holy person;;pʋ-peelem dãmba;;;
pʋ-peen-neda;;Nom;;quelqu'un de loyal, de franc;somebody who is loyal and frank, honest and truthful.;;pʋ-peen-neba;;;
pʋ-raaga;;Nom;ʋ́-á;bonnet de l'estomac des ruminants;part of stomach of ruminant animals.;;pʋ-raase;;;
pʋ-roogo;;Nom;ʋ̀-ò-ó;abdomen;abdomen, lower part of the body, belly;;;Body, Parts of an animal;;
pʋs;;auxiliaire;ʋ̀;pas du tout (avec négation);not at all (with negation);pʋd;;;bʋl;
ye;;auxiliaire;;pas du tout;not at all.;;;;;
pʋse;1;auxiliaire;ʋ̀;vraiment, assurément, plutôt, tout simplement;really, truly, rather;;;;pʋde1;
pʋsẽ;;postposition;;dans (pl.), dedans;in, inside (pl.) Da tags y sũyã pʋs t'a Abrahaam sẽn ya yãmb yaabã sekame ye;;;;;
pʋsʋka;;Nom;ʋ́-á;moitié;middle, half;;pʋsʋgse;;;
pʋtẽer soaba;;Nom;;personne avec une bonne mémoire;person with a good memory;;;;;
pʋtẽere;;Nom;ʋ̀-é-è;mémoire, esprit, espoir, pensée;memory, faith, hope, thought.;;pʋtẽya;;;
pʋtenlʋɩɩnga;;Nom;ʋ́-é-ʋ́ɩ-á;oiseau (espèce);bird sp;;pʋtenlʋɩɩnse;Bird;;
pʋto;1;Nom;ʋ́-ò;pulpe, chair d'un fruit;pulp, flesh of fruit;;pʋdgo;;;
pʋto;3;Nom;;méchanceté;wickedness, malice, meanness;;;;;
pʋ-to-neda;;Nom;;personne méchante par malice;wicked person, vicious person, malice.;;pʋ-to-nedba, pʋ-to-rãmba;;;
pʋ-toogo;;Nom;ʋ̀-ó;méchanceté, cruauté;wickedness, malice, badness, cruelty, roughness, spite;;pʋ-toodo;Sense, perceive;;
pʋʋg roogo;;Nom;;hameau, case en brousse, tente;hamlet, tent;;;Building;;
pʋʋgo;;Nom;ʋ́-ò;champ;field;;pʋto;Land;;
pʋʋre;;Nom;;ventre, estomac, panse des animaux;tummy, stomach, belly;;pʋya;Body;;
pʋʋs barka;;Verbe;;remercier;thank;;;;fɩle;
pʋʋs taaba;;Verbe;;saluer (se);greet each other.;;;;;
pʋʋse;;Verbe;ʋ̀;saluer, féliciter;greet, congratulate;;;;;
pʋʋsem;;Nom;;salut, salutation;greeting, act of greeting;;;;;
pʋʋsgo;;Nom;ʋ̀-ó;prière, le fait de prier;prayer, act of prayer;;pʋʋsdo;;;
pʋ-weere;;Nom;ʋ́-é;jachère;fallow ground;;;Agriculture, Land;;
pʋ-wɛɛga;;Nom;ʋ́-à;champ en friche, en jachère;fallow land;;pʋ-weese;Agriculture, Land;;
pʋ-wuka;;Nom;;ballonnement du ventre;swollen belly;;pʋ-wugsi;Disease;;
pʋya;;Nom;ʋ́-à;ventres, estomacs;bellies, tummies, stomachs.;;;;;
pʋ-yagbo;;Nom;ʋ̀-á-ó;mensonge;lie;;;;yagbo1, porem, sãdem, zirẽ;
pʋ-yagda;;Nom;;menteur;liar;;;;yagda1;
pʋ-yiri;;Nom;ʋ̀-í;fausse couche, avortement;miscarriage, abortion;;pʋ-yiya;Disease;;
pʋ-zabre;;Nom;;maux de ventre, colique;stomach ache, bellyache, stomach pain;;pʋ-zaba;Disease;;
ra;1;auxiliaire;á;ne pas (impératif), particule de négation de l'impératif;don't, imperative negation particle;da;;Grammar;;
ra;2;Verbe;à;acheter;to buy;da;;;;
ra;3;auxiliaire;á;passé lointain (marque du);past particle;da, dag, rag;;Grammar;;
ra;4;Verbe;á;vouloir;to want, to be willing, wish, to want sth;da;;;;
raa;;Adverbe;à;caractérise un regard vide;indicates an empty look / gaze;;;;;
raab kaset sebre;;Nom;á á-é é-è;reçu;receipt;;;Money;reegr kaset sebre, yaoob kaset sebre, yaoob kaset sebre;
raab ligdi;;Nom;á í-í;prix d'achat;purchase price;;;Money;;
raab wilgri;;Nom;;recommandation;recommendation.;;;;;
raabo;1;Nom;á;achat;purchase, cost;daabo;;;raasem;
raabo;2;Nom;á-ò;volonté, souhait, envie, désir, besoin;will, want, wish, liking, envy, desire, need;;;;ratem, tʋlsem;
raad roogo;;Nom;;chalet;chalet;;;Building;;
raad wãab zĩiga;;Nom;;menuiserie;carpenter's shop, joinery, woodwork;;;Building;;
raadenga;;Nom;à-á;client fidèle ou commerçant chez lequel on va habituellement;faithful client or trader / shopkeeper to whom you usually go.;;raadense;;;
raaden-tika;;Nom;;fournisseur;supplier, provider, vendor;;;Worker;;
raag biiga;;Nom;à-í-á;commerçant (de marché);trader (at the market), shopkeeper;;raag biisi;;;
raaga;1;Nom;à-á;marché;market;daaga;raase;;;
raaga;2;Adjectif;á;aigu (voix, tambour ...);high (voice, drum ...) Gãngã-raag wẽedame;;raase;;;
raaga;3;Adjectif;á;mâle improductif (arbre);male unproductive, barren (tree);;;;;
raage;;Verbe;á-è;verser (seule fois);pour sth;daage;raase;;ralge;
rãam;;Nom;ã́;bière de mil, dolo, boisson alcoolisé;millet beer, pito, alcoholic drink.;dãam;;;;
rãam do-bila;;Nom;;buvette;refreshment area, small booth selling drinks;;;Building;;
rãam doogo;;Nom;;cabaret, petit restaurant, buvette;small restaurant;;;Building;;
rãamd maanego;;expression;;alerte;alert.;;;;;
raar-a-yɛnga;;Nom;;un seul jour;one single day;;;;;
raare;1;Nom;á;jour (collectif);day, date;daare;raya, rasma;;;
raare;2;Nom;á;jour;day;;rasma;;;
raare;3;Nom;á;peut-être;maybe, perhaps;raar ninga;;;;
raare;4;Nom;á-è;recherche, poursuite de, envie;search, quest, pursuit, exploration, envy.;;;;;
raar-n-kãnga;;Nom;;ce jour-là;on that day;;raar-n-kãynse;;badaare;
raase;1;Verbe;á-è;tourner en dérision, ridiculiser;turn into derision, stupid, silly, make a fool of, ridicule;daase;;;ralse;
raasem;;Nom;à-é;prix;price;;;;raabo1;
raasem sebre;;expression;;cahier d'achat;purchase book;;;Money;;
raasenkam;;Nom;á;chaque jour, habituellement;every day, habitually;;;;;
ra-bãande;;Nom;à-é;fléau;flail;ra-bãandre;ra-bãana;Tool;soaka1, soaka1;
rabaare;;Nom;à-á-è;ruse, stratagème, débrouillardise;wiles, craft, ruse, skulduggery, ploy;dabaare;rabaya;;;
rababse;;Nom;á-è;au-delà, lieu de non retour;hereafter, after-world, on the far side, beyond, the next world, place of no returning.;;;;;
rabde;;Verbe;á-è;aller, marcher (forme progressive);to go (present), going, walking.;dabde;;;;
ra-beoogo;;Nom;;jour de peine;day of sorrow;;;;;
rabɛɛma;;Nom;à-ɛ́-à;peureux;fearful person.;dabɛɛma;rabɛɛmba, rabeemse;;;
rabga;;Nom;á-à;mauvais sort, maléfice;evil spell.;;rabse;;;
rabgo;;Nom;;espèce de plante;kind of plant;;;Grass, herb, vine;;
rabɩlle;;Nom;á-é;levure;yeast.;dabɩlle;rabɩla;;;
rã-bɩlle;;Nom;á-ɩ́-é;levure;yeast.;dã-bɩlle, rabɩlle;;;;
rabɩtẽ;;Adverbe;á;avant-hier;the day before yesterday, two days ago.;rab-yitẽ;;;;
rabɩʋngo;;Nom;;petit tambour d'enfant;small drum for children;;;Musical instrument;beombeongo;
rab-kuiuugu;;Nom;à-ú;cobra cracheur;spitting cobra;;rab-kuiidu;Reptile;;
rab-naasẽ;;Adverbe;á-é;il y a quatre jours;four days ago.;rab-naaslẽ, rab-naasnẽ;;;;
rab-niinẽ;;Adverbe;á-ẽ́;il y a huit jours;eight days ago.;rab-niilẽ;;;;
rab-nuunẽ;;Adverbe;á-ẽ́;il y a cinq jours;five days ago.;rab-nuulẽ;;;;
ra-boagda;;Nom;;bûcheron;lumberjack;;;Worker;;
rabo-kɩka;;Nom;;malformation congénitale des organes sexuels chez la femme;hereditary malformation of sexual organs of a woman;;rabo-kɩgse;Disease;;
raboogo;;Nom;à-ó;case abandonnée suite au décès du chef de famille, demeure dont le chef de famille est mort;abandoned house because the family head has died, house of which the head of the family has died;daboogo;raboodo;;;
rabo-willi;;Nom;à-í;plante fourragère;fodder plant sp;;rabo-wila;Grass, herb, vine;;
rab-piilẽ;;Nom;;il y a dix jours;ten days ago.;;;;;
rab-raaga;;Nom;;espèce de plante;kind of plant;;;Grass, herb, vine;;
rabse;;Verbe;á-è;marcher à petits pas (péniblement), marcher lentement;walk with small steps (because of pain), walk slowly;;;;;
rab-tãtẽ;;Adverbe;á;il y a trois jours;three days ago.;;;;;
rabʋre;;interrogatif;à-ʋ́;quand (quel jour?);;;;;;
rab-yoaablẽ;;Adverbe;á-ò-ẽ́;il y a six jours;sex days ago.;rab-yoaabnẽ;;;;
rab-yopoɛɛlẽ;;Nom;;il y a sept jours;seven days ago.;rab-yopoɛɛnẽ;;;;
radge;;Verbe;á-è;poursuivre son chemin, aller plus loin;carry on his way, pursue, go on with, go farther;;;;;
radgo;;Nom;;échelle;ladder.;raodgo;;;;
radiyo wã koeese;;expression;;émissions radio;radio program;;;Language and thought;;
ra-folle;;Nom;;aubier;sapwood;;;Parts of a plant;;
rag;;auxiliaire;;marque du passé lointain;past particle, past time marker, last;ra, da, dag;;Grammar;;
rage;;Verbe;á;se dessécher;dry up, become dry;;;;;
ragelle;;Adjectif;á;gros;corpulent, thick, fatty;;ragla;;;
ragend teoogo;;Nom;;ustensile (de cuisine);kitchen utensils;;ragend teedo;Tool;;
ragende;;Nom;à-é;cuisine, art d'apprêter les mets;cooking, art of cooking dishes / food;dagende;;;;
ragen-doogo;;Nom;;cuisine;kitchen;;;Building;;
raglem;;Nom;à;obsession sexuelle;sexual obsession / fascination.;;;;;
raglemde;;Adjectif;á;durci, rigide, rugueux;hardened, rigid, stiff, coarse, rough;daglemde;raglma;;;
ragsendaka;;Nom;à-á-à;larynx, arrière gorge, voile du palais;larynx, voice box;dagsendaka;ragsendagse;Body;;
ragsendako;;Nom;;gorge, gosier;throat, pharynx;;;Body;kokore;
ragsẽndako;;Nom;;voile du palais;soft palate;;ragsẽndagdo;Body;;
rakãagre;;Nom;à-á-é;richard;rich person;dakãagre;rakãagba;Money;tarem soaba, arzɛk soaba;
rakaoko;;Nom;à-áo-ò;poisson (espèce);fish sp;dakaoko;rakagdo;Fish;;
ra-kaorgo;;Nom;à-áo-à;bois gros et long;thick and long timber /stick.;da-kaorgo;ra-kardo;;;
ra-killi;;Nom;;fagot;bundle of firewood.;;;;;
rakɩɩre;;Nom;à-ɩ́;relation à plaisanterie existant entre beaux-frères, belles-sœurs, certaines ethnies;joking relationship existing between in-laws and between certain ethnic groups, in-law relation;dakɩɩre;;Relationships;;
rakɩya;;Nom;à-'í;parent à plaisanterie;relative with whom you have a joking relationship, joking-partner;dakɩya;rakɩɩba;Relationships;;
rã-kõagda;;Nom;á;dolotière, brasseur de bière;brewer (woman).;;rã-kõagdba;;;
rakõ-bɩto;;Nom;à-ò-ɩ́;oseille (espèce);sorrel sp;;;Grass, herb, vine;;
rakoeoongo;;Nom;à-ó;bois sec, bois mort;dry wood, dead wood.;;;;;
ra-koɛɛnga;;Nom;;bois sec;dry wood;;;;;
ra-kon-bɩdgo;;Nom;;espèce de plante;kind of plant;;;Grass, herb, vine;;
rakõ-noeedre;;Nom;;espèce de plante;kind of plant;;;Grass, herb, vine;;
rakõore;;Nom;à-é;célibataire (homme);single, unmarried (man), bachelor, widower;dakõore;rakõapa;Person;;pʋg-kõore
rakõto;;Nom;à-ó;célibat d'homme;celibacy (man).;dakõto;;;;
ralemde;;Adjectif;á;gros et de forme allongée;thick and long .;dalemde, ralenga, dalenga;ralma, ralemse;;;
ralge;;Verbe;á-è;verser (seule fois);pour (single instance);;raale, ralse;;raage;
ralsende;;Adjectif;à-é;fade, sans goût;tasteless, bland;;ralsense;;;
ra-luka;;Nom;à-ú;pieu enfoncé en terre;stick / pole knocked into the ground.;;ra-lugsi;;;
rãmba;;Nom;ã̀-á;pluriel (suffixe de certains noms étrangers);plural suffix of some nouns;;;;;
rãmbe;1;Verbe;;fouler, luxer, déboîter;strain, dislocate;;;;yõdge2, yĩlgi, yĩngi2;
rãmbe;2;Verbe;ã̀;touiller, remuer;to stir, whisk sth;dãmbe;;;;
rãmbe;3;Verbe;à;gronder (ventre, tonnerre);roar, rumble (stomach, belly, tummy, thunder);;;;wuri3, wuri3;
rãmbga;;Nom;ã̀-à;spatule pour touiller la pâte de mil germé;a whisk, stirrer (bunch of stalks, twigs), pot-ladle;rãmbdga;rãmbse;Tool;;
rãmbgo;1;Nom;;entorse, luxation;strain, dislocation;;;Disease;yõdre;
rãmbgo;2;Nom;;pagaie;paddle.;;;;;
rambresuga;;Nom;;arbuste (espèce de);shrub sp;;;;sũbragãaga;
rãmbr-kʋka;;Nom;;plante (espèce);plant sp;;;Grass, herb, vine;zãndr-kʋka;
rãmbrzũuga;;Nom;;arbuste (espèce);shrub sp;rãmbr-zʋʋga, subud-gãaga, lamdazũudga;rãmbrzũusi;;;
rãmse;;Verbe;à;raviver une blessure;reopen a wound;dãmse;;;;
randagre;;Nom;á;désert, lieu où rien ne pousse, clairière;desert, place where nothing grows, open ground, clearing, glade, barren land;dandagre;randaga;Land;tẽn-kʋɩre;
rãndga;;Nom;;arbuste (espèce), kinkéliba (les branches sont utilisées en vannerie);shrub sp;rãnga, kenga, kuliginga, kuinbinga, kãanga, na-yiri-sʋgdo;rãndse;Bush, shrub;;
ra-nifu;;Nom;à-í-ù;bois fourche;forked pole / wood / stick.;;ra-nini;;;
rã-noodo;;Nom;á-ó;bière de mil non fermentée;not fermented millet beer.;;;;;
raoa;;Nom;á;homme;man;daoa;rapa, raopa;Person;;
raobgo;;Nom;á;serpent (espèce);snake sp;daobgo, rabgo;rabdo;Reptile;;
raodgo;1;Nom;áo-ò;échelle, escaliers;ladder, stairs, rope-bridge;daodgo, radgo, dadgo;radse;;rʋʋdga;
raodgo;2;Nom;áo-ò;cordage, attaché ici et là à traverser un cours d'eau et servant à faire passer les gens;rope-bridge, consisting of a rope attached on both shores to get people across.;;radse;;;
rao-kĩiri;;Nom;;stérilité masculine;male sterility, male barrenness;;rao-kĩya;Disease;;
raolem;;Nom;;organe génital de l'homme, pénis, sexe masculin;male sexual organ, penis;;;Body;yoore;
raolgo;;Adjectif;ào-ó;gros sans valeur;thick without value.;;;;;
raongo;;Nom;;héron cendré;grey heron;;rando;Bird;rõaandga;
raoodo;;Nom;á;courage, virilité, intrépidité;bravery, courage, masculinity, manliness, virility, intrepidity;;;;;
raoog metre;;Nom;;mètre en bois;meter of wood, wooden metre;;;Mathematics, Tool;;
raoogo;1;Adjectif;á;masculin, mâle, viril, mâle adulte;male, manly, masculine, virile, adult male;;raado;;;yãanga1
raoogo;2;Nom;à-ó;bois, bâton;wood, stick;;raado;;;
raoole;;Verbe;à;s'armer, s'apprêter en vue de s'affronter, se tenir sur ses gardes;to arm oneself, get ready to confront, be watchful and ready to fight, prepare to fight;raollme, daoole;;;;
raoolem;;Nom;ào-é;verge, pénis;penis, male genitals;;;Body;yoore;"poglem; synonyme: yoore"
raoore;;Nom;á;virilité, masculinité, comportement d'homme;virility, masculinity, manly behaviour;;;;raoolem;
rao-peoko;;Nom;;planche;plank, board of wood.;;;;;
rap bãongo;;Nom;;circoncision;circumcision.;;;;;
rapa;;Nom;;hommes;men;;;Person;;
ra-peoko;1;Nom;à-é;écorce d'arbre, planche;bark of tree, plank (wood), board;;ra-pɛgdo;;;
ra-peoko;2;Nom;;espèce d'arbre;kind of plant;;;Tree;;
ra-poaka;;Nom;à;homme ou garçon maladroit, incapable d'atteindre sa cible;cack-handed man or boy, clumsy guy not able to achieve his goals.;;ra-pogse;;;
rapoaka;;Adjectif;à-á;maladroit;clumsy, gawky, crack-handed.;rapoaga;rapogse;;;
rapoore;;Nom;;espace derrière la maison;space behind the house.;ripoore, ragenpoore;rapoaya;;;
rare;1;Nom;á-è;maléfice, sortilège qui rend fou;evil spell, sorcery, magic that causes folly / madness.;dare;;;;
rare;2;Nom;à-é;embarcation de fortune formée d'un tronc d'arbre out des tiges qui flottent;raft, boat, small vessel made of a tree stem or sticks.;;raya;;;
rare;3;Nom;;grand étendu d'eau;big water surface;;;;;
ra-rogdre;;Nom;à;âge de quelqu'un;age of somebody.;;;;;
ra-roore;;Nom;à-ó;fréquentation du marché;frequenting the market.;ra-ronde, da roore;;;;
rasaare;;Nom;à-á-è;canne, bâton;walking stick, cane, rod, stick;dasaare, rasabre;rasaya;;;
ra-saasa;;Nom;à-á-à;percepteur de marché;market tax-collector.;;ra-saasdba;;;
rasãmba;;Nom;;jeunes hommes, beaux hommes;young men.;ra-sãmba;;;;
ra-sãn-boɛɛga;;Nom;à-à-ɛ́-à;personne servant d’intermédiaire entre les amoureux;person serving as intermediary between boyfriend and girlfriend;sor soaba;ra-sãn-boees e;Person;;
ra-sãnde;;Nom;à-á;beauté, élégance, harmonie;beauty, glamour, elegance, fanciness, harmony.;;;;;
ra-sãnga;;Nom;;bel homme, gentleman;nice / beautiful man, gentleman;da-sãnga;ra-sãmba;Person;;
rasãnga;;Nom;à-ã́;jeune homme, bel homme;young man;ra-sãnga;rasãmba;Person;;
rasem a yopoe;;expression;;semaine;week;;;;sɩmende, ra-yopoende, da-yopoende;
rasem a yopopoe fãa;;expression;;hebdomadaire;weekly.;;;;;
rasempʋɩɩga;1;Nom;à;terrain nu où rien ne pousse, désert, clairière;bare ground where nothing grows, desert, glade;;rasempʋɩɩse;Land;zĩ-peelle, tẽn-kʋɩre;
rasempʋɩɩga;2;Nom;;teigne, teigne tondant;tinea;;;Disease;;
rasma;;Nom;à-á;nombre de jours;number of days;raasem;;;raya;
rasmã noorã;;expression;;ces jours-ci;these days;;;;;
ra-taaga;;Nom;à-á;rival, co-épouse;rival, contender, co-wife;da-taaga;ra-taase;;;
ra-tãta;;Adverbe;à-ã́;dans 3 jours;in three days.;;;;;
rate;;Verbe;á-è;vouloir;want, to be willing to;date;;;;
ra-teedo;;Nom;;armes;arms, weapons;;;;zab-teedo;
ratem;;Nom;;volonté, souhait, désir, objectif;will, want, wish, desire, objective, goal, aim;;;;raabo2, tʋlsem;
ra-teoogo;;Nom;;arme;arm, weapon.;;ra-teedo;;;
rat-n-yɛɛlga;;Nom;á-ɛ̀-á;sens;sense;;;;võore2;
ra-wãada;;Nom;;menuisier;carpenter;;;Worker;minize;
ra-wẽnga;;Nom;à-é;personne vilaine, laide;nasty person, ugly person;;ra-wẽnse;;rasma;
rã-yiri;;Nom;;concession où on a préparé de la bière;compound where they prepare beer.;;rã-yiya;;;
ra-yɩta;;Adverbe;à-ɩ́;dans 2 jours, après-demain;in two days, after tomorrow;;;;;
ra-yopoende;;Nom;;semaine (lit;;;;;semende, rasem a yopoe;
rã-yũuda;;Nom;ã́-à;buveur, alcoolique;drunkard, alcoholic, drinker alcoholic.;;rã-yũudba;;;
rã-yũud-peoogo;;Nom;;ivrogne;drunkard.;;;;;
rã-yũuri;;Nom;;alcoolisme, fait de boire intempestivement de l'alcool;alcoholism, drunkenness.;;;;;
rayʋʋga;;Nom;à-ʋ́;rat voleur, rat de Gambie;giant Gambian rat, pouched rat;;rayʋʋse;Mammal;;
ra-zaan-daare;;Nom;à-á;jour ordinaire, jour de la semaine;ordinary day, day of the week.;da-zaan-daare;ra-zaan-daya;;;
rã-zãnde;;Nom;;hangar sous lequel on vends de la bière;shed under which one sells beer.;;rã-zãna;;;
ra-zĩndidga;;Nom;;séjour;stay.;;;;;
ra-zom;;Nom;;sciure;sawdust.;;;;;
ra-zũn-raoogo;;Nom;;espèce d'arbuste;kind of shrub;;;Bush, shrub;;
rẽ;;Pronom;ẽ́;cela, ainsi;that, so, therefore;rẽnda, rɩlla;;;;
rẽ loogr poore;;expression;;après;after;;;;rẽ poore;
rẽ n so;;conjonction;;à cause de cela, par conséquent;that's why, consequently, for the sake of;;;;;
rẽ poore;;conjonction;;après cela;after that;dẽ poore;;;rẽ loogr poore;
rẽ tɩ;;conjonction;;à ce moment, à l'époque;at that moment / time;;;;;
rẽ wã;;conjonction;;pour cela, donc;consequently, so;;;;;
rẽ wã yĩnga;;conjonction;;c'est pourquoi, à cause de cela, donc;that's why, therefore;;;;;
rẽ yẽ;;expression;;évidemment, naturellement;obviously, naturally.;;;;;
rebre;;Nom;é-è;natte en feuilles de rônier tressées;mat made of braided palm tree leaves.;;rɛba;;;
redse;;Verbe;é-è;contraindre;impose, coerce, constrain;dedse;;;;
reed-n-taaga;;Nom;è-á-á;camarade, compagnon de même classe d'âge, compagnon de jeu;comrade, companion of same age group, playmate, classmate.;;reed-n-taase;;;
rẽeg-bãnega;;Nom;;un trait fin;a thin line.;;;;;
reege;1;Verbe;é-è;prendre une chose qu'on donne;take something given, get;deege;reese;;;
reege;2;Verbe;é-è;remplacer, succéder, substituer;replace, succeed, substitute, to take over from;;reese;;;
rẽege;;Verbe;è;tracer, souligner, faire une marque, marquer;trace, underline, highlight, put a mark, to mark, make a line;;;;bẽege1;
reegr kaset sebre;;Nom;;reçu;receipt;;;Money;raab kaset sebre;
reegre;;Nom;é;acceptation, le fait d'accepter, d'être d'accord, réception;acceptance, accepting, agreeing, reception;deegre;;;;
rẽegre;;Nom;;un trait;line.;;;;;
rẽeg-taoko;;Nom;;un trait épais;a thick line.;;;;;
rẽeka;;Nom;é-á;tiret, trait d'union;dash, hyphen.;;;;;
kom-biisi reem;;Nom;èé;jeu, plaisanterie, spectacle, théâtre, divertissement, musique;game, joke, jest, spectacle, show, music, entertainment, party;;;;;
reem teoogo;;Nom;;jouet;toy.;;reem teedo;;;
reem-dɛɛma;;Nom;;joueur;player.;;reem-dɛɛmba;;;
reem-dɛɛmba;;Nom;è-ɛ́-á;danseur, joueur, donneur de spectacle;dancer, player.;;reem-dɛɛmdba;;;
reeme;;Verbe;è;jouer, plaisanter, donner en spectacle;play, joke, give a spectacle, to have fun;deem;;;yubsi1;
reem-poaka;;Nom;;belle-mère;mother-in-law;;;Relationships;paga ma, sɩd ma;
reendo;;Nom;;temps des fiançailles;time during engagement, betrothal;reemdo;;;pʋg-beolengo;
rẽenem;1;Nom;é;trace, marque;trace, mark.;dẽenem;;;;
rẽenem;2;Nom;é;antériorité, fait de précéder, premier;being earlier, pre-dating, preceding, first;dẽenem;;;;
rẽenga;;Adjectif;é;premier, antérieur, qui devance, précoce;first, primary, prime, previous to, be earlier, early, premature, earlier, preceding, former;;rẽemse;;;
reese;1;Verbe;é-è;prendre plusieurs choses qu'on donne;take several things given;;;;;
reese;2;Verbe;é-è;chanter un refrain;sing a refrain;;;;;
reesgo;;Nom;;reprise du refrain;repeating a refrain;;;;;
reezẽ;;Nom;é;raisin;grape;;;Food;nasaar-sibi;
reezẽ rãam;;Nom;;vin;wine;;;;sib-rãam;
reezõ;;Nom;;régions;regions;;;Government, Region;;
rẽgdo;1;Nom;ẽ́-ò;saleté;dirt;;;;rẽko;"yolemde1; synonyme: rẽko"
rẽgdo;2;Nom;;règles mensuelles de la femme, menstrues;period (to have one's monthly);;;;pekre1;
rẽgem;;Verbe;;salir, devenir impure;get dirty, spoil, impure;rẽgme;;;;
rẽgme;;Verbe;é-è;salir, être sali;soil, dirty (be / get), to dirty sth;dẽgme;;;;kaanse
rẽko;;Nom;;saleté, tache;dirt, stain;;;;sagdo, rẽgdo1;
relle;;Verbe;é-è;s'adosser, s'appuyer sur;lean back against, to lean on, lean back;delle;;;;
remse;1;Verbe;è;redresser;to straighten sth., put sth;demse;;;;
remsgo;;Nom;;correction;correction, correcting.;;;;;
rẽnda;1;Pronom;ẽ́;cela;that, this;;;;;
rẽnda;2;Nom;ẽ́;part qui revient à quelqu'un, appartenance;portion, share for somebody, belonging, property;;;;rɩlla;
rẽnda;3;auxiliaire;é;donc, par conséquent, logiquement, alors, dans ce cas;so, consequently, then, as a result, therefore;rɩlla;;;;
rẽnde;;Verbe;;falloir, être nécessaire, s'imposer;has to, be necessary, must;;;;;
rẽndẽnega;;Nom;è-é-à;petite ligne tatouée sur la joue;small tattoo on the cheek.;rẽndenega;rẽndẽnese;;;
rendeoogo;;Nom;è-é;sangsue;leech, bloodsucker;dendeoogo, rendere;rendeedo, rendeya;Small animals;;
rendge;;Verbe;è;être envahi, être plein d'un liquide qui stagne;be invaded, be full of a stagnant liquid;dendge;;;;
renge;;auxiliaire;è;devancer, précéder, faire d'abord, faire avant, d'avance;get ahead of, precede, first (do), to do before, be early;denge;;;;yaoole1
renge;2;Verbe;;commencer par;begin with.;;;;;
reng-n-loak sor sɩngre;;expression;;indication de caractère prioritaire;priority road sign;;;7;;
reng-n-loak-sor-saabo;;expression;;fin de caractère prioritaire;end of priority road sign;;;7;;
reng-renge;1;Adjectif;é;effilé et long;slender, slim and long;rẽng-rẽnge, reb-rebe;;;;
reng-renge;2;Nom;è-é;course, compétition, jeu de concurrence;race, competition.;;;;;
reonfo;;Nom;é;couscoussier;steamer for cooking.;;;;;
reongo;;Nom;é;parc, enclos;fold, cattle kraal, enclosed space;rengo;rendo;Animal husbandry;rũm-rende, zĩig sẽn gũbgi;
reoogo;;Nom;è-ó;phacochère, sanglier;warthog, bush-pig;;reto;Mammal;;
reoolgo;;Nom;;protoptère, anguille;lungfish, eel;;reendo;Fish;;
reoosgo;;Nom;é-ó;refrain;refrain.;;reese;;;
repibliki;;Nom;;république;republic;;;;zamaana;
resge;;Verbe;è;foirer, se gâter, être fichu;go awry, go wrong, mess up, be spoiled;desge;;;;
revolisiõ;;Nom;;révolution;revolution;;;;tedg-pãnga, tẽdg-sõngo;
reyõ;;Nom;;rayon;radius, shelf, ray.;;;;;
rɛ;;Verbe;;flotter, surnager;to float, stay afloat, to be on the surface, to be floating on the surface;;;;;
rɛɛge;;Verbe;ɛ́-è;remonter à la surface;raise to the surface, to float up to the surface;;rɛɛse;;;
rɛɛmba;;Nom;ɛ̀-á;beau-parent, beau-père, belle-mère, gendre;in-law, father-in law, mother-in-law, son-in-law;;rɛɛm-dãmba;Relationships;;
rɛɛme;;Verbe;ɛ́-è;flâner parce que désœuvré;mooch around, saunter, stroll for leisure.;;;;;
rɛlenga;;Adjectif;ɛ́-á;incliné, penché;inclined, tilt, bent over, slant.;;relense;;;
rɛnga;;Nom;ɛ̀-á;manche de louche;shaft of ladle.;;rɛmse;;;
rɛnglga;1;Adjectif;ɛ̀;mince, fluet;slender, wiry, thin, slim, weak;;renglse;;;
rɛnglga;2;Nom;;règle;ruler, drawing-rule;;renglse;Tool;rul-bẽesdga;
rĩ;;Verbe;í;appuyer sur, presser, étouffer (une affaire);push, squeeze, lean, press on, quell;dĩ;;;;
ribga;1;Nom;ì-á;barre de cuivre;copper rod.;;ribsi;;;
ribga;2;Nom;;hampe de lance;rod of a spear;;;;;
ribla;1;Nom;ì-á;brindille;a twig, sprig, small stick.;;ribli;;;
ribla;2;Nom;í-á;petit mâle;young male, small male;;ribli;;;sada, sadga
ribsi;;Verbe;í-ì;branler, trembler, devenir faible;wobble, tremble, shake, be loose, falter, weaken;dibsi;;;;
ridgi;;Verbe;í-ì;presser, masser;squeeze (single instance), weigh down, press, massage;;ridsi, riidi;;;
riga;;Adverbe;;sans bouger, imperturbable;without moving, stand still, unconcerned;diga;;;;
rigbu;1;Nom;;tremblement;trembling;;;;miuungu;
rigbu;2;Nom;;action de chasser pour faire fuir / éloigner, congédier, renvoyer, divorcer;hunting, firing, dismissing, chasing away, sending away, sacking, divorcing;;;;;
rigi;1;Verbe;í;trembler;tremble, quake, shake, shiver with;;;;yome;
rigi;2;Verbe;ì;chasser pour faire fuir / éloigner, congédier, renvoyer, divorcer;hunt, fire, dismiss, to chase away, send away, sack, divorce;digi;;;;
rigi;3;Verbe;ì;aller, se rendre à;go, travel to;;;;kẽnge;
rigimdi;;Verbe;í-ì;faire sursauter, tressaillir;startle, scare, suddenly surprise;;;;;
rigli;;Verbe;ì;durcir;harden.;riglmi;;;;
riglimdi;;Adjectif;;durci, raide;hardened, stiff;;riglma;;;
rignoore;;Nom;ì-ó-è;porte, ouverture;doorway, door, room opening;ragnoore;rignoya;;;
rigno-pĩiri;;Nom;ì-ó;petite natte servant de porte;small mat used as door.;ragno-pĩiri;rigno-pĩya;;;
rig-rigi;1;Nom;ì-í;grelottement, paludisme;shivering, malaria;;;Disease;;
rig-rigi;2;Nom;ì;surexcitation, peur manifestée par un comportement désordonné;overexciting, fear expressed in strange behaviour.;;;;;
riidi;;Verbe;;presser, masser écraser;to press, squeeze.;;;;;
rĩiri;;Nom;ĩ́-ì;front;forehead;;rĩya;Body;;
rilsindi;;Adjectif;ì-í;dur, endurci;hard, hardened;;rilsinsi;;;
rĩma;;Nom;í-à;souverain, roi;paramount chief, king.;;rĩm-dãmba;;;
rimaasa;;Nom;;dimanche;Sunday;dimaasa, rɩmaasa, zĩmaas;;;hato;
rĩmi;;Verbe;í;branler, trembler;wobble, tremble;;;;;
rĩm-poaka;;Nom;;reine;queen.;;;;;
rĩmsi;;Verbe;í-ì;faire trembler, secouer;shake, cause to tremble;dĩmsi;;;;
rindisga;;Nom;ì-í-à;caracal, lynx africain;African lynx, caracal, desert lynx;dindisga;rindissi;Mammal;;
rindiubgu;;Nom;í;termite ailé;winged termite;dindiubgu, rindiuku;rindibdu;Insect;;
rindiuku;;Nom;;termite ailée;winged termite;rindiubgu;rindibdu;Insect;;
rĩngi;;Verbe;í-ì;tordre des fils pour les entrelacer et en faire une corde;twist, wrench threads to make a string / cord;dĩngi;;;;
ri-pao;;Nom;;plante (espèce);plant sp;ripo;;Grass, herb, vine;kinkirs wũmbla;
ripoore;;Nom;ì-ó-é;espace derrière la maison;space behind the house, area behind the house, backyard, home-farm, toilet area.;rapoore, ragempoore, rigimpoore;;;;
risga;;Nom;í-à;cordonnet, franges;cord, fringes.;;rissi;;;
rĩungu;;Nom;ĩ́-ù;royaume;kingdom, chiefdom;rĩungu;rĩmdu, rĩndu;Government, Region;;
rĩ-y;;expression;;cliquez sur;click on;;;computer / digital;;
rɩ;;Verbe;ɩ̀;manger, consommer, restaurer;eat;dɩ;;;;yũ
rɩ naam;;expression;;régner, devenir chef;to reign, to be / become chief.;;;;;
rɩbdo;;Nom;ɩ́;aliments;foods.;;;;;
rɩda;;Nom;ɩ́-à;jeu de marelle;hopscotch game.;dɩda;;;;
rɩdge;;Verbe;ɩ̀;presser contre, mettre contre;press against;dɩdge;rɩdse, rɩɩde;;sẽke2;
rɩẽ;;Nom;ɩ́;l'an passé;last year;dɩẽ;;;dɩɩgẽ;
rɩga;;Adverbe;;dur au toucher;hard in touching;;;;;
rɩge;;Verbe;ɩ́-è;être à terre (objet);be on the ground (object);;;;;
rɩgle;;Verbe;ɩ́-è;poser une chose, mettre à terre;put down one thing, install, put on the ground, to put sth;dɩgle, rɩglge;;;;
rɩglgo;;Nom;ɩ́-ó;position;position;;;;yasre;
rɩgre;1;Nom;ɩ̀-é;nain;dwarf;degre, rɩgre;rɩga;Person;;
rɩgre;2;Nom;;terrain, petite superficie inculte;ground, terrain, small piece of not farmed land;;;Land;;
rɩg-rɩge;;Adverbe;ɩ́;fermement, solidement;firmly, tightly, solidly, securely;;;;;
rɩgse;;Verbe;ɩ́-è;ramasser plusieurs choses;gather several things.;;;;;
rɩgsgo;;Nom;;récolte de haricots;harvest of beans;;;Agriculture;nogbo2;
rɩɩb bʋkr so-tũudga;;Nom;;tube digestif;alimentary canal.;;;;;
rɩɩb bʋkr te-saka;;Nom;;appareil digestif;digestive system.;;;;;
rɩɩb bʋkre;;Nom;ɩ́;digestion;digestion.;;;;;
rɩɩb roogo;1;Nom;;restaurant;restaurant;;;Building;;
rɩɩb roogo;2;Nom;;salle à manger;dining room;;;Building;;
rɩɩb yamleoogo;;Nom;;appétit;appetite.;;;;;
rɩɩbã bĩngri;;expression;;conservation des aliments;food preservation;;;;rɩɩbã koglgo;
rɩɩbã koglgo;;expression;;conservation des aliments;food preservation;;;Food, Agriculture;rɩɩbã bĩngri;
rɩɩbo;;Nom;;repas, nourriture, alimentation, aliment;food;dɩɩbo;;Food;;
rɩɩme;;Verbe;ɩ̀;mettre à sécher, étendre au soleil pour faire sécher;to spread sth;dɩɩme;rɩɩmda;;yadge, yadge;
rɩkda;;Nom;;transporteur;carrier, road haulier.;;;;;
rɩke;1;Verbe;ɩ́-è;prendre une chose qui est posée, ramasser;take up something, gather up, pick up, to pick up from the ground;dɩke;;;;
rɩke;2;Verbe;;recopier;copy, recopy;;;;ges n gʋlse;
rɩke pʋga;;expression;;tomber enceinte;get pregnant;;;;;
rɩ-kɩɩmdem;;Nom;;frites;fries;;;Food;;
rɩkre;;Nom;;transport;transport.;;;;;
rɩlg kõnte;;Verbe;;alimenter un compte;put money on an account, to feed money into an account;;;Money;;
rɩlge;;Verbe;ɩ̀;nourrir, alimenter;nourish, nurture, feed sb;dɩlge;;;;
rɩlgre;;Nom;;alimentation, nutrition;feeding,, nutrition.;;;;;
rɩlla;;Nom;;part qui revient à quelqu'un, appartenance;portion, share for somebody, belonging;dɩlla;;;rẽnda2;
rɩlsa;;Nom;ɩ̀-á;éléments nutritifs;nutritious elements.;;;;;
rɩ-paoore;;Nom;;malnutrition;malnutrition;;;Food;;
rɩ-pʋɩta;;Nom;;serveur, serveuse;waiter, waitress;;;Worker;;
rɩt pʋɩɩbo;;expression;;divisibilité;divisibility;;;Mathematics;;
rɩta;;Nom;ɩ́;mangeur;eater;;rɩtba;;;
rɩtenga;1;Nom;ɩ̀-á;prédateur;predator.;dɩtenga;rɩtense;;;
rɩtenga;2;Nom;ɩ̀-á;qui mange beaucoup;who eats a lot.;;rɩtense;;;
rɩtg baobgo;;expression;;nord;north.;;;;;
rɩtga;;Nom;ɩ̀;cuillère, qui sert à manger;spoon, that serves to eat;;rɩtse;Tool;kʋyɛɛre, kʋyɛɛre;
rɩtgo;;Nom;ɩ̀-ó;droite, à droite, côté droit;right side;rɩʋtgo;;;;
rɩtla;;Nom;;ce qu'on peut manger, aliments;that can be eaten, eatable things, foods.;dɩtla;rɩtlɩ;;;
rɩt-n-taaga;;Nom;;copain;friend, peer;;;;;
rɩʋtg gõdgr no-moadgdga;;expression;;Direction obligatoire à la prochaine intersection: à droite;turn right ahead;;;7;;
rɩʋtg gõd-wẽnga;;Nom;;panneau virage à droite;bend to right;;;7;;
rɩʋtgo;;Nom;;droite, à droite, côté droit, nord;right hand, right-hand, north.;rɩtgo;;;;
rɩ-zeremse;;Nom;;morceaux de nourriture, miettes de nourriture;bits of food, crumbs of food.;;;;;
ro;;Verbe;;fréquenter, courtiser une femme / fille;visit, pay court to, woo, date, go out with, to court (a woman);do;;;;
roaaba;;Nom;;robe;dress, robe, gown;;;Clothing;;
rõaaga;;Nom;;néré (arbre);tree sp, dawadawa tree;rõoga, dõaaga;rõose;Tree;;
rõaandga;;Nom;;héron cendré;Grey heron;;;Bird;raongo;
rõaasdga;;Nom;ò;moule;mould.;;rõosdse;;;
rõabga;;Nom;;position accroupie;squatting position.;dõabga;;;;
rõadga;;Nom;;calomnie, accusation;defamation, calumny, accusation;dõadga;;;rõdbo;
roagda;;Nom;ó;parent;parent;;roagdba;Relationships;;
roagenga;;Nom;ó;animal qui a nouvellement mis bas;animal that just gave birth;doagenga;rogense;;;
roaglga;;Nom;ó;surplus, ce qui s'ajoute au principal, au capital, annexe;surplus, that is on top of the main thing, annexe, adjoining, attached, additional.;;roglse;;;
rõandã;;Nom;ṍ-ã́;cette année;this year.;;;;;
rõandõaaga;;Nom;;arbre (espèce);tree sp;dõsendõaaga;;Tree;dõsendõaaga;
rõata;;Nom;;tentateur;tempter;;;;;
rõbe;;Verbe;õ̀;être accroupi;to crouch, be in crouching position, squat down (be);dõbe;;;;
rõbende;;Verbe;õ̀;s'accroupir;crouch down, squat down, hunker down, bow down, go into a crouch;;;;;rõbge
rõbendge;;Verbe;ò;faire accroupir;to make sb;dõbendge;;;;
rõbge;;Verbe;ó-è;redresser ce qui est accroupi;to lift sb;dõbge;rõbse;;;rõbende
robini koom;;Nom;;eau courante;running water, tap water.;;;;;
robre;;Nom;ó-è;son (de mil, de maïs etc.), eau contenant du son;bran (of millet, sorghum, corn etc.), water containing bran.;dobre, roobre;;;;
rõbre;;Nom;;plante (espèce) qui pousse particulièrement sur les termitières;plant sp that grows particularly on termite hills;;rõaba;Grass, herb, vine;;
rõdbo;;Nom;;accusation;accusation;;;;rõadga;
rõde;;Verbe;ò;calomnier, diffamer, accuser injustement;slander, vilify, defame, libel, accuse unfairly / unjustly;dõde;;;kãne;
rodemde;;Verbe;ó-è;croître en hauteur;grow in height, get taller;dodemde;;;;
rõdge;;Verbe;ó-è;déboîter, se désarticuler;dislocate;dõdge;rõdse;;;
rodse;;Verbe;ó-è;se courber;stoop, bend down, hump one's back, curve;dodse;;;;
roelle;;Nom;;amant (e), ami (e) du sexe opposé;lover, friend of opposite sex, darling.;doelle;roelsen-dãmba;;;
ro-gãaga;;Nom;ò-ã̀-à;chambre à coucher, logement;bedroom, sleeping room, housing, accommodation;;ro-gãase;Building;;
rogd-n-taaga;;Nom;ò-á-á;personne née à la même période qu'un autre;person born in the same time period like another,peer.;;rogd-n-taase;;;
roge;;Verbe;ò;accoucher, mettre au monde, engendrer;give birth, engender, father, bring forth;doge;;;;
rogem;;Nom;ó;accouchement;giving birth;dogem;;;;
rogem kaset sebre;;Nom;;jugement supplétif d'acte de naissance;substitute birth certificate, supplementing a birth certificate;;;Government;;
rogem sebre;;Nom;;acte de naissance;birth certificate.;;;;;
rogem yaagre;;Nom;ó-é á-é;espacement des naissances;spacing of birthrate, birth control;;;;;
ro-gilgu;;Nom;;case ronde;round hut.;;;;;
rogl samde;;expression;;amender;to amend, improve, enrich.;;;;;
rogle;;Verbe;ò;poser, mettre sur;put sth;dogle;roge, roglme;;;roke
rog-m-miki;;Nom;;coutume, habitude, tradition;custom, habit, tradition;;;;kʋdemde1, miningu;
rog-ne;;Nom;ò-é;inné;inborn, congenital.;dog-ne, rog-nengo;;;;
rog-neongo;;Nom;ò-éo-ó;congénital (de naissance);congenital, inborn;dog-neongo;;;;
rog-n-mik nanambse;;expression;;autorités coutumières, chefs coutumiers;traditional leaders;;;Government;;
rog-n-miki;;Nom;;traditions (lit;;dog-n-miki;;;;
rog-pa-tare;;Nom;ò-á;prématuré, né avant terme;unripe, born prematurely;;;;rog-tɩ-pata;
rogse;1;Verbe;ò;aider à accoucher;to help in giving birth, to assist at a birth, act as a midwife;dogse;;;;
rogse;2;Nom;ò-é;appareil génitale interne de la femelle, utérus;internal genital apparatus of female, womb, uterus;dogse;;Body;;
rog-taase;;Nom;ò-á;personne de même âge, pairs;person of the same age, peer, peerage.;;;;;
rog-tɩ-pata;;Nom;;prématuré, né avant terme;unripe, born prematurely;;;;rog-pa-tare;
rog-toogo;;Nom;ò-ó-ó;accouchement difficile;difficult childbirth, difficult delivery .;;rog-toodo;;;
rog-vaka;;Nom;;utérus;uterus;;;Body;gel-vaka;
rog-wʋʋga;;Nom;;col de l’utérus;cervix uteri;;rog-wʋʋse;Body;;
rok sũuri;;Verbe;;se venger, se défouler;avenge, calm down, let off steam, revenge;doke;;;;
ro-kãada;;Nom;ò-á;femme mariée;married woman.;;ro-kãadba;;;
ro-kãam;;Nom;ò-á;suie;soot.;ro-kãama;;;;
ro-kasenga;;Nom;;immeuble;building, block of flats;;;Building;;
roke;;Verbe;ò;enlever le dessus, prendre ce qui est posé sur;to take sth;;rogse;;;rogle
rokr geelgo;;Nom;;calcul de bénéfice;profit accounting, surplus profit, calculation of profit;;;Mathematics;yõod geelgo;
rokre;;Nom;ò-é;bénéfice;profit, gain;;;Money, Mathematics;yõodo;
role;1;Verbe;ò;compenser, rétribuer;compensate, remunerate, reward, pay, repay;dole;;;;
role;2;Verbe;ò;mettre une cale pour immobiliser;put a wedge, chock (to stop sth;dole;;;;
rolemdo;;Nom;;amour libre, amitié entre personnes de sexe opposé;love, friendship between persons of opposite sex.;roelemdo;;;;
rõlge;;Verbe;ó-è;étirer;to stretch sth;dõlge;;;rõnege;
rõmbre;;Nom;ò-è;espèce de gros anneau en cuivre qu'on porte au pied;kind of heavy ring that one wears on the leg;dõmbre;rõamba;Adornment;;
rondo;;Nom;ó;rétribution, compensation en échange d'un médicament reçu;compensation, something given in exchange for medicine received.;;;;;
rõnege;;Verbe;ó-è;s'étirer, allonger;stretch self, elongate, lengthen;dõnege;rõnese;;rõlge;
rõodo;;Nom;ò-ó;gousse de néré;dawadawa pods;;;Food;kõaada;
roog mams-rẽesdem;;Nom;;plan d'une maison;map of a house;roog naan-rẽesdem;;Building;;
roog noor fuugu;;Nom;;rideau;curtain.;;;;;
roog noore;;Nom;;porte;door;;;;;
roog rɩkre;;Nom;;louange;praise;;;;pẽgre;
roog sẽn koosd teedo;;Nom;;supermarché;supermarket, department store;;;Building;;
roog teedo;;Nom;;affaires;household things, belongings;;;Household equipment;;
rooge;;Verbe;ó-è;redresser (se), lever (se);to erect, rectify, to put sth;dooge;roose;;kɩlse;"zaoonde; synonyme: kɩlse"
roogo;1;Nom;ò-ó;maison, case, chambre, bâtiment;house, room, hut, building;doogo;roto;Building;;
roogo;2;Nom;ò-ó;case (mathématique);box, field (mathematics);;doto;Mathematics;;
roogo;3;Nom;;cage;cage.;doogo;roto;;;
rõogo;;Nom;õ̀-ó;fruit du néré, poudre ou farine du néré, gousse du néré;dawadawa-pod /fruit, dawadawa powder;;rõodo;Food;;
rõonde;;Nom;ó;oiseau (espèce);bird sp;;rõaana;Bird;;
rõone;;Verbe;;s'étirer;stretch oneself;dõone;;;;
roore;1;Nom;ó-è;bâton mince et crochu à une extrémité et servant d'arme;a thin stick with a hock at one end used as an arm.;;roaya;;;
roore;2;Nom;ó-é;fréquentation;frequenting, attendance, visiting;;;;;
rõose;1;Verbe;ò;armer, tendre un arc, se tenir prêt à tirer;get armed, draw a bow, be ready to shoot;dõose;;;;
rõose;2;Verbe;ò;prélever quelque chose de pâteux et le disposer par petits tas;take away portions of dough and make small heaps of it;;;;;
rõose;3;Verbe;ó-è;faire de buttes autour d'une plante en cultivant;farm in making heaps of earth around plants to strengthen them;dõose;;Agriculture;;
rõose;4;Verbe;ò;délimiter en traçant;mark out by drawing a line.;;;;;
rõose;5;Nom;ó;antidote;antidote;dõose;;;yĩidu;
rõosentilli;;Nom;;fleur du néré;flower of dawadawa tree.;;rõosentila;;;
rõ-peko;;Nom;;espèce d'arbre;kind of tree;;;Tree;;
ro-pʋga;;Nom;;salle;hall, room;;;Building;;
rõsendõaaga;;Nom;;espèce d'arbre ressemblant au néré;kind of tree similar with the dawadawa tree;;rõsendõose;Tree;;
rosge;;Verbe;ò;couper d'un seul coup l'extrémité supérieure;cut in one go the upper end;dosge;rose;;;
ro-tomdem;;Nom;;étage;floor, storey, level;;;Building;;
ro-vɩʋʋgo;;Nom;;maison vide;empty house;;;;;
ru;1;Verbe;ú;frotter;rub, polish.;du;;;;
ru;2;Nom;ú;roue;wheel.;;ru-rãmba;;;
rudgi;;Verbe;;écorcher;to skin, flay (single instance), remove the skin of a dead animal, abrade;dudgi;ruudi;;sɩɩge;
rudumdi;;Nom;ú;herbe (espèce) qui pousse dans les bas-fonds et sert pour la vannerie;grass sp growing in the shallows / valleys used for basket work;;rudma;Grass, herb, vine;;
rudunu;;Nom;;espèce d'herbe;kind of grass;duduna;;Grass, herb, vine;;
rugda;;Nom;ú-à;nageur;swimmer.;;rugdba;;;
rugdga;;Nom;ú-á;nageoire;fin, paddle;;;Parts of an animal;;
rugi;;Verbe;ú;nager;swim;dugi;;;;
rugsi;;Verbe;ú-ì;aider à traverser à la nage;to make sb;;;;;
ruka;1;Nom;ú-à;baignade, nage;bathing, swimming;;rugsi;Water;;
ruka;2;Nom;ú-à;période de crue, inondation;flood, flood-season, period of flood, overflowing, inundation.;;;;;
ruki;1;Verbe;ú-ì;être rempli plus haut que le bord, inonder;be full over the rim, to flood, overflow;;rugsi;;;
ruki;2;Verbe;ù;s'élever (poussière, nuage etc.);raise (dust, cloud).;duki;rugsi;;;
ruku;1;Adjectif;ù-ú;qui apparaît, saillant;that appears, salient, prominent, remarkable;duku;rugdu;;;
ruku;2;Nom;ú-ù;ballot enveloppé d'étoffe;bolt of cloth.;;rugsi;;;
rul-bẽesdga;;Nom;;règle;ruler, drawing-rule;;;Tool;rɛnglga2;
rulga;;Nom;ú-à;colonne, ligne, rangée, rang;column, line, line-up, row, rank.;dulga;rulsi;;;
rulg-lelemde;;Nom;;fleur (espèce);flower sp;;rulg-lɛlema;Grass, herb, vine;;
rul-gongo;;Nom;ú-ó-ó;ligne courbe;curved line;;;Mathematics;;
rulg-rulga;;Adverbe;ú-à;en ligne;in line.;;;;;
rulgu;;Nom;ú-ù;grand calao d’Abyssinie;ground Hornbill;dulgu;rulsi;Bird;;
rul-kaoodem;;Nom;ú-áo-é;ligne brisée;broken line;;;Mathematics;;
rul-lugsi;;Nom;;méridien;meridian;rul-tiidsi;;Land;;
rul-paadre;;Nom;;parallèle;parallel;;;Land;;
rul-paadsẽ;;Nom;;latitude;latitude;;;Land;bĩin-paadse;
rul-tiidsi;;Nom;;droites perpendiculaires;perpendicular lines;;;Mathematics;;
rul-tĩisi;;Nom;;perpendiculaires (côtés);perpendicular (sides);kog-sussi;;Mathematics;;
rul-tɩrga;;Nom;;ligne droite;straight line;;;Mathematics;;
rul-yegds yãremde;;expression;;parallélogramme;parallelogram;;;Mathematics;;
rul-yɛgdga;;Nom;ú-ɛ́-á;ligne parallèle;parallel line;;rul-yɛgdse;Mathematics;;
rũm-bĩisa;;Nom;;mammifère;mammal.;rũm-bĩsa;;;;
rũmdi;;Nom;ṹ;genou;knee;rũndi, dũmdi;rũma, rũna;Body;;
rũm-doogo;1;Nom;;cage;cage.;;;;;
rũm-doogo;2;Nom;;troupeau;herd, flock;;;Animal husbandry;bãgre1;
rũm-fuuri;;Nom;ù-ú;troupeau;herd (of animals), flock, troop (of animals);;;Animal husbandry;bãgre1;
rũmi;;Verbe;ũ̀;mordre;to bite, sting;;;;gasge, yĩigi1;
rũm-koobo;;Nom;ù-ó-ò;culture attelée;farming with help of animal labour.;;;;;
rũm-kuri;;Adverbe;ù;sur les genoux nus;on naked knees;;;;;
rũm-kũuri;;Nom;ù;charrue;plough, plow;bõn-kũuri;;Agriculture;subdri, wãka, bõan-kũuri;
rũm-n-kaoog-sɛɛga;;Nom;;guêpe (espèce) dont la piqûre est très douloureuse;wasp sp of which the sting is very painful;rũminkaoogsɛɛga;rũm-n-kaoog-seese;Insect;;
rũmpigla;;Nom;ù-á;petite mouche à miel;small honey-fly;;rũmpigli;Insect;;
rũm-pɩgsa;;Nom;;volaille, basse-cour;poultry, fowls;;;Animal husbandry, Bird;tar-pɩgsa;
rũm-rende;;Nom;;parc, enclos (pour animaux);fold, cattle kraal, closed space for animals;;;Agriculture;reongo, bʋ-reongo;
rũmrũmbi;;Nom;;plante (espèce) à forte odeur;plant sp with strong odour;;;Grass, herb, vine;sũmwaaga;
rũms logtore;;Nom;;vétérinaire;veterinary;;;Worker;niig-logtore;
rũms sõor sẽn yɩɩd zĩ-yɛng wãbnego;;expression;;surpâturage;overgrazing;;;Animal husbandry;;
rũmsã gõ-yaarã;;expression;;divagation des animaux;straying animals;;;Animal husbandry;;
rũmsã wãbneg zĩiga;;expression;;pâturage;pasture;;;Agriculture, Animal husbandry;kɩʋʋngo, wãbneng zĩiga, wãmneg zĩiga;
rũm-sa-pɛɛga;;Nom;;rotule;kneecap, patella;;rũm-sa-peese;Body;rũnd-piku;
rũmsi;1;Verbe;ù;racler, nettoyer avec le doigt;scrape off, clean with finger;;;;;
rũmsi;2;Nom;;bétail;cattle, livestock;;;Animal husbandry;;
rũm-toaaga;;Nom;;animal féroce;ferocious animal.;;;;;
rũm-tulli;;Nom;ù-ú;lézard (espèce);lizard;rũmtulli;rũm-tula;Reptile;;
rũm-yãanga;;Nom;;anophèle;anopheles;;;Insect;;
rũnda;;Nom;ṹ-á;aujourd'hui;today;dũndã;;;;
rũnd-piku;;Nom;;rotule;kneecap, patella;;;Body;rũm-sa-pɛɛga;
runduudu;;Nom;;espèce de cobra;cobra snake;;runduudu;Reptile;;
rũng noore;;Nom;;gueule;mouth of an animal;;;Parts of an animal;;
rũnga;1;Nom;ṹ;animal (à 4 pattes), bête;animal (general term, animal having four legs), beast.;dũnga;rũmsi;;;
rũnga;2;Nom;ṹ;moustique;mosquito;dũnga;rũmsi;Insect;;
rũngi;;Verbe;ú-ì;serrer un pagne autour de la poitrine;tighten a cloth around the chest;dũngi;;;moke1, moke1;
rũng-rũngi;;Nom;;espèce de plante;kind of plant;;;Grass, herb, vine;;
rũngrũngi;;Nom;;plante (espèce) à forte odeur;plant sp with strong odour;;;Grass, herb, vine;sũmwaaga;
rũng-rũng-yãanga;;Nom;;espèce de plante;kind of plant;;;Grass, herb, vine;;
rũniya;;Nom;ṹ;monde, univers;world, universe.;dũniya, rũni, dũni, rũniya;;;;
rũnugi;;Verbe;ú;s'aligner;line up, range;dũnugi;rũnusi;;tonge;
ruruugu;1;Nom;ù-ú;cobra cracheur, naja,;black necked spitting cobra;runduugu;ruruudu;Reptile;;
ruruugu;2;Nom;;espèce de vipère;kind of adder;;ruruudu;Reptile;;
ruudga;1;Nom;;vièle monocorde, violon;one string lute, violin, fiddle;duudga;ruudsi;Musical instrument;;
ruudga;2;Nom;ú-à;petite boîte pour râper la cola;small can / tin used to rasp cola nuts;;ruudsi;Tool;;
ruudi;;Verbe;;écorcher;to skin, to flay;;;;sɩ;
ruugi;;Verbe;;frotter, frôler, passer de très près;rub, chafe, brush against, graze, touch lightly when passing;duugi;;;;
ruzãnte;;Nom;;jante;wheel, rim.;;;;;
rʋ;1;Verbe;ʋ́;monter, grimper;mount, climb, ascend, to go up;dʋ;;;;sigi1
rʋ;2;Nom;ʋ̀;accoupler (en parlant des animaux), saillir, couvrir une femelle;to mount (animals breeding), mate (speaking of animals);;;;;
rʋba;;Nom;ʋ́-à;encre;ink;;;;ãnkre, gʋls-koom;
rʋdge;;Verbe;ʋ́-è;casser à la jointure;break at the joint;dʋdge;rʋdse;;;
rʋdre;1;Nom;;articulation;articulation, knuckle, joint;;rʋda;Body;sũgdga;
rʋdre;2;Nom;ʋ́;nœud, vertèbre;node, knot, vertebra;dʋdre;rʋda;Body;;
rʋgbo;;Nom;;cuisson;cooking;;;;;
rʋgdgo;;Nom;ʋ́;cuit;cooked;dʋgdgo;;;;
rʋge;;Verbe;ʋ́;cuire, bouillir;cook, boil, stew;dʋge;;;;
rʋgle;;Verbe;ʋ́-è;mettre sur le feu, mettre à bouillir;put (pot) on the fire to boil / cook, put a pan to cook;dʋgle;;;;
rʋke;1;Verbe;ʋ́-è;cesser le jeu, faire cesser le jeu;stop a game, cause a game to stop;dʋke;rʋgse;;;
rʋke;2;Verbe;ʋ́-è;désarticuler;dislocate;;;;;
rʋke;3;Verbe;;frimer, se donner des airs;swank, show off, put on airs;;;;;
rʋko;;Nom;;marmite;pan, cooking-pot, pot.;dʋko;rʋgdo;;;
rʋla;;Adverbe;;de façon / attitude immobile;stock-still, motionless, blandly;;;;;
rʋlge;;Verbe;;faire les gros yeux;make big eyes;dʋlge;rʋlse;;;
rʋmde;;Nom;ʋ̀-é;épouse préférée;preferred wife;;;;;
rʋmse;;Verbe;;travailler ou se comporter pour devenir la préférée;work hard or behave in a way to become the preferred.;dʋmse;;;;
rʋre;;Nom;ʋ́;tas;a heap, pile;;rʋya;;;
rʋʋbo;;Nom;;escalade, action de grimper;climbing;;;;;
rʋʋde;;Verbe;ʋ́-è;uriner;urinate;dʋʋde;;;baoole;
rʋʋdem;;Nom;ʋ́-é;urine;urine;;;;rʋʋd-koom;
rʋʋdem sore;;Nom;;urètre;urethra;;;;yo-kosĩindga;
rʋʋdga;;Nom;;échelle;ladder;;;;raodgo1;
rʋʋd-kiuugu;;Nom;;vessie;bladder;;rʋʋd-kiidu;Body;;
rʋʋd-koom;;Nom;;urine;urine;;;;rʋʋdem;
rʋʋd-koom bãaga;;expression;;maladie urinaire;urinary tract disease;;rʋʋd-koom bãase;Disease;;
rʋʋd-ko-rʋʋdgo;;Nom;;énurésie;enuresis, bed-wetting;;;Disease;gã-pʋkre;
rʋʋd-ko-sore;;Nom;;uretère;ureter;;rʋʋd-ko-soya;Body;;
rʋʋd-ko-soy-bãaga;;Nom;;affection urinaire;urinary disorders;;rʋʋd-ko-soy-bãase;Disease;;
rʋʋdre;1;Nom;ʋ́-é;mal de ventre accompagné de diarrhée;stomach-ache accompanied with diarrhoea;dʋʋdre;;Disease;;
rʋʋdre;2;Nom;ʋ́-é;lieu de passage où l'eau est peu profonde, gué;place where you can pass through a river and it is not deep, ford;;;Water;;
rʋʋd-sẽnega;;Nom;;bilharziose;bilharzia, bilhaziosis;;rʋʋd-sẽnse;Disease;pʋg-põaaga;
rʋʋge;1;Verbe;ʋ́-è;traverser une étendue d'eau;to cross over, get across water, cross water;dʋʋge;;;;
rʋʋge;2;Verbe;ʋ̀;poser plusieurs choses, mettre à terre, tomber en grand nombre;put down several things, fall in large numbers;dʋʋge;;;;
rʋʋgre;;Nom;;fait de traverser;crossing;;;;;
rʋʋnde;;Nom;;autre rive (ex;;;;Water, Land;;
rʋʋse;1;Verbe;ʋ́-è;faire monter;to lift up, raise, cause to go up / climb up, cause to mite (animal);;;;;
rʋʋse;2;Verbe;ʋ̀;mettre en tas;put in piles, to heap up, arrange in piles;dʋʋse;;;;
sa;1;Verbe;à;finir, achever user, tarir;end, terminate, finish off, complete, to wear out, to dry up, to finish sth;sae, sɛ;;;"baase1; antonyme: sɩnge1";sɩnge1
sa;2;Verbe;á;promener, flâner, errer, vagabonder;walk around, tramp, mooch around, saunter, ramble, err.;;;;;
sã;1;Verbe;;déféquer, faire des selles;defecate;;;Disease;;
sã;2;auxiliaire;á;si, quand, lorsque (conditionnel);if, when;;;;;
sã n ka;;expression;;si ce n'est pas;unless, if not;;;;;
sãab-beaooga;;Nom;;varicelle;chickenpox;;;Disease;tarmangãse;
sãabga;;Nom;à;calebasse taillée en forme de cuillère pour enlever le tô;a calabash ladle, piece of calabash cut into the shape of a spoon used to take out porridge;;sãabse;Tool;sutgu;
saabo;1;Nom;;promener (action de se);walking around;;;;yeebgo;
saabo;2;Nom;;fin, action de finir, bout;end, finishing;;;;;
sãado;;Nom;á;métier de forgeron;smith-craft, blacksmithing, blacksmith craft, blacksmith-work.;;;;;
saag bĩndu;;Nom;á-í-ú;champignon (espèce) qui pousse après la pluie;mushroom sp growing after rain;;;Moss, fungus, algae;;
saag bugum;;Nom;á-ú;maladie de la peau, cantharide;skin disease / irritation;sa-bugum;;;pusg-n-waag-ma1;
saag ko-zoetem;;expression;;eaux de ruissellement;water flowing;;;Weather, Water;;
saag noabga;;Nom;á-ó-à;arbuste (espèce);shrub sp;saag nenoabga, saag-noabga;saag noabse;Tree;;
saag pag a mina-mina;;Nom;;insecte rouge (espèce);kind of red insect;saag paa a nina-nina, saag paga-nimba-nimba;;Insect;;
saag sũpĩim;;Nom;;libellule (espèce de);dragonfly sp;;;Insect;naab sũpĩim;
saaga;1;Nom;á-à;balai;broom;;saase;Tool;;
saaga;2;Nom;á-á;pluie, précipitations;rain, precipitation, weather;;saase;;;
saaga;3;Nom;;espèce de plante;kind of plant;;;Grass, herb, vine;;
sãaga;;Nom;ã́-à;diarrhée;diarrhoea;;sãase;Disease;;
saagã yãbre;;expression;;tonnerre;thunder;;;Weather;sa-tãse;
saage;1;Verbe;à;estimer, proposer un prix à débattre;assess, evaluate, propose a price to debate;;;;barse, nandẽ;
saage;2;Verbe;á-è;caresser, passer la main sur;cherish, cuddle, caress;;;;;
saage;3;Verbe;á-è;aller ça et là, parcourir, errer;go here and there, travel / go around, scour;;;;;
saage;4;Verbe;à;espérer, escompter;hope, bank on;;;;;
sãage;;Verbe;ã́-è;passer sans s'arrêter, dépasser, passer au-delà;pass by without stopping, go beyond;;;;;
saag-gomtɩʋʋgo;;Nom;;arc-en-ciel;rainbow;;saag-gomtɩto;Weather, Sky;;
sãag-n-loaak gɩdgre;;expression;;interdiction de dépasser tous les véhicules à moteur autres que ceux à deux roues sans side-car;no overtaking;;;7;;
saagre;;Nom;à-é;subjonctif;subjunctive.;;;;;
saag-sõngo;;Nom;;espérance, espoir;hope;;;;;
saala;;Nom;;charbon;charcoal;;;;saan-kɩɩnga, zẽoongo;
saale;1;Verbe;à;louer, féliciter;praise, congratulate, compliment;;;;;
saale;2;Verbe;á;être lisse ou gluant;be smooth, sticky, slimy, slippery;;;;;
saale;3;Verbe;;être plein jusqu'aux bords;be full to the top (river);;;;;
saalem;1;Nom;;qui est utilisé pour rendre gluant;slippery / glutinous stuff, that is used to make slimy;;;;;
saalem;2;Nom;à;poudre de gombo;okra powder;;;Food;;
saalenga zuwoko;;Nom;;merle métallique à longue queue;long-tailed glossy starling;;;;;
saalga;;Adjectif;à-á;gluant, visqueux;sticky, slimy, viscous, slippery;;saalse;;;
saalle;1;Nom;á;charbon de bois;coal, charcoal;bug-saalle;saala;;saan-kɩɩnga;
saalle;2;Nom;à-é;silure;mud-fish;;saala;Fish;zĩm-saalle;
saalle;3;Adjectif;á;lisse, sans aspérité;smooth, without any roughness.;;saala;;;
sãam sũuri;;expression;;décourager, attrister;discourage, sadden.;;;;;
sãam tʋʋma;;expression;;gêner;disturb, bother.;;;;;
sãam yʋʋre;;Verbe;;diffamer;slander, defame.;;;;;
sãama;;Nom;;destructeur;destroyer.;;sãamdba;;;
saamba;;Nom;à-á;père, oncle paternel;father, uncle (father's side), paternal uncle;;saam-dãmba;Relationships;ba-namba, ba1;
sãamba;;Nom;à;fille à la naissance (appelée à se marier ailleurs);girl at her birth (she will get married somewhere else);;;;;
saam-biiga;;Nom;;frère ou sœur consanguin(e), parent du côté du père, cousin;brother or sister related through the father, parent from father's side, cousin;;saam-biisi;Relationships;ba-biiga;
saame;;Verbe;á-è;délayer;to mash, smash, mix solid into water, add water to;;;;;
sãame;;Verbe;à;gâter, abîmer, avarier, nuire, détruire;destroy, go bad, spoil, ruin, damage, harm;;;;;
sãana;;Nom;ã́-á;étranger (un), visiteur;stranger, guest, foreigner;;sãamba;Relationships;;
sãan-deegre;;Nom;;hospitalité;hospitality;;;;gãag sobendo, sãando, deegre;
sãando;;Nom;á-ó;hospitalité, fait d'être étranger, lieu où on est étranger;hospitality, being a foreigner, place where you are a foreigner;;;;sãan-deegre, deegre;
sãanga;1;Adjectif;ã́-á;étranger, nouveau;strange, new, foreign;;sãamse;;;
sãanga;2;Nom;à;destruction, nuisible, dégâts;destruction, dangerous, harmful, damage;;;;sãoongo;
sãan-kisgu;;Nom;;xénophobie;xenophobia.;;;;;
saan-kɩɩnga;;Nom;à-ɩ́;charbon;coal, charcoal;;;;saala, saalle1;
sãan-pɛɛlga;;Nom;;nouveau-né;newborn;pɛɛlga;sãan-peelse;;pɛɛlga2;
sãan-zõaaga;;Nom;;petite mouche d'un bleu métallique;small fly in blue metallic colour;;sãan-zõose;Insect;;
saaolgo;;Adjectif;ào-ó;gluant;slimy;saalgo;saando;;;
saas sẽn niid ne pãnga;;expression;;pluies torrentielles;torrential downpour;;;Weather;;
saasdga;;Nom;;lime;file;;;Tool;sõodga;
saase;1;Verbe;à;aiguiser, affûter, limer;sharpen sth., whet, to file;;;;;
saase;2;Verbe;;achever, terminer, faire en sorte que ça finisse;terminate, finish off, complete a task, conclude, bring to an end, to bring sth;;;;;
saasẽ;;Nom;;au ciel, le ciel;sky, heaven;;;Sky;;
sãase;;Verbe;ã́-è;peigner;comb;;;Travel;sa-gãne bõn-zɩtga;
saasẽ-saasẽ;;Nom;;très haut dans les cieux, élevé;very high in heaven;;;Sky;yĩngr-yĩngri;
saasga;;Nom;à;petite pierre plate servant à lisser le sol des maisons;small flat stone used to polish the floor of houses;;saasse;Tool;;
sãasga;;Nom;ã́-à;peigne;comb.;;sãasse;;;
sabaab wẽng sẽn tiig n wa;;expression;;catastrophe, événement brutal et dévastateur (qui cause de gros dégâts);disaster;;;;;
sabaabo;;Nom;;malheur, cause;woe, adversity, bad luck, misfortune, cause.;;;;;
sababo;;Nom;à-á-ò;intermédiaire, appui, ce qui peut occasionner quelque chose;intermediary, support, what can provide you with something;;;;;
sãb-bindu;;Nom;;démangeaison intense;itching (intense);;sãb-bina;Disease;sãbga2;
sabelle;;Adjectif;á-é;noir en un point, sur une petite surface;black at one place;;sabla;Colour;sablga;
sa-bɛd sẽn niid n kaoosdẽ;;expression;;pluies diluviennes;flood-like rain;;;Weather;;
sãbga;1;Nom;;arbre (espèce), résinier;tree sp, grape tree;sĩbga, sãmbga;sãbse;Tree;sibdga;
sãbga;2;Nom;;diurétique, mal de ventre accompagné d'éruptions cutanées, sorte de pyrosis se manifestant par des vomissements acidiques;diuretic, stomach-ache accompanied by skin problems;;sãbse;Disease;sãb-bindu;
sãbga;3;Nom;á-à;fouet;whip.;;sãbse;;;
sabge;;Verbe;á-è;en rajoutant par dessus, les uns sur les autres;adding on top, one into the other.;;sabe;;;
sãbge;;Verbe;à-è;devenir ou rendre fade;become or cause to be tasteless;;sãbse;;;
sabla;;Verbe;;être noir;be black;;;Colour;;
sablem;;Nom;á-é;noirceur;blackness;;;Colour;;
sablg liga;;Adverbe;í;tout noir;jet-black;sablg lima;;Colour;tiga;
sablga;;Adjectif;á-á;noir (couleur);black (colour);;sablse;Colour;sabelle;
sãb-noaadga;;Nom;;dysenterie;dysentery;;sãb-noaadse;Disease;sã-zɩɩm;
sãbre;;Nom;;éperon;spurs.;;sãba;;;
sãbsga;;Adjectif;;tranchant ou non gluant (parlant de sauce);sharp or not slimy (speaking of sauce);;;;zãgsenga;
sãbtõaasga;;Nom;á;musaraigne;shrew mouse;sãbtõosgo;sãbstõose;Mammal;;
sãbtolgo;;Nom;à-ó;gris-gris que l'on place dans les champs pour protéger les récoltes des vols;charms that people place at the fields to protect the harvest against theft.;;sãbtondo;;;
sãbtulga;;Nom;;arbre (espèce);tree sp;;sãbtulsi;Tree;;
sãb-tulga;;Nom;;arbre (espèce);tree sp;;sãb-tulsi;Tree;;
sada;;Adjectif;á-à;dans l’état de jeune fille, adolescente, n'ayant pas encore enfanté;in the state of young girl, adolescent, not having given birth yet, girl, virgin, young female;;sadba;;;ribla2
sadb-sadbe;;Adverbe;;lentement, nonchalamment;slowly, nonchalantly.;;;;;
sãde;1;Verbe;ã́;se lever de bonne heure;get up early;;;;yage3;
sãde;2;Verbe;ã́;passer, aller au-delà, dépasser, surpasser;pass by, go beyond;;;;;
sãdem;;Nom;á;mensonge;lie;;;;pʋ-yagbo, ziri1;
sãdemde;;Verbe;á-è;sortir vite à travers d'une ouverture;get out quickly through an opening;sãdge;;;;
sademdẽ sondre;;Nom;á-é ò-é;nom de jeune fille;maiden name.;;;;;
sademdo;;Nom;á-ó;virginité;virginity.;;;;;
sadga;;Nom;á-à;jeune femelle (animal) qui n'a pas encore mis bas;young animal female who hasn't given birth yet, heifer, young female who has not yet brought forth;;sadse;;;ribla2
sãd-n-wʋbdẽ;;Nom;;choléra;cholera;sãad-n-wʋbdẽ;;Disease;;
saeega;1;Nom;á;cul, derrière;buttocks, behind;;saeese;Body;yẽd-nifu, yẽdga;
saeega;2;Nom;á;reins;loins;;saeese;Body;kɩnde;
saeega;3;postposition;;près, à côté de;near, close to;;;;;
sãeege;;Verbe;áe-è;éparpiller;scatter things;;;;;
sãeenga;;Adjectif;à-á;nu, sans fourreau;naked, bare, without sheath;;sãeemse;;;
sae-kõbre;;Nom;;sacrum;sacrum;yẽd-kõko, sae-kõko;sae-kõba;Body;;
sae-zabre;;Nom;;maux de reins;backache, back pain;se-zabre;sae-zaba;Disease;;
safãnd wõdb zĩiga;;Nom;;savonnerie;soap factory.;;;;;
safãnde;;Nom;à-á-è;savon;soap;sãfãnde;safãna;;zẽem;
sa-gãn sẽn pa tar sawato;;expression;;ciel dégagé;clear sky;;;Weather;;
sa-gãna;;Nom;;ciel;sky;sa-gãongo;;Sky;;
sa-gãne bõn-zɩtga;;expression;;moyen de transport aérien;means of air transport;;sa-gãne bõn-zɩtse;Travel;saasẽ bõn-zɩtga;
sa-gãn-noore;;Nom;;horizon;skyline, horizon;;;Sky;nenem toaaga, yaangintĩimdi;
sa-gãn-no-vũka;;Nom;;ligne d'horizon;horizon line, skyline;;;Sky, Land;;
sa-gãonga;;Nom;;voûte céleste, ciel;firmament, sphere, sky;se-gãna;;Sky;;
sagbo;;Nom;á;tô, gâteau de mil, pâte de mil, bouillie de il ou de maïs;millet porridge, t.z;;sabdo;Food;;
sagdo;;Nom;;saleté, ordure;dirt, trash;;;;rẽko;
sage;;Verbe;;ranger en mettant les uns dans les autres;put together by putting one into the other;;;;;
sagemsalle;;Nom;;oignon;onion.;;sagemsala;;;
sagenda;;Nom;;conseiller;advisor, consultant, counsellor;;;Worker;;
sag-fɩre;;Nom;à-ɩ́-é;coléoptère aquatique, dytique;water beetle;;sa-fɩya;Insect;;
sag-kõto;;Nom;à-ó;croûte de tô collé au fond de la marmite;crust of porridge sticking at the bottom of the cooking pot.;;sag-kõdgo;;;
sagle;1;Verbe;á-è;mettre un objet dans un autre;put inside another;;;;;
sagle;2;Verbe;à;conseiller, recommander, mettre ne garde;rebuke, recommend, advice (give), warn;saglge;;;;
saglga;;Nom;à-á;conseil, mise en garde;advice, warning, rebuke;;saglse;;noor rɩkre;
saglge;;Verbe;;conseiller;recommend, advise.;sagle;;;;
saglgo;;Nom;;conseil;advice, council;;;;;
sag-ma;;Nom;à-á;tô étalé au fond du plat sur lequel on dispose les petites boulettes appelées «sag-biisi»;porridge put on the bottom of the dish;;;Food;;
sag-muuga;;Nom;à-u-á;tô constitué d'un seul gros bloc;porridge made as a big chunk;;sag-muusi;Food;;
sag-rɩ-n-kɛɛsga;;Nom;;reste de tô;remaining porridge.;;sag-rɩ-n-keesse;;;
sag-rʋko;;Nom;;jarre à tô;pot for porridge.;;;;;
sag-saanga;;Nom;;tô délayé;diluted porridge, porridge with added water;;;;;
sãgse;;Verbe;á-è;faire du bruit en s'entrechoquant;make noise by knocking together;sagse;;;;
sag-vugri;;Nom;;spatule;spatula to stir porridge.;;;;;
sag-wãre;;Nom;à-é;tô refroidi ou tô de la veille;porridge that is cooled or that is remaining from the day before.;;;;;
sag-yelle;;Nom;;espèce d'épine à trois bouts pointus;kind of thorn wit three sharp ends.;;sag-yɛla;;;
sak n deeg n gʋʋle;;expression;;adopter;to adopt, to take in.;;;;;
saka;;Nom;;quartier;residential area, district, urban quarter.;;sagse;;;
sãkandre;;Nom;;façon de parler à l'envers;manner of speaking inside out, backwards, the wrong way round;sãkande;;;;
sake;1;Verbe;á-è;enlever ce qui est dans;take out;;;;;
sake;2;Verbe;à;accepter, être d'accord, (se) laisser faire), agréer, approuver, tolérer, permettre, obéir;accept, agree, to approve of, tolerate, allow, obey, .;;sagse;;;
sake;2;Verbe;;répondre à un appel;answer to a call;;;;;
sake;3;Verbe;;réussir, prendre, bien marcher;succeed, make it, do well, be successful in doing;;;;;
sake;4;Adjectif;;permis, soumis;permitted, submissive.;;;;;
sẽn sake sake;3;Verbe;;accepter;accept;;;computer / digital;;
sa-kẽenga;;Nom;;tornade;tornado;;;Sky;seb-kaseng sẽn naag ne saag koom;
sakme;;Verbe;á-è;mâcher un petit morceau;chew a small piece.;;;;;
sa-ko-been-bãoonego;;Nom;;gouttelettes;droplets.;;;;;
sa-ko-gĩsdim;;Nom;à-í-í;neige;snow.;;;;;
sa-ko-magdga;;Nom;à-ò-á-á;pluviomètre;instrument for measuring rainfall.;;;;;
sa-koom mui;;Nom;;riz pluvial;rice from rain water;;;Agriculture;;
sa-kõre;;Nom;;balai usé, réduit aux tiges;worn out broom, reduced to bare blades of grass;;sa-kõya;Tool;;
sa-ko-zeongo;;Nom;;pluviométrie;quantity of rainfall (measuring);;;Weather;;
sakre;1;Nom;à-é;obéissance;obedience.;;;;;
sakre;2;Nom;à;probablement que, il y a des chances que;probably, there are chances that;;;;;
sakʋɩsablga;;Nom;;plante (espèce);plant sp;;;;;
sa-kʋre;;Nom;à-ʋ́-è;espèce de gris-gris qui détourne le trajet de la foudre;spell that magically reorientates the way of the lightning.;;sa-kʋya;;;
salaanga;;Verbe;à;planer à la manière d' un épervier;soar like a hawk.;;;;;
salaato;;Nom;à-á-ò;salade;salad;salaodgo;;Food;;
salbre;;Nom;;mors;bit of a bridle.;;salba;;;
salb-risga;;Nom;;rêne, bride;rein, bridle.;;salb-rissi;;;
salbsale;;Nom;à;oignons;onions;;;Food;gɛba;
sale;;Verbe;;se moquer de quelqu'un;to make fun of somebody, to mock sb., laugh at, jeer;;;;;
salembole;;Adverbe;á;sans résultat / solution;without results / solution;;;;;
salenkolooto;;Nom;á-é-ó;larve de petite fourmi;larva of a small ant;salenkoto;;Insect;;
salensaaga;;Nom;á-á;petite fourmi noire (espèce);small black ant sp;;salensaase;Insect;;
salenvũ;;Nom;à-ú;fontanelle;fontanelle;salenvũugu, sanenvũ, salnvu;salenvũudu;Body;zu-longo, sãnenvũ;
salg nanguri;;Nom;;espèce de plante dont les graines servent de condiment;kind of plant of which the grains are used as ingredient;salg nangurumdi;;Tree, Food;;
salg nangurumdi;;Nom;;espèce ressemblant à une arachide, très parfumée;kind of ground-nut, with a strong fregnant;;salg nanguri;;;
salga;;Nom;á;glissade;slipping, a slide, sth;;salse;;;
salge;1;Verbe;à;glisser;to slip, slide;;;;;
salge;2;Verbe;à;assaisonner;flavour, spice;;;;;
sal-gende;;Nom;à-é;plante (espèce);plant sp;;;Grass, herb, vine;;
salle;;Verbe;;frapper à la porte;knock at the door;;;;;
salme;;Verbe;á-è;passer la main sur, caresser légèrement;to stroke gently;;;;;
salsanga;;Nom;;merle métallique;glossy starling;sɩlsanga;salsamse salsanse;Bird;nagbĩntoaadga, subramalga;
salsanga zʋ-woko;;Nom;;merle métallique à longue queue;long-tailed Glossy Starling;;;Bird;;
sa-luka;;Nom;à-ú;pluie soudaine qui tombe sans préparation;sudden rain;;sa-lugsi;Weather, Water;;
saluka;;Nom;;averses de pluie, forte pluie soudaine qui ne dure pas longtemps;rain shower, quick heavy rain that doesn't last;;;Weather, Water;;
samande;;Nom;á-é;cour extérieure devant la maison;courtyard in front of the house.;sɩmande;samana;;;
samand-naaba;;Nom;;responsable de liaison entre le chef et ses visiteurs;elder responsible for liaison between a chief and his visitors, chamberlain.;;;;;
sãmbe;;Verbe;à;douter, croire, prendre pour vrai ce qui ne s'est pas encore avéré, supposer;doubt, believe, take for a truth even if not yet proven to be true, assume;;;;sãnde2;
sãmbga;;Nom;à-á;doute, supposition;doubt, supposition, assumption.;;sãmbse;;;
sãmbolgo;;Nom;à-ó;gouttière, trou pour laisser couler l'eau;gutter, hole to let water flow away;sãmbelgo;sãmbondo, sãmbendo;Water, Building;;
sãmbse;;Verbe;;craindre, être inquiet;be troubled about, worry, be concerned about, afraid, fearful;;;;zʋ1;
samd soaba;;Nom;á ò-á;créancier;creditor;;;Money;;
samd sokr tõogo;;Nom;á ò ó-ò;créances;financial claim, credence;;;Money;;
samde;;Nom;á-è;dette, crédit, créance, amende;debt, credit, loan, financial claim, credence, fine;;sama;Money;;
sam-dɩta;;Nom;á-ɩ́-á;personne endettée (qui ne rembourse pas);debtor, indebted person (who doesn't pay back).;;sam-dɩtba;;;
same;;Verbe;à;entasser, être entassé, empiler;stack up, heap up, to pile up, to be planted, fixed in the ground;;;;;
sãmogemde;;Nom;;langue parlée par les Samo;Samo language.;;;;;
sãmogo;;Nom;à-ó-ò;ethnie samo, peuple du Burkina;Samo people;;sãmogemba;Community;;
sãmpeongo;;Nom;;carapace;carapace;sãmpengo;sãmpendo;;;
sãmpogre;;Nom;à-é;blessure, accident;injury, accident;sãmpogdnodre;sãmpoaga;Disease;;
samsa;;Nom;;beignets de haricots;bean fritters, doughnuts;;;Food;;
sam-soaba;;Nom;á-ó-á;débiteur, emprunteur;debtor, borrower;;sam-dãmba;Money;;
samsre;;Nom;á;beignet de haricot sauté à l'huile;been doughnut mad in oil;;samsa;Food;;
sam-yiisdga;;Nom;;emprunt;loan, borrowing;;;Money;ligd-pɛngdga;
sãndalma;;Nom;;gendarme;gendarme, policeman;;;Worker;;
sãnde;1;Nom;á;beauté;beauty, beautiful.;;;;;
sãnde;2;Verbe;à;croire, prendre pour vrai;believe, assume it's true;;;;sãmbe;
sãnde;3;interrogatif;;est-ce que, je me demande si;is it, I wonder if.;;;;;
sãnem baooda;;Nom;;orpailleur;gold panner;;;Worker;;
sãnem-pɛɛlga;;Nom;;diamant;diamond.;;;;;
sãnenkolooto;;Nom;;chenille vivant dans un cocon;caterpillar living in a cocoon;;;Small animals;;
sãnensãaga;;Nom;à;herbe (espèce);grass sp;;sãnensãase;Grass, herb, vine;;
sanenvũ;;Nom;à-ú;muscle frontal, fontanelle;frontal muscle, fontanelle;sãnenvũ;;Body;;
sãnenvũ;;Nom;;fontanelle;fontanelle;sanenvũ;;Body;salenvũ;
sãnga;;Adjectif;;beau;beautiful, nice;;sãmba;;;
sãngaaga;;Nom;à-à-á;herbe, plante (espèce);grass sp;;sãngaase;Grass, herb, vine;;
sãn-gãnga;;Nom;;espèce d'herbe dont le tige sert a faire des bois de flèche;kind of plant used to make arrows;sãngãnga;sãn-gãense;Grass, herb, vine;;
sãngre;;Nom;á-é;cerceau tressé pour poser des récipients ronds;hoop made of straw to stabilize round containers, a pot-stand, a small plaited ring on which you put pots or calabashes.;;sãnga;;;
sa-niir sasa;;Nom;;saison des pluies, hivernage;rainy season;;;;sẽoog sasa, sẽoogo1;
sa-niir seobgo;;Nom;;mousson;monsoon;;;Water;;
sa-niiri;;Nom;à-í-í;précipitations;rainfall;;;Weather, Water;;
sãnkare;;Nom;;larve d'un coléoptère;beetle larva;;sãnkaya;Small animals;;
sãnkõna;;Nom;;arbuste (espèce);shrub sp;;;Bush, shrub;;
sankone;;Nom;;plante (espèce);plant sp;;;Grass, herb, vine;wãamb-kipare;
sanoabga;;Nom;;arbuste (espèce);shrub sp;;;Bush, shrub;;
sanri;;Nom;;espèce de plante;kind of plant;sãre;;Grass, herb, vine;;
sanri-daaga;;Nom;;espèce de plante;kind of plant;sãre-daaga;;Grass, herb, vine;;
sãnsãeedga;;Nom;;arbuste (espèce);shrub sp;;;Bush, shrub;zãmnenga, zãbnega;
sãnsão;;Verbe;á-à;montrer une légère amélioration, être un peu mieux;show a slight improvement, get a bit better;sãonsão;;;;
sãnsãoodo;;Nom;á-ào;amélioration, fait d'aller mieux;improvement;;;;wog-woge;
sãnteere;;Nom;à-é;langue Ashanti du Ghana;Ashanti language spoken in Ghana.;;;;;
sãntɛya;;Nom;;Ashanti;Ashanti person or ethnic group in Ghana;;sãntɛɛba;Community;;
sãntɩmetre;;Nom;á-è;centimètre (cm);centimetre (cm).;sm;;;;
sao;1;Verbe;à;danser;dance;;;;;
sao;2;Verbe;ào;sarcler sommairement (en maintenant des herbes sur pied);weed summarily (and leaving some grass standing);;;;;
sao;3;Adverbe;ào;bruit de pas;noise of footsteps;;;;;
são;;Verbe;ào;aller / être mieux, se porter mieux, être mieux, valoir mieux;get / feel better, improve, be better than;;;;;
sãobsgo;;Adjectif;ào-ó;fade;tasteless, bland;;sãbsdo;;;
saoglgo;;Nom;à-ó;conseil, le fait de conseiller;advice.;;;;;
saoko;;Nom;à-ó;saleté, ordure;dirt, trash, garbage, rubbish.;;sagdo;;;
saongo;;Nom;;tas;heap, pile.;;;;;
saooda;;Nom;á;danseur;dancer.;sãooda;saoodba;;;
saooga;;Nom;;danse;dance;;saoose;;;
sãooge;;Verbe;ã̀;guérit, être guéri;heal, be healed, to cure, get well, make better (medically);;;;"sigi1, tɩlge; antonyme: yãdge2";yãdge2
sãoogo;;Adjectif;ào-ó;à moitié plein;half full;;sãado;;;
sãoogre;;Nom;;guérison;healing;;;;maagre, yolsgo;
saoole;;Verbe;à;faire danser;cause to dance, to make sb;;;;;
sãoome;;expression;;ça va mieux;it is better;laafɩ beeme;;;;
sãoongo;;Nom;;destruction, gaspillage, dégâts;destruction, wasting, damage;sãanga;;;sãanga2;
sãoor bãaga;;Nom;;cirrhose;cirrhosis;;sãoor bãase;Disease;;
sãoore;1;Nom;áo;foie;liver;;sãoa;Body;;
sãoore;2;Nom;áo;rat maure;rat;;sãoa;Mammal;;
sãoore;3;Nom;áo-é;lumière du jour (8 h à 9 h);day light (between 8 am to 9 am);;;;sõore2;
sãoore;4;Nom;áo-è;nombre, quantité;number, quantity;;sãoa;;;
sapalgo;;Nom;á;saison sèche;dry season;sɩpaolgo, sapaolgo;sapando;Weather;zu-pɛɛla;
sa-paoore;1;Nom;à-á;sécheresse, arrêt précoce des pluies à la fin de la saison;dryness, rains stop too early at the end of the rainy season.;;;;;
sa-paoore;2;Nom;à-á;manque des pluies par arrêt anticipé, insuffisance de pluie;not enough rain because it stopped too early.;;;;;
sa-pãrga;;Nom;;arbre (espèce);tree sp;;sa-pãrse;Tree;sẽnego;
sa-pɛɛga;;Nom;á-ɛ́-á;petit tesson de poterie;small shard of pottery, small broken piece of.;;sa-peese;;;
sapɩlem;;Nom;à;grêles;hail (weather);;;Weather;;
sapɩlemde;;Nom;;grêle;hail;;;Weather;;
sapɩlɩ;;Nom;;chapelet;rosary;;;;tasbi;
sa-pugla;;Nom;á-ú-á;balai non usé utilisé pour l'intérieur de la case;broom that is still in good condition used for indoor sweeping.;;sa-pugli;;;
sãra;;Nom;à-á;branche de l’ethnie Mossi vivant dans la région de Kougpela;Branch of Mossi people living in the area of Kougpela;;sãrba;Community;;
sarbɛta;;Nom;;une serviette;napkin.;;;;;
sard rɩkre;;Nom;;engagement;commitment, involvement.;;;;;
sardo;;Nom;á-ò;contrat, convention, décision collégiale, engagement, abonnement;contract, deal, covenant, pact, common decision, commitment, pledge, subscription.;;;;;
sare;1;Nom;á-è;morceau de poterie pouvant encore être utile;shard of pottery that can still be useful, broken piece of.;;saya;;;
sare;2;Verbe;á;contracter, décider collégialement, s'entendre sur le montant d'une rémunération, abonner;to make a contract, decide in mutual agreement, agree on the amount for a salary, to subscribe, to do a deal, come to an agreement;;;;kaoole1;
sãre;1;Verbe;;étrangler;strangle, throttle;;;;;
sãre;2;Nom;à-é;variante du mooré parlé par les Mossi de la région de Kougpela;dialect of Moore spoken by the people living in the area of Kougpela.;;;;;
sãre;3;Nom;á-è;nœud coulant;slipknot.;;;;;
saremdga;;Nom;;herse;harrow;;;Agriculture, Tool;kãasdga;
sarɛta;;Nom;à-ɛ́-à;charrette;donkey cart;sɛrɛta;saretse;Agriculture, Travel;tereko, wotoro;
sãrge;;Verbe;;fermer ou ouvrir en faisant coulisser, étrangler avec un nœud coulant;open or close by sliding / gliding, strangle with a slipknot;;;;;
sarme;;Verbe;á-è;démolir, abattre, niveler, égaliser, planer;knock down, pull down, cut down, level, equalize, flatten;;;;;
sãrse;;Verbe;;égrener le mil en passant la paume de la main sur l'épi;to remove the grains with the palm of the hand.;sãre;;;;
sasa;1;Nom;à-á;moment, période, saison, époque, ère;moment, period of time, moment of time, season, time, era;;;Weather;wẽnde3;
sasa;2;Adverbe;á;à plat en longueur;flat and lengthy;;;;;
sasa buud sẽn be tʋʋlgã ne waoodã sʋka;;expression;;automne;autumn, fall;;;Weather;;
sasa magb wakat wok pʋgẽ;;expression;;climat;climate;;;Weather;;
sasa wã sẽn na yɩ a soaba;;expression;;condition météo;local weather conditions;;;Weather;;
sasa wã toeoongo;;expression;;changement climatique;climate change;;;Weather;;
sasa wilgr tũnunga;;expression;;adverbe de temps;adverb of time, time adverb;;;Grammar;;
sasemsare;;Adjectif;;horizontal;horizontal;;;;sasre;
sa-sik kiuugu;;Nom;;août, période des fréquentes pluies;August (when it rains frequently).;sa-sika kiuugu;;;;
sa-sika;;Nom;;période des fréquentes pluies (août);season of frequent rains (August), rainy season;;;;;sɩpaolgo
sasre;;Adjectif;á-è;horizontal;horizontal;;;;sasemsare;
sa-tãse;;Nom;à-á;foudre, tonnerre;lightning, thunderbolt, thunder;;;Weather, Sky;saagã yãbre;
sa-tãsga;;Nom;;foudre;lightning bolt, lightning strike;sa-tãase;;Weather, Sky;;
satem;;Nom;à-é;fin, bout, limite;end, close, tip, summit, ending, peak, extremity, edge, frontier, limit;;;;;
satem-satem;;Nom;à-è-á-é;ultime, dernier, bout, fin;last, closing, end;;;;;
sawad taoko;;expression;;amas nuageux;cloud mass;;;Weather;;
sawadgo;;Nom;à-á;nuage;cloud;sawaodgo;sawato;Sky;;
sawat kẽnde;;expression;;passage nuageux;band of clouds;;;Weather;;
sawato;;Nom;;nuages;clouds;;;Sky;;
sawi-pɛɛlga;;Nom;;plante (espèce);plant sp;;sawi-peelse;Grass, herb, vine;gõm-tiidga;
sawi-sablga;;Nom;;plante (espèce);plant sp;;sawi-sablse;Grass, herb, vine;pindu2;
sãya;;Nom;ã́;forgeron;blacksmith;;sãaba;Worker;;
sa-yãgdem;;Nom;;éclaire;lightning, flash of lightning;sa-yãgemdgo;;Sky;sa-yãgre;
sa-yãgemdgo;;Nom;;éclaire;lightning, flash of lightning;sa-yãgdem, saag yãgengo;;Sky;;
sa-yãgre;;Nom;à-á;éclair;lightning, flash of lightning, lightning-flash;;;Sky;sa-yãgdem;
sayɛlle;;Nom;á-è;Sahel;Sahel;;;Region;tẽn-koɛɛnga;
sayɛlle tẽngã neda;;expression;;sahélien;Sahelian person;;;Community;;
sã-yorgo;;Nom;;diarrhée forte;diarrhoea (strong);;sã-yordo;Disease;;
sãyy;;Adverbe;à;bruit d'objets tombant en s'éparpillant;noise f objects that fall and scatter;;;;;
sã-zɩɩm;;Nom;;dysenterie;dysentery;;;Disease;sãb-noaadga;
sẽ;1;Verbe;ẽ́;griller;roast, grill, bake sth;;;;;
sẽ;2;Verbe;ẽ̀;coudre;sew;;;;;
sẽ;3;Verbe;ẽ̀;faire un pet, lâcher des vapeurs, changer l'air;to fart, pass wind, change the air;;;;;
sẽ;4;Adverbe;;bien sûr, effectivement, pour sûr, sans doute;surely, indeed, actually, really, of course, no doubt;;;Colour;wɛ2;
seb-bila;;Nom;;carnet, livret;notebook, booklet, address book, small book.;;;;;
seb-bĩngda;;Nom;;cartable;backpack, school-bag.;;;;;
seb-bobdre;;Nom;;amulette;charm, amulet, talisman (lit;;;;tɩ-soaka;
sẽbdga;;Nom;é-à;ceinture;belt, girdle;;sẽbdse;Adornment, Clothing;;
sẽbe;;Verbe;ẽ́;ceindre, attacher autour, attacher (plusieurs choses);to gird, put on a belt, tie sth;;;;;
seb-fitu;;Nom;é-ú;papier d'emballage;wrapping paper.;;;;;
seb-fugdga;;Nom;;harmattan, vent fort du désert;strong sandy desert wind;;;Weather, Sky;sɩpaol-seobgo, sɩpal-seobgo, waood wakat sebgo sẽn fugd n tũud ne wubsgu;
sẽbga;;Adjectif;é-à;suffocant;stuffy, stifling;;sẽbse;;;
sebgã sẽn teesdẽ;;expression;;direction du vent;wind direction;;;Weather;;
sẽbge;1;Verbe;é-è;ceindre, attacher autour (une chose);to gird (single instance), put on a belt, tie sth;;sẽbe;;;
sẽbge;2;Verbe;é-è;être plein à craquer, être bourré;be completely full;;sẽbe;;;
seb-gĩndi;;Nom;;chéquier;chequebook.;;;;;
sebgo;;Nom;è-ó;vent;wind;sobgo;sebdo;Weather;;
seb-gʋnda;;Nom;;écrivain, secrétaire;writer, secretary;;;Worker;;
seb-karemdga;;Nom;;livre;book;;;Teach;sebre;
seb-kaseng sẽn naag ne saag koom;;expression;;tornade, vent violent accompagné de fortes pluies;tornado;;;Weather;sa-kẽenga;
seb-mita;;Nom;;lettré, personne académique, intellectuel, savant, alphabétisé;person who can read, academic person, intellectual, scholar, literate person;;seb-mitba;;yam tʋntʋmda;
seb-pɛmdga;;Nom;;panneau vent latéral;side winds sign;;;7;;
seb-pidisdga;;Nom;;formulaire;form, printed form to fill out;;;;seb-pidsdim;
seb-pidsdim;;Nom;é-í;formulaire;form, printed form;;;;seb-pidisdga;
sebr buka;;Nom;é ú-à;sommaire;directory, abstract, summary;;;;seb-vã-nense;
sebr zɩɩlem;;Nom;;analphabétisme;illiteracy, unable to read.;;;;;
sebr zõanga;;Nom;;analphabète;illiterate;;;Teach;ka-mi-sebre;
sebr zug maan-n-bãngre;;expression;;exercice écrit;written exercise;;;;;noor yelsem maan-n-bãngre
seb-raoogo;;Nom;;tempête;storm, gale;;;Weather, Sky;sob-kẽenga;
sebre;;Nom;é-è;livre, cahier, lettre (tout document écrit), papier;book, leaflet, letter (any written document), paper;;sɛba;;karasga, seb-karemdga;
sẽbre;;Adjectif;;tendre (gousse), jeune;tender (pod), soft, young.;;sẽba, sɛba;;;
sebre-gʋlsedga;;Nom;;une feuille de papier;a sheet of paper.;;;;;
sebrsõngo;;Nom;;bible;Bible;;;;Wẽnnaam goama;
seb-tika;;Nom;é-í-à;document de référence;reference document.;;;;;
seb-vã-nenga;;Nom;;page;page.;seb-vão-nenga;seb-vã-nemse;;;
seb-vã-nense;;Nom;;sommaire;directory, abstract, summary;;;;sebr buka;
seb-vãoogo;;Nom;é-ò;feuille de papier, papier;peace of paper.;;seb-vãado;;;
sede;;Verbe;é;conspirer, s'entendre pour, convenir de,;conspire, agree on a plan;;;;kaoole1;
sẽde;;Verbe;;bourrer, boucher en pressant;stuff, cram, fill to bursting, clog by pushing;;;;sĩdi;
sedge;;Verbe;è;couler au long de;trickle down , flow along;;;;;
sẽdge;;Verbe;è;rincer, nettoyer, frotter, astiquer;rinse, clean, scrub, rub sth;;sẽdse;;;
sedgo;;Nom;é-ò;pente;slope, hillside;;;;siugdgu;
sedre;;Nom;é-è;conspiration;conspiracy.;;;;;
sẽebo;1;Nom;;griller (fait de);roasting;;;;;
sẽebo;2;Nom;ẽ́;couture;sewing, dressmaking.;;;;;
sẽebo;3;Nom;;cigale;cicada;;;Insect;sẽoobgo, ka-sẽoobgo, karsẽebga, sẽoonego1;
sẽedo;;Nom;é;pet, gaz intestinal s'échappant par l'anus;a fart, intestinal gas getting out of the anus, anal wind.;;;;;
sẽega;1;Nom;;silure;mud-fish;;;Fish;gi-yoko;
sẽega;2;Adjectif;;brûlant;burning;;;;;
seele;;Verbe;;émincer;mince.;;;;;
seelgo;;Nom;;terre salée léchée par les animaux;salty ground that animals like to lick;;;Land;lɛlga;
seem;1;Nom;èé;amande de prune sauvage (noaba);kernel of wild plumb tree (noabre);;;;;
seem;2;Adverbe;é;comment;how;seenɩ;;;;
seemde;;Nom;;amande du prunier sauvage;wild plum almond;;seem;;;
sẽemde;;Nom;ẽ́;porc-épic;porcupine;;sẽema;Mammal;;
sẽene;;Verbe;;fixer, insérer, coincer;put in, set, attach firmly, fix into, slot in, insert sth., clamp;;;;;
sẽenego;;Nom;;espèce de plante;kind of plant;;;Grass, herb, vine;;
seere;;Nom;é-è;aulacode, agouti;grass cutter, cane rat;;sɛya;Mammal;;
sẽere;;Nom;é-è;espèce de lèpre très foudroyante;kind of violent leper;;sẽya;Disease;;
se-gãnde;;Nom;è-á-è;ceinture en cuire dans laquelle on incruste du gris-gris au moment de sa fabrication;kind of leather belt in which one embeds charms / spells / magic.;sẽngãnde;se-gãna, sẽngãna;;;
segd ne (sẽn);;expression;;mérité;deserved.;;;;;
segdenga;;Nom;;le droit;right, law;;;Government;kõn-mongre, dʋrwa;
sẽgdge;;Verbe;è;(s') insérer;to put (sth;;;;;
sẽgdre;;Nom;;pagne de tous les jours que l'on porte pour les travaux;everyday clothes / apron that one wears for working;;sẽgda;Clothing;;
sege;;Verbe;é;rencontrer;meet, encounter;sɛge;;;;
sẽge;1;Verbe;è;être les uns contre les autres;be opposed, one against the other;;;;;
sẽge;2;Verbe;è;porter ou avoir autour de la hanche;wear around the hip;;;;;
sẽgemde;;Verbe;è;insérer, coincer entre;insert, slot in, stick, clamp, put in (between).;;;;;
sẽg-kũnga;;Nom;è-á;case peule;Fulani house / hut;;sẽg-kũinsi;Building;;
segle;;Verbe;é-è;prépare, apprêter, faire la cuisine;prepare, get ready, cook food.;sɛgle;;;;
seglgo;;Nom;;action de faire la cuisine;cooking food.;sɛglgo;;;;
seglse;;Nom;;préparatifs;preparations.;;;;;
sẽgme;;Verbe;è;coincer, serrer, être exigu ou rétréci;to insert, inter-penetrate, to line up, stuck, clamp, tighten, press firmly;;;;;
sẽgne;;Verbe;è;nouer autour de la hanche;to put on (around the waist), tighten around the hip;;;;;sẽke1
segre;;Nom;é-è;rencontre fortuite, coïncidence;random encounter, coincidence;;;;;
sẽka;1;Adjectif;ẽ̀-á;étroit, exigu;narrow, tiny, exiguous;;sẽgse;;;
sẽka;2;Nom;è-á;angle, coin, fond, intersection;angle, corner, ground, far end, bottom, intersection;;sẽgse;;;
seke;;Verbe;é-è;suffire, être assez;sufficient (to be), be enough, suffice;;;;;
sẽke;1;Verbe;è;enlever (ce qui est autour de la hanche), déshabiller;take away (what is around the hip), undress;;sẽgse;;;sẽgne
sẽke;2;Verbe;è;presser, insister;press, insist, to be urged;;;;pẽdge, rɩdge;
sẽke;3;Verbe;è;ajouter une pièce d'étoffe;add a piece of cloths.;;;;;
sẽke;4;Verbe;è;se faire remarquer, attirer l'attention;to attract the attention,;;;;;
sekirite;;Nom;;sécurité;security;;;computer / digital;;
sel tɩɩse;;expression;;reboiser;to reafforest, reforest, plant trees.;;;;;
selbo;;Nom;é;repiquage;transplanting, planting out;;;Agriculture;;
sele;;Verbe;è;planter, fixer, repiquer;plant, fix (to make firm), transplant;;;;;
selle;;Adjectif;é;verticale;vertical;;sɛla;;tĩidga;
sembe;;Verbe;è;se débrouiller, utiliser des astuces;get along, find one's feet, use clever tricks;;;;;
sembo;;numéral;é-ó;un, 1 (en comptant);one, 1 (in counting);se;;;yembo, ye1;
sẽme;;Verbe;è;aller de toute part, ne pas tenir en place;go in all directions, not hold in one location;;;;;
semende;;Nom;é-é-è;semaine;week;sɩmende;;;ra-yopoende;
se-moomde;;Nom;;hémorroïde;haemorrhoid;;;;koo-koo, sɛɛga2, zugtigi;
sẽm-sẽm;;Adverbe;;en cherchant ou fouillant de toute part;looking for or poking about everywhere;;;;;
sẽn;;Pronom;;(ce) qui, (ce) que, marque de la proposition relative;who, which, that, relative marker, subordinating particle;;;Grammar;;
sẽn ka to;;expression;;unique, seul;unique, only;;;;;
Sẽn looge;;expression;;reculer d'un pas;previous;;;computer / digital;;Sẽn pʋgde
sẽn mak n mag ne…;;expression;;comparé à, mesuré par rapport à;compared to.;;;;;
sẽn pa seke;;expression;;déficit;deficit.;;;;;
sẽn pa wẽnd taaba;;expression;;anomalie, différence par rapport à la normale;anomaly;;;;sẽn paooge;
sẽn paame;;expression;;rendement;yield;;;;womb zeongo, paoongo1;
sẽn paooge;;expression;;anomalie, différence par rapport à la normale;anomaly;;;;sẽn pa wẽnd taaba;
sẽn paooge bilfu;;expression;;déficitaire, en dessous de la moyenne ou la normale, insuffisant;in deficit, insufficient .;;;;;
Sẽn pʋgde;;expression;;suivant;next;;;computer / digital;;Sẽn looge
sẽn tar n get sẽn zãre;;expression;;jumelles;binoculars.;;;;;
sẽn tar n wãad raado;;expression;;scie;saw;;;Tool;;
sẽn tar-b noorã/tõkre;;expression;;Droits d'auteur/contact;Copyright & Contact;;;computer / digital;;
sẽn tog n maan ne gũusgu;;expression;;délicat, difficile, risqué;tricky, difficult, risky.;;;;;
sẽn yõsge;;expression;;excédentaire;surplus .;;;;;
sẽn yʋʋge, sẽn yɩɩde senda;;Verbe;;repiquer;transplant;;;;;
sẽndika;;Nom;é;syndicat;trade-union, syndicate, labour-union;;;;kõndeeg-kɛgr sulli;
sẽndo;;Nom;;viande de chien;dog meat;;;Food;;
sẽnẽ;;postposition;ẽ̀-ẽ́;vers, en direction de;towards;sẽlẽ, sẽnega;;;kɛɛnga1, weoogo3, baobgo;
sẽnego;;Nom;;espèce d'arbre;kind of tree;sẽoogo;;Tree;sa-pãrga;
sẽnemde;;Nom;é-é;lézard à peau lisse et multi-coloré (espèce);kind of multicoloured lizard with shiny skin;;sẽnma;Reptile;;
sẽnesem;;Nom;è;lieu de couture;place of sewing;;;;;
Sẽn-Ka-Saabo;;Nom;;Éternel Dieu (lit;;;;;Sẽn-Ka-Sate;
Sẽn-Ka-Sate;;Nom;;Éternel Dieu (qui n'a pas de fin);Eternal God (who has no end);;;;Sẽn-Ka-Saabo;
Sẽn-Ka-To;;Nom;;Dieu-Unique (lit, qui n'a pas de semblable);Only God (lit;;;;;
sẽnnn;;Adverbe;è;très mince et filiforme;very thin and spindly;sẽn-sẽne;;;;
sẽnsem;;Nom;è;couture;sewing;;;;;
sẽn-sẽne;;Adverbe;;extra mince et filiforme;very thin, spindly;sẽnnn;;;yẽnnn1;
Sẽn-Tõe-Fãa;;Nom;;Dieu Tout-puissant (lit;;;;;;
sẽo;;Verbe;èo;tasser, bourrer;to pack things up, pack down, stuff, cram, fill to bursting;;;;sĩdi;
seobgo;;Nom;èo-ó;vent;wind.;sebgo;sebdo;;;
sẽobgo;;Nom;èo-ó;poquet;hole in the earth for sowing.;;sẽbdo;;;
sẽo-bila sẽn wat waoodã ne tʋʋlgã sʋka;;expression;;printemps, petite saison située entre la saison froide et la saison chaude;spring;;;Weather;;
sẽobsdo;;Nom;èo-ó;fil / fibre de la gousse de néré;thread / yarn / fibre taken from dawadawa pods;sẽnem, sẽebdo;;;;
seodgo;;Adjectif;èo-ó;en pente abrupte;with an abrupt slope;;sedse;;siugdgu;
sẽogfo;;Adjectif;èo-ó;exigu, très petit;tiny, very small;;;;;
sẽoko;1;Adjectif;èo-ó;exigu, étroit;tiny, narrow;sẽko;sẽgdo;;;
sẽoko;2;Nom;éo;hutte, cabane, abri;farm-hut, cabin, lodge, booth, shelter;;sẽgdo;Building;sũkunga;
sẽonego;;Nom;èo-ó;tubercule sauvage comestible;edible wild tuber;sẽoonego, sẽnsẽongo;sẽndo;Food, Grass, herb, vine;;
sẽoobgo;;Nom;;cigale;cicada;;;Insect;sẽebo3, ka-sẽoobgo, karsẽebga, sẽoonego1;
sẽoog kiuugu;;Nom;;juillet;July.;;;;;
sẽoog saabo;;expression;;fin de saison;end of season;;;Weather;;
sẽoog sasa;;expression;;saison pluvieuse;rainy season;;;Weather;sa-niir sasa, sẽoogo1;
sẽoogã kaoos n saame;;expression;;fin tardive de la saison;late end (to the season);;;Weather;;
sẽoogã kaoos n sɩngame;;expression;;installation tardive de la saison de pluies;late arrival of the rainy season;;;Weather;;
sẽoogã sɩngre;;expression;;début de saison, commencement de la saison;start of a season;;;Weather;;
sẽoogã tiig n saame;;expression;;fin précoce de la saison;early end (to the season);;;Weather;;
sẽoogã tiig n sɩngame;;expression;;installation précoce de la saison pluvieuse;early arrival of the rainy season;;;Weather;;
sẽoogo;1;Nom;ẽ́;saison des pluies, hivernage;rainy season;;sẽedo;Weather;sẽoog sasa, sa-niir sasa;"sɩpaolgo; synonyme: sẽoog sasa, sa-niir sasa"
sẽoogo;2;Nom;éo-ó;petit pagne pour porter l'enfant au dos;small cloths to carry a child on the back;sõogo;;Clothing;;
sẽoonego;1;Nom;ẽ́-ó;cigale;cicada;;sẽendo;Insect;ka-sẽoobgo, sẽebo3, karsẽebga, sẽoobgo;
sẽoonego;2;Nom;ẽ́-ò;arbuste (espèce) servant à soigner les angines;shrub sp;segue, kɛɛga, duanduanga;sẽendo;Bush, shrub;;
sẽoongo;;Nom;èo-ó;gris-gris pour détecter des mangeurs d'âme;magic object / charm to detect witches.;;sẽendo;;;
sẽoose;;Verbe;èo;émettre un bruit de succion par la bouche en signe de mépris;making a sucking noise of contempt with your mouth.;;;;;
sere;1;Verbe;é;traîner, racler;drag, trail, scrape, scratch;;;;;
sere;2;Verbe;è;suinter, dégouliner;drip off, dripping down, seep, ooze;;;;;
serẽngle;;Nom;;seringue;syringe.;;;;;
serge;;Verbe;é-è;déplacer, bouger une fois;dislodge, displace, shift one time, to move;;serse;;;
serom;;Nom;;sérum;serum;;;;;
se-rʋk kõbre;;Nom;;point de jonction entre la colonne vertébrale et l'os du bassin;spot where the backbone and the bone of the pelvis meet;;;Body;zãnkũngu;
sese;1;Verbe;è;boire avec excès;drink too much;;;;;
sese;2;Verbe;è;haleter;puff, pant, gasp for breath;;;;;
sesemde;;Verbe;è;prendre haleine, respirer un coup;take a deep respiration, take a deep breath.;;;;;
sẽsere;;Nom;;grand aulacode;greater can rat;sẽre;;Mammal;;
sẽsme;;Verbe;è;se refermer sans être guéri (plaie);close again without being healed (wound);;;;;
sẽta;;Nom;é;couturier, tailleur;tailor, dressmaker;;sẽtba;Worker;;
se-tɛɛga;;Nom;;soutien;support.;;;;;
sẽt-m-toore;;Nom;;machine à coudre;sewing machine.;;set-m-toaya;;;
sẽt-pʋʋre;;Nom;è-ʋ́-è;pelote, coussinet sur lequel on plante des aiguilles;ball, pincushion.;;sẽt-pʋya;;;
sɛ;;Verbe;ɛ̀;finir, achever;end, terminate;sa;;;;
sɛb koosg roogo;;Nom;;librairie;bookshop, book-store;;;Building;;
sɛb roogo;;Nom;;bibliothèque;library;;;Building;;
sɛɛbo;;Nom;ɛ́;la fin;the end;;;;;
sɛɛbo;1;Nom;;reins;loins, waist, lower back, lumbar region;;;Body;;
sɛɛbo;2;postposition;;postérieur, cul, anus, derrière;bottom, buttocks, behind, anus;;;Body;;
sɛɛbo;3;postposition;;maux de reins;pain in the back, low-back pain;;;Disease;;
sɛɛga;2;Nom;;hémorroïdes chez les enfants;haemorrhoid (children);;sɛɛse;Disease;zugtigi, se-moomde;
sɛɛga;3;postposition;ɛ́;à côté de, près de, au pied de;next to, close to, at;;seese;;;
sɛɛga;4;Nom;;arbuste (espèce);shrub sp;;;Bush, shrub;;
sɛg taaba;;expression;;avoir une réunion, rencontre;have a meeting.;;;;;
sɛgbo;;Nom;ɛ́-ò;action / fait de rencontrer, rencontre, croisement;encountering, coming across, crossing.;;;;;
sɛgde;;Verbe;ɛ́-è;convenir, être approprié;be suitable, fit together, to be appropriate, to be convenient;;;;toge2, zemse1;
sɛge;;Verbe;ɛ́;rencontrer;encounter, meet;sege;;;;
sɛgenda;;Nom;;cuisinier;cook;;;Worker;;
sɛgl roogo;;Nom;;cuisine;kitchen;rɩɩb roogo;;Building;;
sɛgle;;Verbe;ɛ́-è;préparer, apprêter, faire la cuisine;prepare, get ready, cook food, do the cooking, to prepare food;;;;;
sɛglgo;;Nom;ɛ́-ó;action de faire la cuisine, cuisine;cooking.;sɛoglgo;;;;
sɛgre;;Nom;ɛ́-è;rencontre fortuite;encountering by chance, random encounter.;;;;;
sɛg-yala;;Nom;;espèce de plante avec épines;kind of plant with thorns;;;Grass, herb, vine;sɩlg na-yẽega;
sɛk kẽesgo;;Nom;ɛ́ è-ó;versement par chèque;payment by check;;;Money;;
sɛka;1;Nom;ɛ́-à;rencontre, rendez-vous;encounter, meeting.;;segse;;;
sɛka;2;Nom;ɛ́-à;chèque;cheque, check;;;Money;;
sɛla;;Adverbe;ɛ́;droit comme un piquet;straight up;;;;;
sɛ-nifo;;Nom;;anus;anus, ass-hole;;;Body;lɩdga, yẽd-nifu, yẽdga, lɩd-nifu;
sɛnsɛnga;;Nom;ɛ̀-ɛ̀-á;brochette;kebab, skewer;;sensense, sensemse;Food;tui-raoogo;
sɛoglgo;;Nom;ɛ́o-ó;action de faire la cuisine;cooking, preparing food;sɛglgo;;Food;;
sɛsga;;Nom;ɛ́;le fait de haleter;puffing, panting, gasping for breath;;;;;
sĩ;2;Verbe;í;mettre en abondance en un seul endroit;put abundantly in one single place.;;;;;
sĩ;3;Nom;;maux des côtes;hurting of your ribs;;;Disease;;
sĩ gʋʋlgo;;Nom;;apiculture;bee-keeping, apiculture;;;Animal husbandry, Worker;;
sibdga;;Nom;;arbuste (espèce) dont les fruits en grappes ressemblent aux raisins;bush-grape tree, shrub sp whose fruits are grape-like;;sibdsi;Tree, Food, Bush, shrub;sãbga1;
sibi;;Nom;;raisins;grapes;;;Food;;
sĩb-paoko;;Nom;;zeste de raisin;grape zest;;;;;
sib-rãam;;Nom;;vin;wine;;;Food;reezẽ rãam;
sibri;1;Nom;í-ì;samedi;Saturday.;;;;;
sibri;2;Nom;ì-í;grain de raisin sauvage;kernel of wild grape tree.;;siba, sibi;;;
siddd;;Adverbe;ì;sensation de frisson parcourant tout le corps;feeling of quivering / shivering / thrilling / shuddering;;;;;
sĩdfu;;Adjectif;ì-ú;dur au toucher;hard in touching;;;;sĩdimdi;
sidgi;1;Verbe;í-ì;avoir ou provoquer des frissons, trembler;to have or to provoke shuddering, quivering, shivering, trembling.;;;;;
sidgi;2;Verbe;ì;s'inquiéter, geindre;worry, whine, lament;;;;;
sĩdi;;Verbe;ì;combler, boucher complètement;clog completely, fill in;;;;sẽo, sẽde;
sĩdimdi;;Adjectif;;dur au toucher;hard in touching;;;;sĩdfu;
sĩdlim;;Nom;;compacité;compactness;;;Grammar;;
sigdga;;Nom;ì-à;pente;hillside, slope;;sigdsi;Land;siugdgu;
sigi;1;Verbe;í;descendre, atterrir;get down, descend, come down, to land, go down;;;;"sãooge; antonyme: rʋ1";rʋ1
sigi;2;Verbe;ì;classer, disposer plusieurs choses, monter;to sort things out, put in order, rank, classify.;;;;;
siginda;;Nom;;animateur, enseignant, alphabétiseur;literacy teacher, organizer, leader, teacher, presenter, animator;;;Worker;;
sigli;;Verbe;ì;mettre en route, apprêter en disposant comme il faut;to set in motion, get going, get ready in setting up things correctly, get everything ready for.;;;;;
sigli gɛɛlga;;expression;;poser une opération;set up a math operation;;;Mathematics;;
sig-noore;;Nom;ì-ó-è;période juste avant les semailles, été;time period just before sowing, summer;;sig-noya;Weather;;
Sig-noy kiuugu;;Nom;;mois de mai;month of May.;;;;;
sigr kiuugu;;Nom;;juin;June.;;;;;
sigri;;Nom;í;commencement de la saison des pluies;beginning of the rainy season, early rains;;;Weather;;
sigsi;;Verbe;í-ì;faire descendre plusieurs choses;cause several things to get down.;;;;;
sig-to-wẽnga;;Nom;;panneau descente dangereuse;steep hill downwards;;;7;;
sĩifu;1;Nom;ĩ́-ú;abeille;bee;;sĩ;Insect;;
sĩifu;2;Nom;;côte, côtelette;rib, side, cutlet, chop;;sĩ;Body;;
siigi;;Verbe;í-ì;écrouler (s'), détruire, démolir, casser, tomber en ruine;to destroy, ruin, fall in ruins, tumbling down, destroy, knock down;;;;viigi;
siilfu;;Nom;ì-ú;sésame;sesame;sĩinfu;siili, sĩini;Food;sĩinfu;
siili;;Nom;;sésame;sesame;;;Food, Grass, herb, vine;;
sĩinfu;;Nom;ì-ú;grain de sésame;sesame grain;;sĩini;;siilfu;
sĩini;;Verbe;ì;faire couler en un mince filet;make flow in a thin stream;;;;;
sik menga;;expression;;se humilier, abaisser soi-même;humble oneself, demean oneself;;;;;
sik-gɩdgre;;Nom;;panneau stationnement interdit;no waiting;;;7;;
siki;;Verbe;í-ì;faire descendre une chose, décharger, abaisser, baisser, déposer;cause one thing to get down, unload, to lower, to put sth;;sigsi;;;
sikr zĩiga;;Nom;;dépôt;store, storehouse, warehouse, depot.;;;;;
sik-zĩiga;;Nom;;auberge, hôtel;inn, hostel, hotel.;;;;;
silfu;;Nom;í;vermine, parasite;worm, vermin, parasite;;sili;Small animals;;
silmi safãnde;;Nom;;espèce de plante;kind of plant;;;Grass, herb, vine;;
silmiiga;;Nom;ì-í;peul;Fulani, Fulbe.;sĩnmiiga;silmiisi, sĩnmiisi;;;
silmiirindi;;Nom;ì-í-í;langue des peuls, fulfuldé;Fulfulde language.;;;;;
silmi-tab-rʋko;;Nom;;plante (espèce);plant sp;;silmi-tab-rʋgdo;Grass, herb, vine;;
sĩ-lolle;;Nom;í;essaim d'abeilles;swarm of bees.;sĩ-lelle;sĩ-loala;;;
sĩm-bila;;Nom;;petite cuve en terre cuite;small container made of clay;;sĩm-bi;Container;;
simo kud-ribla;;Nom;;fer à béton;concrete iron.;;;;;
sĩndgu;;Nom;;silence;silence.;;;;;
sĩndi;;Verbe;í-ì;se taire;say nothing, keep quiet, hush, to shut up, be silent, be quiet;;;;;
sĩndri;;Adjectif;í;timide, réservé, calme, qui parle peu, silencieux;timid, shy, coy, quiet, calm, who doesn't speak much, silent;;;;;
sĩnga;;Nom;í;grande cuve en terre cuite, jarre;big clay dish, jar, vat, a very large clay pot;;sĩmsi;Container;zaoore3;
sĩnkaam;;Nom;;arachide;peanut plant;;;Food;nanguri1;
sĩnma;;Nom;;cinéma;cinema, movie theatre.;;;;;
sĩntogre;;Nom;í;grande cuve en terre cuite servant à stocker l'eau;big clay container for keeping water;;sĩntoaga;Container;;
sira;;Adverbe;ì;en regroupement, en rassemblement;grouped together, meeting together;;;;;
sirgi;;Verbe;;démolir, détruire;knock down, demolish, pull down, destroy.;;;;;
siri;;Nom;í;soupir;sigh.;;;;;
siribdu;;Nom;í-í-ú;cire;wax;;;;;
sĩ-ribgu;;Nom;;cire;wax, beeswax.;siribgu;sĩ-ribdu;;;
sisɛta;;Nom;;chaussettes;socks.;;;;;
sitã gãnegre;;Nom;;plan du site;Site map;;;computer / digital;;
n sõngd-a;;expression;;Ce site est patronné par ..;This website is sponsored by ..;;;computer / digital;;
siugdgu;;Nom;í-ú;pente;slope, hillside;;;;sigdga, seodgo, sedgo;
sɩ;;Verbe;;écorcher;to skin, flay;;;City;ruudi;
sɩbga;;Nom;ɩ́-à;bubale;Hartebeest;;sɩbse;Mammal;tilyã;
sɩbge;;Verbe;ɩ̀;punir, châtier;punish;;;;;
sɩbg-põore;;Nom;;espèce de plante;kind of plant;;;Grass, herb, vine;;
sɩbgre;;Nom;ɩ̀-é;punition;punishment.;;;;;
sɩb-sablga;;Nom;;damalisque;Senegal Hartebeest;;sɩb-sablse;Mammal;;
sɩd baaba;;Nom;;beau-père;father-in-law;;;Relationships;;
sɩd be;;expression;;réel;real, true, actual.;;;;;
sɩd ma;;Nom;;belle-mère;mother-in-law;;;Relationships;reem-poaka;
sɩd me;;conjonction;;en effet;for;;;;;
sɩd‑ma;;Nom;;belle-mère (mère du mari);mother-in-law (mother of the husband);;;Relationships;;
sɩda;1;Nom;ɩ́;mari, époux;husband;;sɩdba;Relationships;;
sɩda;2;Nom;ɩ̀-á;vérité, réalité;truth, reality;;;;;
sɩda;2;Adverbe;;vrai;truly, indeed.;;;;;
sɩda;3;Adverbe;ɩ̀-á;vraiment;really, indeed;sɩd-sɩda;;;;
sɩda;2;interj;;oui;yes.;;;;;
sɩddd;;Adverbe;ɩ́;sans dire mot, tranquillement;without saying a word, quietly;;;;;
sɩdem-sɩdem;;Adverbe;;en toute vérité, de source sûre, pour de vrai;genuinely, from / reliable source, surely;sɩdgem-sɩdgem;;;;
sɩd-kõore;;Nom;ɩ̀-ò-é;veuf;widower;rao pag sẽn ki;;Relationships;;
sɩd-sɩda;;Adverbe;;véritable, en vérité, vraiment;truly, true, genuine, real;;;;;
sɩfe;;Verbe;ɩ́-è;croire que, se mettre à l'idée que, penser que;believe that, suppose that, have the intention to;;;;;
sɩga;;Adverbe;ɩ́;de manière très préoccupée, sans bouger;in a preoccupied manner, without moving;;;;;
sɩgdre;1;Nom;ɩ́;arbuste (espèce) dont on utilise les branchettes pour se frotter les dents;shrub sp of which people use the branches to brush their teeth;;sɩgda;Bush, shrub;;
sɩgdre;2;Nom;;cure-dents;toothpick.;;;;;
sɩge;1;Verbe;ɩ́;sauter de joie;jump for joy;;;;;
sɩge;2;Nom;ɩ́;être la réplique de, la réincarnation de, le répondant de;be the replication (copy) of, be the reincarnation of, the equal of;;;;;
sɩgre;;Nom;ɩ́-è;réincarnation de, répondant de, descendance;reincarnation of, spirit-double, spirit-guardian, counterpart of, descendants;;sɩga;;;
sɩg-roogo;;Nom;ɩ́-ó-ó;genre;gender, kind;;;;;
sɩɩ;;Adverbe;ɩ́;silencieux, calme;quietly, noiseless, silently;;;;;
sɩɩbe;;Verbe;ɩ́-è;faire attention, craindre;pay attention, be careful, be fearful;;;;;
sɩɩdo;;Nom;ɩ́-ò;miel;honey;;;Food;;
sɩɩga;1;Nom;ɩ́-à;âme, esprit;soul, spirit, a person's spirit, part of his / her make-up.;;sɩɩse;;;
sɩɩga;2;Nom;;arbre (espèce) dont les feuilles sont utilisées pour faire de la teinture jaune;tree sp of which the leaves are used to make yellow dyeing;sɩɩdga;sɩɩse;Tree;;
sɩɩge;;Verbe;ɩ̀;dépouiller une bête;to skin (single instance), flay an animal, take off the skin;;sɩ;;rudgi;
sɩɩgre;;Nom;;boucherie, action de dépecer la viande;butchery, the act of butchering meat;;;;;
Sɩɩg-sõngo;;Nom;;Saint-Esprit;Holy Spirit;;;;vʋʋsem-sõngo;
sɩɩle;1;Verbe;ɩ̀;faire allusion à, biaiser;hint, make allusion to, allude to, make reference to, refer covertly;;;;;
sɩɩle;2;Verbe;ɩ̀;se faire petit, occuper le moins de place possible;make small / little, occupy the least space possible.;;;;;
sɩɩlem;;Nom;;moelle des os;bone-marrow;;;Body;;
sɩɩlga;;Nom;ɩ̀-à;proverbe, devinette;proverb, riddle;;sɩɩlse;Teach;yel-bũndi, yel-bũndi, yelbũndi;
sɩɩro;;Nom;;sirop;syrup, sirup;;;Disease;;
sɩɩse;;Verbe;ɩ́-è;toucher;to touch;;;;;
sɩɩsg yalg wilgda;;Nom;ɩ́ á-ì-á;le toucher;sense of touch.;;;;;
sɩ-kaam;;Nom;ɩ́;miel liquide sans cire;honey without wax, pure honey.;;;;;
sɩkr bãaga;;Nom;;diabète;diabetes;;sɩkr bãase;Disease;;
sɩlaalle;;Nom;ɩ̀-á-é;hirondelle, martinet;swallow, martin bird;;sɩlaala;Bird;;
sɩlaankoe;;Nom;;petit calao à bec noir;grey Hornbill;;;Bird;tiloonti, kiloonki;
sɩlem;;Nom;ɩ̀-é;malice, ruse, astuce;malice, ruse, craft, wiles, stealth, cleverness, shrewdness, astuteness;sɩlma;;;;
sɩlem-kãeega;;Nom;;curiosité;curiosity.;;;;;
sɩlenga;;Adjectif;ɩ̀-á;pointu, aigu;sharp-pointed, spiked;;sɩlemse;;;
sɩl-faoogo;;Nom;ɩ̀-áo;oiseau (espèce);bird sp;;sɩl-faado;Bird;;
sɩlg lʋɩɩse;;expression;;crash d'avion, accident d'avion;plane crash, plane accident.;;;;;
sɩlg na-yẽega;;Nom;ɩ̀-á;plante (espèce) ayant fortes épines ressemblant à des serres d'épervier;plant sp having sharp thorns like a hawk;;sɩlg-na-yẽese;Grass, herb, vine;sɛg-yala;
sɩlg ne yĩgr yɩlemda;;Nom;;hélicoptère;helicopter;;;Travel;;
sɩlg tɩʋko;;Nom;;manche à vent;air sock;;;;wõneg zʋ-wukdga;
sɩlg yɩkre;;expression;;décollage;take off.;;;;;
sɩlga;1;Nom;ɩ̀-á;milan noir, épervier;black kite, sparrow-hawk, hawk, a bird of prey;;sɩlse;Bird;;
sɩlga;2;Nom;;avion;a plane, aeroplane, air-plane;;;Travel;;
sɩlge;1;Verbe;ɩ́-è;verser un liquide lentement en gardant le fond, décanter;pour off liquid, pour slowly in allowing to settle, to decant;;sɩɩle;;;
sɩlge;2;Verbe;ɩ̀;tailler en forme pointue;sharpen or trim to get a pointed shape;;;;;
sɩlge;3;Verbe;ɩ̀;devenir un peu grand;become a bit big;;;;;
sɩlg-yiri;;Nom;ɩ̀-í-ì;aéroport;airport;;;Travel;;
sɩl-koatga;;Nom;;espèce d'arbuste;kind of shrub;;;Bush, shrub;;
sɩlkoore;;Nom;ɩ̀;arbuste (espèce);shrub sp;sẽnemkoore, sɩl-koatga;;Bush, shrub;kãl-yãanga, kalyãka;
sɩlma;;Nom;;ruse, séduction, tromperie;wile, craft, ruse cunning, trick;sɩlem;;;;
sɩlmande;;Nom;ɩ́;tourbillon de poussière, vent qui tourne en rond;maelstrom, whirlwind;;sɩlmana;Weather, Sky, Land;;
sɩlmande n sãamd teed wʋsgo;;expression;;cyclone;tropical cyclone;;;Weather;;
sɩlme;1;Verbe;ɩ̀;user des ruses;use craft, ruse, tricks;;;;;
sɩlme;2;Verbe;ɩ̀;être pointu;be pointed, sharp ended, spiky;;;;;
sɩl-moogo;;Nom;ɩ̀-ó;variété de masque;kind of mask.;;sɩl-moodo;;;
sɩlogo;;Nom;;espèce d'arbuste;kind of shrub;zɩlgo;;Bush, shrub;;
sɩlpãmde;;Nom;ɩ́;battoir en bois pour damer le sol des cases;a floor-beater, pounder made of wood to tighten the soil of rooms;sɩlpamde, sɩlenpamde;sɩlpãma;Tool;;
sɩlsaka;;Nom;;espèce d'arbre;kind of tree;;;Tree;;
sɩlsãka;;Nom;;crécerelle pour musique;round rattle, shaker;;sɩlsagse;Musical instrument;bul-yam;
sɩlsuku;;Nom;ɩ̀;hibou grand-duc africain;spotted eagle-owl;;sɩlsugdu;;viuug-n-di-soaamba, viuugu, vĩuungu;
sɩl-yĩngri;;Nom;;espèce de plante;kind of plant;;;Grass, herb, vine;;
sɩma;;Nom;ɩ́;ciment;cement;sɩmo;;;tuuru tãndo, sõmmeta;
sɩmande;;Nom;;cour extérieure devant la maison;front-yard, courtyard in front of the house, the reception area before the gate of a compound.;samande;sɩmana;;;
sɩmend saabo;;expression;;week-end;weekend;;;;da-yopoend baasgo;
sɩmende;;Nom;ɩ́-è;semaine;week;semende;;;rasem a yopoe, da-yopoende;
sɩndge;;Verbe;;se dresser sur la pointe des pieds;get on your toes;;sɩɩse;;;
sɩnga;;Nom;ɩ́-à;cuve de forme ovale;oval shaped container;;sɩmse;Container;zaoore3;
sɩngdga;;Nom;;origine, racine, base;origin, root, base, stem;sɩngre;;;yẽgre;
sɩnge;1;Verbe;ɩ́-è;commencer, débuter, aborder, initier;begin, start, top tackle, initiate;;;;;sa1, baase1
sɩnge;2;auxiliaire;ɩ́-è;bien avant, depuis longtemps;long time since;;;;pĩnda;
sɩngre;1;Nom;ɩ́;commencement, début, origine, base, initiale;beginning, start, origin, base, basis, initial;;;;tiligri, yẽgre, viuglg zĩigã;
sɩngre;2;Nom;;accueil;home;;;computer / digital;;
sɩngrẽ;;Nom;;amont;upstream;;;Water, Land;;
sɩnsɩlga;;Adjectif;ɩ́;de taille moyenne, qui n'est plus petite;middle size, that isn't small any more;;sɩnsɩlse;;;
sɩpal-seobgo;;Nom;ɩ́-á-èo-ó;harmattan;strong dust wind;sɩpaol-seobg o;;Sky;seb-fugdga, waood wakat sebgo sẽn fugd n tũud ne wubsgu;
sɩpaolg kiuugu;;Nom;;novembre;November.;sapaolg;;;;
sɩpaolg sasa;;expression;;saison sèche;dry season;;;Weather;;
sɩpaolg zẽed tʋʋmã;;expression;;culture de contre saison;off season agriculture;;;Agriculture;;
sɩpaolgo;;Nom;ɩ́-ó;saison sèche;dry-season;sapalgo, sɩpaolg sasa;;Weather;zu-pɛɛla;"sa-sika, sẽoogo1; synonyme: zu-pɛɛla"
sɩpaol-seobgo;;Nom;;harmattan, vent fort du désert;strong sandy desert wind;;;Weather, Sky;seb-fugdga;
sɩra;;Adverbe;ɩ́;sans parole;without a word.;;;;;
sɩtorgo;;Nom;ɩ́;citron;lemon;;sɩtordo, sɩtoro;Food;sɩtoro, lemburi;
sɩtoro;;Nom;;citron;lemon;;;;sɩtorgo, lemburi;
sɩtoro tɩɩga;;Nom;;citronnier;lemon tree;;;Tree;lembu-tɩɩga;
sɩʋ;;Verbe;ɩ́;donner une fille en mariage avec obligation pour celui qui reçoit de vous retourner le premier enfant de cette union;give a daughter to be married with the obligation to the one who marries her to give the first child back to you;;;;;
sɩ-zũuri;;Nom;;ver blanc dans le miel;white worm in honey;;sɩ-zũya;Small animals;;
smartfonde;;Nom;;smartphone, téléphone intelligent, téléphone tactile;smartphone;;;computer / digital;nugẽ bãnga;
so;1;Verbe;ò;se laver (le corps), prendre une douche;wash (the body), take a shower, to bathe, baptise;;;;;
so;2;Verbe;ó;posséder, être maître de;possess, own, be in charge of, be responsible for;;;;;
so;3;Nom;ó;seau;bucket;;so-rãmba;Container;;
sõ;;Verbe;ṍ;frotter, enduire;rub, smear, coat.;;;;;
so koom;;expression;;baigner;to bath, bathe.;;;;;
sõaadga;;Nom;óa-à;râpe;grater;;sõodse;Tool;;
soaaga;;Nom;;possession;possession.;;;;;
soaala;;Nom;ó-à;propriétaire, patron, maître;owner, possessor, boss.;;soaalba;;;
soaamb bendre;;Nom;óa-é-è;champignon (espèce);mushroom sp;;soaamb bɛnda;Moss, fungus, algae;;
soaamba;;Nom;ó-à;lapin, lièvre;rabbit, hare;;soomse, soombse;Mammal, Animal husbandry;yir-soamba;
soaasa;;Nom;òa-á;hyène;hyena;;;Mammal;katre;kiu-kiu
soaba;;Nom;ò-á;propriétaire, possesseur, maître de;owner, possessor, master, person-who ..., person characterized by ..;;rãmba, dãmba;;;
soabenga;;Nom;òa-á;adjectif possessif;possessive pronoun;;;;;
soabga;;Nom;oá-à;teinture noire;black dyeing;;sobse;;gare;
sõadga;;Nom;ṍ-à;décompte, calcul, compte;calculation, counting, account;;;;;
soagdga;;Nom;ò-à;bouton, fermoir, crochet, épingle, reliure;button, thing to close, safety pin, binding.;;sogdse;;;
soaglenga;;Nom;;jarre sans fond qui sert de filtre;jar without bottom serving as a filter;;soglense;Container;;
soaka;1;Nom;oà-á;fléau, bois taillé de forme plate pour battre le mil;a flail (for threshing);;sogse;Agriculture, Tool;ra-bãande, ra-bãande;
soaka;2;Nom;oà-á;crochet, point de suture;joint, hook, point where it is put together.;;sogse;;;
soaka;3;Nom;oà-á;déjeuner;breakfast;;sogse;Food;no-soaka;
soakda;;Nom;;demandeur, celui qui se renseigne, enquêteur;inquirer, the one who inquires or asks questions;;;;;
soala-soala;;Adverbe;;en se cachant;in a hidden manner;;;;;
sõama;1;Adverbe;;bien, correcte;good, well;sõma;;;;
sõama;2;Adjectif;òa-á;parfait, correct, impeccable;perfect, correct, faultless, impeccable;;;;;
soam-bũndu;;Nom;;plante (espèce);plant sp;;;Grass, herb, vine;;
soanga;;Nom;oá;pioche fait pour creuser ou pour couper des buissons;kind of pickaxe made to dig or cut shrubs;;somse;Tool;;
sõangda;;Nom;õ̀-á;aide (celui qui), juré, avocat;helper, juror, lawyer, solicitor;;sõangdba;;;
sõansga;;Nom;;plante (espèce);plant sp;sõasga-yũudu, sẽnese;sõnsse;Grass, herb, vine;;
soara;;Adverbe;;complètement, entièrement;completely, entirely, fully, wholly;;;;yoaba;
soarba;;Nom;;cheval aux pattes blanches et au front blanc;horse with white feet and white forehead;;;Mammal, Animal husbandry;;
soasa;;Nom;;hyène;hyena;;;Mammal;katre, nayĩiri;
sõasga;1;Nom;;plante (espèce) à fleurs jaunes;plant sp with yellow flours;;sõsse;;;
sõasga;2;Nom;ṍ-à;causerie, dialogue, interview;conversation, talking, interview, chat;sõsga;;;gomd-n-taare, yẽsgo;
sõasga;3;Nom;;petite grenouille (espèce), rainette;small frog sp, tree frog;;sõsse, sõse, sõase;Amphibian;;
sõasgã taoor soaba;;expression;;animateur, présentateur (d'une émission);host;;;Worker;;
sõatga;;Nom;;comptable;accountant;;;Worker;;
soay mams-rẽesdem;;Nom;;carte routière;roadmap;;;;;
so-baka;;Nom;;carrefour;crossroads, road crossing, junction, intersection;;;;sotiisi, so-palempaaga, pɩʋʋgo1;
sobdo;;Adjectif;ó-ò;obscur, sombre;dim, faintly luminous, dark, sombre, black;;;;;
sobe;;Verbe;;noircir;turn black, make black, blacken.;sobge;;;;
so-bedre tɩ so-bil pɩʋʋge;;expression;;panneau priorité ponctuelle;crossroads, junction with a minor cross road;;;7;;
sobge;1;Verbe;ó-è;s'évanouir, perdre connaissance;faint, vanish, lose consciousness, become unconscious;;;Disease;vubgi;
sobge;2;Verbe;;noircir, devenir noir, obscurcir;turn black, make black, darken, become sombre, to be black;;sobe;Colour;;
sobgo;;Nom;ò-ó;vent;wind;sebgo, seobgo;;Weather;;
sobgre;;Nom;;évanouissement;fainting, loss of consciousness;;;Disease;vubgri;
so-bi-a yiib sɛka;;expression;;panneau priorité à droite;crossroads with right-of-way from the right;;;7;;
sob-kẽenga;;Nom;;orage, tempête;storm;;;Weather, Sky;seb-raoogo;
so-buka;;Nom;ó-á;piste, sentier, petit chemin;trail, track, pathway.;;so-bugsi;;;
sodaaga;;Nom;ò-á-à;soldat, militaire;soldier, military person;;sodaase;Worker;kam-bõanga;
sodaare;;Nom;ò-á-è;service militaire;military service;soddaare;;;kam-bõndo;
sõdb bila;;Nom;;unité de mesure (comptab.);unit of measurement;;;Money, Mathematics;teoogã makdga;
sõdbe;;Verbe;;subtiliser, faire disparaître adroitement;spirit something away, make to disappear skilfully;;;;;
sõd-bila;;Nom;ó;chiffre;number, digit, figure;;sõd-biisi;Mathematics;geel-bila;
sõd-bogdo;;Nom;;tableau de numération;numeration table;;;Mathematics;;
sõde;;Verbe;ṍ;compter, calculer, faire la somme, recenser;count, calculate, work out the amount,to list, to draw up an inventory of, to account, add up;;;;;
sõdge;;Verbe;ó;énumérer, réciter, citer, lister, numéroter;enumerate, recite, list, to number, count;;;;;
sõdg-n-gɛsga;;Nom;ó;inventaire;stocktaking;;;Mathematics;;
sõdgr sebre;;Nom;;registre, liste;register, list.;;;;;
sõdgre;;Nom;;récitation;reciting, to learn a text by heart.;;;;;
sõd-kẽemde;;Nom;ó;un grand nombre;a large number;;;Mathematics;;
sõd-kʋmdga;;Nom;ó-ʋ́-à;prix total;total price;sõd-kʋmbdga;;Money;fãa ligdi;
sõd-kʋmsdga;;Nom;ó-ʋ́-à;somme;sum;;;Mathematics;fãa, kʋmsdga;
sõd-kʋms-gilli;;Nom;;total général;sum total, grand total;;;Mathematics;;
sõd-muka;;Nom;ó-á;nombre entier;whole number;;;Mathematics;;
sõd-pʋɩtem;;Nom;ó-ʋ́-é;dividende;dividend;;;Mathematics;;
sõd-rɩt-m-menga;;Nom;;nombre premier;prime number;;sõd-rɩt-m-mense;Mathematics;;
sõds baoosem;;Nom;ó-ào-é;arithmétique;arithmetic;;;Mathematics;sõds baoosgo;
sõds baoosgo;;Nom;;arithmétique;arithmetic;;;Mathematics;sõds baoosem, geoolgo;
sõd-wɛgenga;;Nom;;nombre complexe;complex number;;;Mathematics;;
sõd-wɛlga;;Nom;;différence (entre nombres);difference (numbers);;;Mathematics;;
sõd-yiib-n-dɩtga;;Nom;ó;nombre pair;even number;;;Mathematics;;
sõd-yiib-n-tõatga;;Nom;;nombre impair;uneven number, odd number;;;Mathematics;;
sõd-yɩlemdem;;Nom;;multiplicande;multiplicand;;;Mathematics;;
sõd-zĩidga;;Nom;;dénominateur;denominator;;;Mathematics;;
sõd-zɩtre;;Nom;;inconnue;unknown quantity;;;Mathematics;;
sõeya;;Nom;ó;sorcier, mangeur d'âme;sorcerer, wizard, witch;sõya;sõeeba;;;
sofɛɛre;;Nom;;chauffeur;driver;;sofɛɛmba;Worker;zir-wẽnda, doarba;
sogbo;;Nom;ó-ò;fait / action de piler;pounding.;;;;;
sogbre;;Nom;ò-é;gros vaurien, bête, idiot;bad lot, no-good, dump person, stupid person.;;;;;
soge;1;Verbe;;boutonner, boucler, fermer, accrocher;button up, close, cling on, to fasten, lock;;;;"tʋde1; antonyme: soke1";soke1
soge;2;Verbe;ó;piler pour détacher se son;pound to get rid of the husk;;;;;
sogendaaga;;Nom;;arbuste (espèce);shrub sp;sʋgdraaga;sogendaase;Bush, shrub;;
sogle;1;Nom;ò-é;fil de fer;wire;;soagla;;waayɛ;
sogle;2;Verbe;ò;allumer le feu;kindle a fire, light a fire;;;;tuglgi1, yõoge;
sogle;3;Verbe;ò;emboîter;fit one into the other;;;;;
sõgne;1;Nom;ò-é;serviteur du chef, page;servant of the chief, butler.;;sõgen-dãmba;;;
sõgne;2;Verbe;ó-è;produire un bruit de cliquetis;make a noise of clank, jangle;;;;;
sogse;2;Nom;ò-é;crochets;brackets;;;;;
sokda;;Nom;;question;question;;sokdse;;sokre;
soke;1;Verbe;ò;détacher, déboucler, enlever les crochets /boutons;unlock, untie, unbutton, unfasten;;sogse;;"tʋdge; antonyme: soge1";soge1
soke;2;Verbe;ò;demander, questionner, poser une question, interroger;ask, interrogate;;sogse;;;
soke;3;Verbe;ó-è;rincer rapidement;rinse quickly;;;;waage1, nudgi1;
soke;4;Verbe;ó-è;déjeuner;eat breakfast;;sogse;;;
soke;5;Verbe;ò;attraper au vol;catch in the air;;sogse;;;
soke;6;Verbe;ò;communiquer, passer d'un endroit à un autre;communicate, pass from one place to another;;;;;
soke noore;;expression;;prendre le petit-déjeuner;to take breakfast;;;Food;;
so-kõ-bedre;;Nom;;autoroute;highway;;;Travel;;
so-kõodre;;Nom;ó-ó-é;grande route, route principale;large road, highway, main road;so-kõaaga, so-kõore, so-kõogo;so-kõaada;;so-raoogo;
so-kõore;;Nom;ó-è;grande voie;main road.;;so-kõya, so-kõose;;;
sokre;;Nom;ò-é;question;question;;;;sokda;
sokrgomde;;Nom;;phrase interrogative;interrogative sentence;;;Grammar;gom-soakdga;
solemde;;Nom;ó-é;conte;folk-tale, traditional story, tale, riddle;;soalma;Teach;;
solemdem;;Adjectif;;drôle, mystérieux;funny, entertaining, amusing, mysterious;;solemdɩ;;;
solenkẽega;;Adjectif;;gangrène, plaie incurable;gangrene, incurable wound;;solenkẽese;Disease;;
so-lɛbga;;Nom;;chemin de retour;the way to go back, the way back, the way home, return journey.;;;;;
solge;;Verbe;ó-è;cacher;hide;;;;mumi;
solle;1;Nom;ò-é;calebasse de forme allongée avec une ouverture dans laquelle on garde des petits objets;calabash of lengthy shape with an opening in which one stores small items;;soala;Container;;
solle;2;Adjectif;ò-é;allongé;outstretched, prostrate, stretched, laid down.;;soala;;;
solme;1;Verbe;ó-è;dire des contes, conter, dire une devinette;to tell a story, tell a folk-tale, tell a riddle, recount, relate, tell a riddle;;;;;
solme;2;Verbe;ò;passer d'une branche à l'autre;go from one branch to the other.;;;;;
so-loaada;;Nom;ó-à;passant;passer-by;;so-loaadba;;loaada;
solse;;Verbe;ò;marcher en se cachant;walk in hiding;;;;;
sõm;1;Nom;ó;bienfait;good deed, benefaction, beneficial effect, something good, a blessing;;;;;wẽnde2, wẽnga3, wẽnga1
sõm;2;Nom;;amidon;starch;;;;gomi;
sõmbe;;Verbe;ò;convenir, être bien;suit, fit together, be suitable, be appropriate, be good;;;;;
sõmblem;;Nom;ò-é;bonté, sainteté, perfection;goodness, kindness, holiness, perfection;;;;;
sõmbo;;Nom;õ̀-ó;bien;good, well.;;;;;
sõm-buudu;;Nom;;espèce de plante;kind of plant;sõm-bũndu;;Grass, herb, vine;tãng-buudu;
sõmde;;Adjectif;ò-é;parfait, correct, impeccable;perfect, correct, faultless, impeccable, good;;sõama, sõmya;;sõngo1;"wẽnga1, wẽnga3, wẽnde2; synonyme: sõngo1"
sõmmeta;;Nom;;ciment;cement;;;;tuuru tãndo, sɩma;
sõm-minim;;Nom;ò-í;gratitude, reconnaissance;gratitude, gratefulness, thankfulness .;;;;;
sõm-mita;;Nom;ó-ì;personne reconnaissante;grateful person, thankful person;;sõm-mitba;;yel-sõm-mita;
sõm-pĩiga;;Nom;;espèce de plante;kind of plant;;;Grass, herb, vine;;
sõm-soaba;;Nom;;bienfaiteur;benefactor;;;;;
sõm-zɩta;;Nom;ò-ɩ́-à;ingrat, oublieux;ungrateful person, forgetful person;;sõm-zɩtba;;yel-sõm-zɩta;
sõm-zɩtem;;Nom;ò-ɩ́-é;ingratitude;ingratitude, ungratefulness;sõm-zɩtlem;;;yel-sõm-zɩtem;
sonde;1;Verbe;ò;chanter les louanges;sing the praises, to sing praises of sb;;;;;
sonde;2;Verbe;;se nommer;be named, be called, to surname oneself, mention one's ancestral / patronymic line;;;;;
sondẽ;;Verbe;;avoir comme nom de famille;have as a family name;;;;;
sondre;;Nom;ò-é;nom de famille, nom patronymique;surname, patronymic name, family name.;;soanda;;;
sõnge;;Verbe;õ̀;aider, assister, épauler, appuyer, contribuer, permettre;help, assist, back up, support, contribute, allow;;;;lɩɩse;
sõngo;1;Adjectif;ò-ó;bon, gentil, saint, indulgent, correct;good, gentle, correct, nice, kind, saint, holy;;sõama, sõmya;;sõmde;"wẽnde2; synonyme: sõmde"
sõngo;2;Nom;ò-ó;natte en pailles liées aux deux extrémités par des ficelles;straw mat sp.;;sõndo;;;
sõngo-sõng-ne;;Nom;;espèce de plante;kind of plant;;;Grass, herb, vine;wẽnd-lebende;
sõngre;;Nom;ò-é;aide, secours, appui, apport;help, assistance, relief, support, contribution;;;;;
sõng-taaba;;Nom;ò-á;entraide;mutual aid, helping one another;;;;taab sõngre;
sonsobgo;;Adjectif;ó;noirâtre;blackish;;sonsobdo;Colour;sõsõbgo;
soob-fuugu;;Nom;;maillot de bain;swimsuit;;;Clothing;;
soobo;;Nom;ó;lavage, action de laver / baigner, baptême;washing, baptism;;soob-rãmba;;lisgu;
sõodga;;Nom;;lime;file;;;;saasdga;
sõodo;;Nom;ó;sorcellerie;witchcraft;;;;;
sõog safãnde;;expression;;savonner;rub soap on, to soap all over.;;;;;
sooge;;Verbe;ó-è;posséder, s'approprier, devenir propriétaire;to appropriate, become owner, to own, possess, hold, to take possession;;;;;
sõoge;1;Verbe;ṍ-è;frotter, enduire;rub, coat, smear, anoint, wipe;;;;karge;
sõoge;2;Verbe;ṍ-è;avertir, mettre en garde;warn;;;;;
soog-m-menga;;Nom;ó;indépendance, liberté;independence, liberty, freedom.;;soog-m-mense;;;
soogo;;Nom;ó-ò;domaine, propriété territoriale;estate, land property, land ownership;;;Government;;
soolem;;Nom;ó-é;propriété, territoire, région, province;property, ownership, territory, region, province, sphere of influence;;;Government, Region;;
soolge;;Verbe;ò;s'abriter, se mettre sous le couvert de, profiter d'une occasion;protect from, shelter from, under the cover of, benefit from an opportunity;;;;;
sool-soole;;Nom;ó-ó-è;jeu de cache-cache;hide-and-seek game.;;;;;
soom-bila;;Nom;;levraut;bunny;;;Mammal;;
soomkõogo;;Nom;ó;arbuste (espèce) avec fruits sucrés;shrub sp with sweet fruits;;soomkõodo;;;
soompiiga;;Nom;;herbe (espèce) qui sent très fort;plant sp;;soompiisi;Grass, herb, vine;;
soom-piiga;;Nom;ó-à;plante (espèce);plant sp;;soom-piisi;Grass, herb, vine;;
soom-saare;;Nom;ó;chasse à la battue, battue;drive, hunting, chasing animals, beat;;;Hunt and fish;gʋga, waoongo2;
soom-toɛɛnga;;Nom;;plante (espèce);plant sp;;soom-toeemse;Grass, herb, vine;;
soonde;;Verbe;ó-è;cacher (se);to hide oneself;;;;;
sõor ne begse;;expression;;nombre décimal;decimal number;;;;bɩsemd sõdre;
sõore;1;Nom;ó-è;nombre, effectif, quantité;number, quantity;sõdre, sõdse;;Mathematics;waooglem;
sõore;2;Nom;ò-é;aurore, matinée;dawn, daybreak, morning;;;Sky;sãoore3;
soose;;Verbe;ò;agir en cachette;act in a hidden manner;;;;;
so-palempaaga;;Nom;;carrefour, croisement;crossroads, intersection, crossing roads;;so-palempaase;;so-baka, sotiisi;
so-pamd sẽn sẽgem m dɩʋtgo;;expression;;chaussée rétrécie par la droite;road narrows on right;;;7;;
so-pam-salse;;Nom;;panneau chaussée glissante;slippery road;;;7;;
so-pam-sẽka;;Nom;;panneau chaussée rétrécie;road narrows on both sides;;;7;;
sõpɩ;;Adverbe;;disparition totale;total disappearance;sõp;;;;
so-pɩʋʋgo;;Nom;ó-ò;chemin qui traverse;road that is crossing.;;so-pɩʋʋse;;;
sor ligd yaoob zĩiga;;expression;;péage;tollbooth.;;;;;
sor nen-gɩdgdga;;Nom;;panneau interdit;no entry for vehicular traffic;;;7;;
sor noore;;Nom;;trottoir, bord de la route;side-walk, side of the road;;;Travel;;
sor tũudum noya;;Nom;;code de la route, règles de circulation;road signs, traffic rules.;;;;;
sor wilgda;;Nom;;guide;guide;;;Worker;;
sor zug tʋʋma;;Nom;;panneau travaux;road works;;;7;;
so-raoogo;;Nom;ó-á-ó;grand route, route principale;large road, highway, main road;;so-raado;;so-kõodre;
sore;1;Verbe;ò;couler au long de;trickle down, flow along, leak;;;;;
sore;2;Verbe;ò;être à couvert, se cacher sous;be covered, hide under;;;;;
sore;3;Nom;ó-è;route, chemin, passage, trajet;road, way, path, journey, crossing.;;soaya;;;
sorge;;Verbe;ó-è;enfoncer sous, se glisser sous;drive in, glide under, get under;;sore;;;
sor-kũuni;;Nom;;autorisation, permission;permission, authorization, permit.;sor kũuni;;;;
sorse;;Verbe;ó-è;piler une deuxième fois pour détacher les grains;pound a second time to detach the grains;;;;;
sor-wãgdga;;Nom;ò á-á;consonne;consonant;sor-wãgda;sor-wãgdse;Grammar;;wãgdga
sor-wãgd-gĩndi;;Nom;;groupe de consonnes;consonant cluster;;;Grammar, Teach;;
sõs tɩ beoog vẽege;;expression;;veillée, parler jusqu'au matin;pass a night without sleeping, night watch, vigil;;;;;
sõsd-n-taaga;;Nom;ó-á-á;personne avec qui on cause;conversation partner.;;sõsd-n-taase;;;
sõse;1;Verbe;ṍ;causer, bavarder;talk, chat, to converse;;;;;
sõse;2;Verbe;ṍ;rester toute la journée, passer la journée;stay the hole day, spend the whole day, to pass the day;;;;;
sõse;3;auxiliaire;;se passer, éventuellement;happen that, should the occasion arise;;;;;
sosɛta;;Nom;;chaussette;sock;;sosɛtse;Clothing;nao-wʋʋga, na-wʋʋse, na-wʋʋdo;
sõsg zĩiga;;Nom;;terrasse;terrace, balcony, roof garden.;;;;;
sõsge;;Verbe;ó-è;dans les salutations: faire passer la journée ou donner l'occasion de causer;in greetings: make the day go by or give occasions to talk / have conversations;;;;;
sõsõbgo;;Adjectif;;noirâtre;blackish;;sõsõbdo, sablg-sablga;Colour;sonsobgo;
sõs-raaga;;Nom;;espèce de plante;kind of plant;;;Grass, herb, vine;;
sõta;;Nom;ó-à;compteur, personne qui compte ou calcule;counting agent, meter (device counting), person who counts or calculates.;;sõtba;;;
sotiisi;;Nom;ó;carrefour, croisée des chemins;crossroads, crossing of roads;;;;so-baka, pɩʋʋgo1, so-palempaaga;
so-toagda;;Nom;;passager, voyageur;passenger, traveller;;;Travel;;
so-toagdba lore;;Nom;;autocar;coach bus, car;;;Travel;;
so-toaka;;Nom;;voyage;travel, journey, trip, voyage;;so-togse;Travel;kẽnda;
so-tũuda;;Nom;ó;coléoptère noir (espèce);black beetle sp;;so-tũudba;Insect;;
sõya;;Nom;;sorcier, magicien;sorcerer, wizard, witch.;sõeya;;;;
soyy;1;Adverbe;ò;long;long;;;;;
soyy;2;Adverbe;ó;entièrement, complètement fini;entirely, thorough, fully, wholly, completely finished;;;;kasɩ2;
su;1;Nom;ú;chou;cabbage;;su-rãmba;Food;;
su;2;Verbe;ú;s'enivrer, se soûler;get drunk;;;;tɩg rãam;
sũ;;Verbe;;se rassembler en grand nombre, mobiliser;get together in large numbers, mobilize;;;;;
subdga;;Nom;;arbuste (espèce);shrub sp;sũbdga, sũn-sũbdga;subdsi, sũbdsi;Food, Bush, shrub;garzungo;
subdri;;Nom;ù-í;charrue;plough, plow;;;Agriculture;wãka, rũm-kũuri, bõan-kũuri;
sũ-beedo;;Nom;ù-é;tristesse, désolation;sorrow, sadness, gloominess, desolation, affliction;;;;sũ-sãango;
subga;;Nom;ú;petite pince;pair of tweezers;;subsi;Tool;;
sũbgi;;Verbe;ú-ì;casser au nœud;break at the nod / knot, to break sth;;sũbsi;;;sũgi
sũbragãaga;;Nom;ù-à-á-á;arbuste (espèce), dont les fruits ne sont pas comestibles;shrub sp (fruits are not edible);subd-raaga;sũbragãase;Bush, shrub;rambresuga;
subramalga;;Nom;ù;merle métallique;glossy starling;;subramalse;Bird;salsanga;
subri;;Nom;ù-í;fruit d'arbre (espèce);tree fruit sp;sũbri;suba, sũba;Food;;sũgi
sudga;;Nom;ú-à;cascade, chute d'eau;waterfall, cascade;sudgu;sudsi;Water;;
sudgi;;Verbe;ú-ì;verser de l'eau (écoulement de haut vers le bas);pour out water down (flow from high to low), (water) pours down;;suudi, sudsi;;;
sudi;;Verbe;ú;s'enfoncer, s'embourber;sink in, bog down, to get stuck in the mud;;;;;
sũdi;;Verbe;;embourber;to get stuck in the mud.;;;;;
sudmi;;Verbe;ù;subtiliser, faire disparaître, chiper;make to disappear, sneak, pinch, steal;;;;;
sudum;;Nom;ù-ú;hypocrisie, traîtrise;hypocrisy, deceitfulness, treason, betrayal.;;;;;
sũdunga;;Nom;ù-á;étendu occupée par l'herbe nommée «aristida sp»;place overgrown by the grass called «aristida sp)»;;sũdunsi;Grass, herb, vine;sũtu;
sug-bila;;Nom;;petite coiffe en paille qui finit la toiture d'une case;small straw hat/ cover / bonnet that ends the top of the roof point;;sug-bi;Building;;
sugdẽ-daaga;;Nom;;espèce d'arbuste;kind of shrub;sʋgdre-lenga, subd-raaga;;Bush, shrub;;
sũgdga;;Nom;;articulation;articulation, knuckle;;sũgdgsi;;rʋdre1, sũka;
sugi;;Verbe;ú;marcher à une cadence anormale;walk in an unusual pattern of movement;;;;;
sũgi;;Verbe;ù;s'articuler, s'ajuster;to join things up, join together, adapt oneself, articulate a structure;;;;;sũbsi, sũbgi
sũgni;;Verbe;ù;coordonner;coordinate;;;;yõgne2;
sũgnugu;;Nom;;coordination;coordination;sũg-nugu;;;yõgnego2;
sug-raoogo;;Nom;;poutre, bûche, barre, bâton;beam, log, joist.;;;;;
sugri;1;Nom;ú-ì;toit en paille d'une case ronde;thatched roof of a round hut, thatch;;suga;;;
sugri;2;Nom;ú-ì;pardon, excuse, indulgence;pardon, forgiveness, forbearance, patience;;;;;
sug-roogo;;Nom;;case;hut;;;Building;;
sugsda;;Nom;ú-á;médiateur;ombudsman, mediator, arbitrator;;;Worker;paasda;
sui;;Verbe;ù;mettre dans, empocher, s'emplir;put inside, to bag, to pocket sth., to pack, to put sth;;;;;
sũka;;Nom;;articulation;articulation, knuckle, joint;;;Body;sũgdga;
sũ-keelem;;Nom;ũ̀-é;courage;courage, bravery;;;Sense, perceive;;
sũ-kɛɛra;;Nom;ũ̀-ɛ́;courageux, brave (un);courageous person.;;sũ-kɛɛrba;;;
suki;;Verbe;ù;tremper et retirer dans un liquide;to dip, dunk sth., soak and draw out from a liquid;;;;;
sũki;;Verbe;ù;déboîter;dislocate;;;;;
sũ-kiiri;;Nom;ù-í-í;jalousie, égoïsme;jealousy, selfishness;sũ-kĩiri;;Sense, perceive;;
sũ-ki-neda;;Nom;;égoïste, jaloux;selfish man, selfish woman, selfish person, jealous man, jealous woman, jealous person.;;;;;
sũ-koɛɛnga;;Nom;;plastique dur;hard plastic.;;;;;
sũ-koom;;Nom;ú-ó;latex;latex.;;;;;
sũkunga;;Nom;;hutte, tente;hut, tent;;;Building;sẽoko2;
sula;;Adverbe;;manière souple de s'accroupir;soft manner of bowing or squatting down;;;;põana;
sũ-leg-lege;;Nom;;plastique mou;soft plastic.;;;;;
sulfu;;Nom;ú;serval;serval cat;;sulya;Mammal;;
sulgi;;Verbe;ù;se pencher, se courber;to bend over, bow down, submit, bend forward, stoop, bend down;;;;;
sulg-m-menga;;Nom;;humilité;humility.;;;;;
sulgu;;Nom;ù-ú;petit récipient suspendu servant à garder le tabac au sec;small container hanging in the air to keep tobacco dry;;sulsi;Container;;
suli;;Verbe;ú;creuser un trou en profondeur;to dig a deep hole, dig a hole in depth;;;;;
sũ-linga;;Nom;;sternum;breastbone, sternum;;sũ-limsi;Body;;
sulli;1;Nom;ú-ì;groupement, association, groupe;grouping, association, guild, fellowship, society, group;;sula;;lagem-n-taare, lagem-lagem;
sulli;2;Nom;ú;tache;spot or mark, blotch.;;sula;;;
sull-sulli;;Nom;;divisé en plusieurs groupes;divided by several groups;;;;;
sulunsuku;;Nom;ù-ú;ombre (d'une personne, animée);shade of a living person /animal, shadow.;sulunsuka;sulunsugdu, sulunsugsi;;;
sũm;;Nom;ú;sève;sap, juice;;;Parts of a plant;;
sũma;;Nom;ú;pois de terre;Bambara beans, Bambara ground-nuts;sũm-menga;;Food, Grass, herb, vine;;
sũ-maasem;;Nom;;patience, douceur;patience, gentleness, mildness;;;Sense, perceive;;
sũ-maasga;;Nom;ù-á-á;modération, sagesse;moderation, soberness, good behaviour;;sũ-maasse;Sense, perceive;;
sũ-maasre;;Nom;ù-á-é;caoutchouc (brut);rubber (natural);;;;sũ-nare;
sũ-mare;;Nom;;patience, douceur;patience, gentleness, mildness;;;;;
sũ-mikri;;Nom;;pyrosis (aigreurs d'estomac);heartburn, pyrosis;;;Disease;;
sũm-kaam;;Nom;ù-á;arachides;ground-nuts, peanuts;sĩnkaam;;Food, Grass, herb, vine;nanguri1;
sũm-kaam waka;;Nom;;coque d'arachide, gousse d'arachide;ground-nut shell.;;;;;
sũm-kɩ-lalle;;Nom;;espèce de pois de terre dont la coque renferme deux graines;kind of ground-nut having two nuts;;sũm-kɩ-lala;Grass, herb, vine;;
sũm-moogo;;Nom;ù-ó;pois de terre bouillis avec la coque;Bambara beans cooked with their hulls / husks;;sũm-moodo;Food;;
sũmwaaga;;Nom;ù-á;plante (espèce) à forte odeur;plant sp with strong odour;sũmwaasdga;sũmwaase;Grass, herb, vine;rũmrũmbi, rũngrũngi;
sũnaadre;;Nom;ù-á-è;espèce de poison;kind of poison;;;;zẽnem;
sũ-nare;;Nom;;caoutchouc;rubber;;;;sũ-maasre;
sũnga;;Nom;ú;champs de pois de terre;Bambara bean field / farm;;sũmsi, sũnsi;Agriculture;;
sũ-noogo;;Nom;ũ̀-ó;joie, bonheur, gaieté, plaisir;joy, luck, happiness, fortune, cheerfulness, pleasure;;sũ-noodo;Sense, perceive;;
sũ-pa-noaanga;;Nom;ũ̀-á-á-à;tristesse, mécontentement;sadness, dissatisfaction, displeasure.;;sũ-pa-noom se;;;
supĩim;;Nom;ú;aiguille;needle;sũpĩim;supɛɛma, sũpɛɛma;Tool;fu-gõoga, fu-gõaaga, fu-pĩim;
sũ-puugri;;Nom;;colère;wrath;sũ-puuri;;Sense, perceive;sũ-yikri, sũ-toogo;
sũ-puuri;;Nom;;colère, vif mécontentement;anger;sũ-puugri;;Sense, perceive;sũ-toogo;
surgu;;Adjectif;ú;penché, courbé;bent, tilted, curved;;surdu;;;
suri;1;Verbe;ù;être courbé, être penché;be curved, be bent;;;;;
suri;2;Verbe;ú;mettre des semences en excès dans un poquet en semant;put too many seeds in a hole while sowing;;;;;
sũ-roakda;;Nom;;vengeur;avenger.;;;;;
sũ-sãango;;Nom;;tristesse, angoisse, mécontentement;sadness, distress, dissatisfaction, discontent, annoyance, displeasure;sũ-sãanga, sũ-sãoongo;sũ-sãamse;Sense, perceive;sũ-beedo;
sũ-sãoongo;;Nom;;tristesse, angoisse, mécontentement;sadness, distress, dissatisfaction, discontent.;sũ-sãango;;;;
susga;1;Nom;ú;crin de cheval;horsehair;;sussi;Parts of an animal;;
susga;2;Nom;ú;barbe d'épi;silk of millet ear.;;sussi;;;
susi;1;Nom;ú;constellation d'étoiles, voie lactée;star constellation, Milky Way.;;;;;
susi;2;Adverbe;ú;tout droit;straight;;;;;
susoaaga;;Nom;;labour collectif;collective ploughing;;;Agriculture;;
susuku;;Nom;ú;oiseau (espèce);bird sp;;susugdu;Bird;;
susutga;;Nom;ú-á;arbuste (espèce), mimosa clochette;shrub sp;susutri, sunsutga;susutsi;Bush, shrub;;
susutri;;Nom;;espèce d'arbre;kind of tree;;;Tree;;
sutgu;;Nom;ù-ù;louche, cuillère en bois;ladle, wooden spoon;sutga;sutsi;Tool;sãabga;
su-tõog soaba;;expression;;personne patiente;patient person;;;;;
sũ-toogo;;Nom;;colère;anger;;;Sense, perceive;sũ-puuri, sũ-puugri;
sũ-tõogo;;Nom;ũ̀-ṍ-ò;maîtrise de soi, résilience;self-control, resilience;;sũ-tõodo;Sense, perceive;;
sũ-toolem-soaba;;Nom;;nerveux;nervous person.;;;;;
sutu;1;Nom;;espèce d'herbe;kind of grass;;;Grass, herb, vine;;
sutu;2;Nom;;espèce de plante;kind of plant;;;Grass, herb, vine;;
sũtu;;Nom;ú;herbe (espèce);grass sp;;;Grass, herb, vine;sũdunga;
suu;;Adverbe;ù;complètement abattu (attitude);completely downcast attitude;;;;;
suudi;;Verbe;ú-ì;souder;weld;;;;;
sũudu;;Nom;ú-ù;caoutchouc, lance-pierre;rubber, sling;;sũudsi;;;
sũuga;;Nom;ú-à;plante rampante;plant sp climbing up;;sũusi;Grass, herb, vine;;
suulli;;Adjectif;ú-ì;dont la longueur et la largeur sont égales;of which the length and width /breadth are equal;;suula;;;
sũur lʋgsgo;;Nom;;pouls;pulse.;;;;;
sũur yĩigi;;expression;;se mettre en colère;become angry;;;;;
sũuri;;Nom;ú;cœur;heart;;sũya;Body;;
sũuri puugi;;expression;;s’énerver, se fâcher contre;get angry;sũuri yikame;;;;
suurs ẽnkoni;;Nom;;source inconnue;unknown source;;;computer / digital;;
suusi;;Verbe;ú-ì;somnoler;doze, snooze;;;;;
suuta;;Nom;;soudeur;welder;;;Worker;tõakda;
su-wardga;;Nom;ù-á-á;sarcleuse;weeding machine;wardga;;Agriculture;wãg-wardga;
sũ-yaalle;;Nom;;nausée;nausea;;sũ-yaala;Disease;sũ-yalenga;
sũ-yalenga;;Nom;;nausée;nausea;;;;sũ-yaalle;
sũ-yikri;;Nom;;colère, fureur;anger, fury, wrath;;;;sũ-puugri;
sũ-zabre;;Nom;;maux de cœur;cardiac pain;;sũ-zaba;Disease;;
sʋ-bugdga;;Nom;;sabre;sabre, sword.;;;;;
sʋgdaaga;;Nom;;espèce de plante épineuse;kind of thorny plant;;;Grass, herb, vine;sʋgdendaaga;
sʋgdendaaga;;Nom;ʋ́;plante épineuse (espèce) dont se servent les bergers pour faire des flûtes;kind of thorny plant of which the shepherds make flutes;sʋgdaaga;sʋgdendaase;Grass, herb, vine;sʋgdaaga;
sʋgdre;;Nom;;plante (espèce);plant sp;;sʋdga;Grass, herb, vine;katr-nanguri;
sʋge;;Verbe;ʋ́;actionner un objet longiligne en un mouvement de va et vins dans une cavité;move a long object in a hole forth and backwards;;;;;
sʋgme;;Verbe;;se mettre au centre, se donner de l'importance;to put oneself into the centre, attribute importance to oneself;;;;;
sʋg-pʋɩtga;;Nom;;médiane;median;;;Mathematics;gʋll sʋg-pɩʋʋga;
sʋg-pʋɩ-tĩidga;;Nom;ʋ̀-ʋ́ɩ-í-á;médiatrice;median;;;Mathematics;;
sʋgre;1;Nom;;panier de forme allongée (pour la pêche ou pour cage mobile de poules et poussins);long shaped basket (used for fishing or for transporting chicken).;;sʋga;;;
sʋgre;2;Nom;ʋ́;moyenne;average, pass mark;;;Mathematics;;
sʋg-rulga;;Nom;;équateur;equator;;;Land;;
sʋgse;;Verbe;ʋ́-è;démarier, transplanter, repiquer;transplant;;;Agriculture;woose2;
sʋg-vɩʋʋgo;;Nom;ʋ̀-ɩ̀-ó;intervalle;interval;;;Mathematics;;
sʋg-wɩlenga;;Nom;;équilibre;balance line;;;Mathematics;;
sʋg-zaka;;Nom;;paillasse servant à faire les concessions;straw mat used for construction of houses;;sʋg-zagse;Building;;
sʋɩtãana;;Nom;;diable, Satan, démon;devil, Satan, demon.;sʋgtãana, sʋtãana;;;;
sʋɩtãanem;;Nom;ʋ̀-á-é;méchanceté;wickedness, malice, badness, nastiness.;;;;;
sʋk yẽnde;;Nom;;prémolaire;premolar;;;Body;;
sʋka;1;Nom;ʋ́;milieu;the middle of sth;;sʋgse;;;
sʋka;2;Nom;;centre;centre;;;Mathematics;;
sʋka;3;postposition;;parmi, entre;among, amongst, in between.;;;;;
sʋka;2;Nom;ʋ́;thorax, tronc (d'une personne, partie d'une bête, arbre);thorax, trunk;;;Body, Parts of a plant, Parts of an animal;;
sʋke;;Verbe;ʋ́-è;soutirer du milieu de, séparer, trier;draw out of the middle, separate, sort, select, divide;;;;;
sʋ-kitrkĩinga;;Nom;;petit criquet (espèce);small locust sp;;sʋ-kitrkĩinsi;Insect;;
sʋkre;;Nom;ʋ́-è;sucre;sugar;;;Food;;
sʋlga;1;Nom;ʋ́;araignée;spider;;sʋlse;Spider;;
sʋlga;2;Nom;ʋ́;tisserand;weaver;;sʋlse;Worker;sʋn-wʋgda, wʋgda;
sʋndo;;Nom;;métier du tisserand;weaver's craft;;;Work and occupation;;
sʋn-wʋgda;;Nom;;tisserand;weaver;;;Worker;wʋgda, sʋlga2;
sʋtãana;;Nom;;Satan, diable;Satan, devil.;sʋɩtãana;;;;
sʋʋga;;Nom;ʋ̀-á;couteau;knife, cutlass, sword;;sʋʋse;Tool;;
sʋʋge;1;Verbe;;décrocher;unhook.;;;;;
sʋʋge;2;Verbe;ʋ́-è;tomber en grand nombre (feuilles, graines);fall in great numbers (leaves, grains);;;;;
sʋʋre;;Nom;ʋ̀-é;sauterelle, criquet;grasshopper, locust;;sʋya;Insect;;
sʋ-waorengo;;Nom;;espèce de sauterelle / criquet de grande taille;kind of big locust / grasshopper;;sʋ-warendo;Insect;;
t'a;;expression;;qu'il, qu'elle;that he, that she;;;;;
ta;1;Verbe;á;arriver, atteindre, parvenir;arrive, attain, reach;;;;;
ta;2;Verbe;à;enduire, essuyer contre;daub, coat, smear, anoint.;;;;;
ta;3;Verbe;;autant que, atteindre, aussi que (comparatif d’égalité);as much as, so much, all the, as many as;;;;;
tã;1;numéral;ã̀;trois, 3;three, 3.;tãabo;;;;
tã;2;Verbe;ã́;donner des coups de corne;knock / hit several times with a horn, bump, butt.;;;;;
tã';;Adverbe;;exactement, précisément;exactly, precisely;;;;;
tãa;1;Adverbe;à;évoque un regard fixe et menaçant;indicates an immovable and menacing look.;;;;;
taab sõngre;;expression;;entraide;mutual aid;;;;sõng-taaba;
tãab yɩlende;;Nom;à ɩ́-é-é;triple;triple, threefold;;;Mathematics;;
taaba;1;Pronom;;l'un l'autre, les uns les autres, mutuellement, réciproque;each other, one another, mutual, reciprocal;;;;;
taaba;2;Pronom;;ensemble;together;;;;;
taaba;3;Pronom;;d'autres;others;;;;;
tãabenga;;Nom;à-á;tiers (fraction);third (a fraction);;;Mathematics;;
taable;;Nom;á;table;table;taabla;;Household equipment;;
tãablem;;Nom;à-é;trinité;trinity;;;;;
taablɛte;;Nom;;tablette;tablet;;;computer / digital;;
taablo;;Nom;á;tableau (noir);blackboard;;;;wal-kãsenga;
taabo;1;Nom;á;arrivée, arriver (action de);arriving, arrival, celebration;;;;;
taabo;2;Nom;á-ò;fête, anniversaire, célébration;celebration, anniversary.;;;;;
taaga;;Adjectif;;semblable, autre de mon genre, co-actant, collègue, compagnon;fellow, co-worker, colleague, mate;taooga;taase;;taare1;
tãage;;Verbe;ã́-è;donner un coup de corne, heurter, cogner;hit with a horn, bash, bang, strike, hit, knock into, bump, butt;;tã, tãase;;;
taale;1;Nom;à-é;reproche, faute, culpabilité, péché;rebuke, reproach, reprove, blame, fault, offence, culpability, sin, guilt;;;;;
taale;2;Verbe;á-è;enduire en frottant contre;anoint, smear by rubbing against;;;;;
taalle;;Adjectif;á;collant, adhérent;tacky, sticky, adhesive;;taala;;;
taama;;Nom;;karités (fruits);shea fruits;;;Food;;
taamde;1;Nom;á-é;fruit du karité;Shea fruit;;taama;Food;;
taamde;2;Verbe;à;boucher et lisser à l’extérieur, établir une jonction;plug up and make smooth at the outside;;;;;
taamde;3;Verbe;à;entamer, enchaîner avec;begin, start, initiate, proceed, continue, go on with;;;;;
taame;1;Verbe;à;fermer pour toujours (parlant des yeux);close for ever (speaking of the eyes);;;;;
taame;2;Verbe;à;enchaîner avec;go on with, proceed to;;;;;
taanga;;Nom;á-á;karité (arbre);Shea tree;;taamse;Tree;;
tãan-saoolgo;;Nom;á-ào-ó;arbuste (espèce) dont la sève est très visqueuse;shrub sp;tãan-saalgo;tãan-saando;Bush, shrub;;
taar-bogdo;;Nom;;sandales;sandals;;;Clothing;;
taare;1;Nom;á;semblable;alike, similar, fellow-creature, fellow;;taya;;taooga, taaga;
taare;2;Nom;á;co-actance;commonality, common ground, similarity;;;;;
taare;3;expression;à-é;dit pour se réjouir du mal advenu à quelqu'un, comme raccourci de « nong-a-taare »;is said of rejoicing about the bad things happened to somebody else.;;;;;
taase;;Verbe;á-è;faire arrive, faire parvenir, acheminer;cause to arrive, to lead, direct sb;;;;;
tãase;2;Verbe;á;s'adresser à quelqu'un sans ménagement, rudoyer qqn;to speak rudely to sb., to tell off in a rudely manner, to bully sb.;;;;;
tab tʋko;;Nom;à ʋ́-ó;tabatière;tobacco box, snuffbox;;tab tʋgdo;Container;;
taba;;Nom;à-á;tabac;tobacco;;;Grass, herb, vine;;
taba-tɩ-taba;;Adverbe;;un petit pas à la fois;one small step at a time.;taba-taba;;;;
tãb-biiga;;Nom;à-í;compagnon d'armes, soldat, guerrier;fellow soldier, worrier.;;tãb-biisi;;;
tabdga;;Nom;à-á;champ de tabac;tobacco field;;tabdse;Grass, herb, vine;;
tabe;1;Verbe;á;marcher dessus de façon répétée, piétiner;march over several times, tread on, trample on;;;;;
tabe;2;Verbe;à;être collé aux parois de;be stuck at the wall of;;;;;
tabende;2;Verbe;;montrer, présenter, indiquer;to indicate, show, present;;;;wilgi;
tabende;;Verbe;à;se coller à, adhérer à, se mettre, se tenir contre;to stick to sth;;;;;
tabge;1;Verbe;;ramasser (une fois), saisir habilement, prendre prestement une petite chose;gather (once), take a small thing;;tabse;;;
tabge;2;Verbe;á-è;marcher dessus une fois, piétiner;march over once, trample, tread on, to walk, foot it, kick;;tabe;;;
tabge;3;Verbe;à;prendre habilement;take in skilful manner.;;;;;
tab-kaoore;1;Nom;;drapeau;flag, banner.;tãb-kaoore;tabkaoa;;;
tab-kaoore;2;Nom;;tabac en forme de cigare;tobacco in form of a cigar.;;;;;
tãb-kaoore;;Nom;à-áo;guerre, bataille;war, battle;;;;;
tabl n wilge;;expression;;afficher;to display, show, to put up.;;;;;
table;;Verbe;à;coller, faire adhérer en appliquant quelque chose contre;stick, paste up, glue, tape;;;;;
tabre;;Nom;;tabac;tobacco;;taba;Grass, herb, vine;;
tab-rʋko;;Nom;à-ʋ́-ò;pipe;pipe, tobacco-pipe.;;tab-rʋgdo;;;
tab-rʋk-raoogo;;Nom;;espèce de plante;kind of plant;;;Grass, herb, vine;;
tabse;;Verbe;;ramasser plusieurs fois;gather (several times or things).;;;;;
tab-sɩre;;Nom;;tabac en poudre;tobacco powder.;tab-sɩɩre;tab-sɩya;;;
tab-tʋbre;;Nom;;espèce de tabac très fort;kind of strong tobacco;;tab-tʋba;Grass, herb, vine;;
tab-tʋko;;Nom;à-ʋ́-ó;blague à tabac;tobacco-pouch.;;tab-tʋgdo;;;
tab-voaka;;Nom;à-óa-à;pépinière de tabac;tobacco nursery.;;tab-vagse;;;
tada;;Adverbe;à;refus total et obstiné de coopérer;total refusal to cooperate;;;;;
tadbe;;Verbe;á-è;marcher dans la boue;walk in mud;;;;;
tadb-tadbe;;Nom;;marche pénible, incertaine;painful / hard / rough going, uncertain doubtful going;;;;;
tadge;1;Verbe;á-è;tarder, retarder, mettre en retard;to delay sth., late (be);;;;;
tadge;2;Verbe;;être fatigué, exténué par quelque chose, se décourager;be tired, weary / exhausted by something, discourage;;taade;;;
tadge;3;Verbe;á-è;refuser d'avancer;refuse to go on;;;;;
tae;;Verbe;à;tirer plusieurs choses;pull several things.;;;;;
tãeene;;Verbe;àe;devenir solide, consistant, coriace, raidir;become solid, tough, to stiffen;tãeele;;;;
tagdo;;Adjectif;à-ó;épais (pl.);thick (pl.);;;;;
tage;;Verbe;á;mettre le pied, fouler du pied, marcher sur;put the foot on, tread on sth., trample on;;;;;
tagem-n-taar bũmbu;;Nom;;biens communs;common property;;;;lagem-n-taar laogo;
taglem;;Nom;à-é;épaisseur, corpulence;thickness, corpulence;;;;;
tagme;;Verbe;à-é;être épais;be thick;;;;;
tagre;;Adjectif;à-é;épais;thick;;taga;;;
tagsda;;Nom;á;pensées;thoughts;;;;;
tagse;;Verbe;á-è;réfléchir, penser, raisonner;reflect, ponder, think about, think, reason with, meditate, consider;;;;;
tagsgo;;Nom;;réflexion, raisonnement;reflection on, reasoning.;taogsgo;;;;
tagsi;;Nom;;taxi;taxi;;;Travel;;
tags-woko soaba;;Nom;;personne avec une bonne mémoire;person with good memory;;;;;
tãg-tãge;;Adverbe;;complètement et fermement;completely and firmly;;;;;
take;1;Verbe;à;tirer, attirer;pull sth., attract, draw;;ta, tae, tɛ;;;
take;2;Verbe;;réfléchir, raisonner;think about, reflect, reason;;tagse;;;
takemde;;Verbe;á;mâchonner;munch, eat something noisily;;takme;;;
takem-takem;;expression;;presque rien à mâcher;almost nothing to chew;;;;;
takɩ;;Adverbe;á;exactement, précisément, précis;exactly, precisely, precise;;;;;
takme;;Verbe;;mâchonner;munch;;;;;
takre;;Nom;;fait de sortir, retirer;pulling out, taking out;;;;;
tak-sẽedo;;Nom;;espèce de plante;kind of plant;;;Grass, herb, vine;;
talaato;;Nom;à-á-ò;mardi;Tuesday.;tɩlaado;;;;
talemdo;;Nom;á;état de roturier, condition modeste, vassalité;state of a commoner, condition of simple lifestyle, simple, vassalage;;;;;
talga;1;Nom;á-à;roturier, commun des mortels, personne ordinaire;commoner, common run of people, ordinary person;;talse;;;
talga;2;Nom;à-á;animal châtré / castré (chèvre, mouton etc.);castrated animal (goat, sheep etc.) Category: Animal husbandry.;;talse;Animal husbandry;;
talge;;Verbe;á-è;racler un peu de sauce collée aux parois d'un récipient;scrape a bit of sauce sticking at the inner side of a container;;talse;;;
talkʋmdo;;Nom;à-ʋ́-ò;gomme;rubber, gum.;;;;;
tall n kẽnge;;Verbe;;emporter, aller avec;carry away, go with;;;;;
tall n maane;;expression;;user, utiliser;to use, to wear out.;;;;;
tall n menga;;expression;;être prudent;be careful;;;;;
tall n tʋme;;Verbe;;utiliser, se servir comme instrument;use as an instrument to.;;;;;
tall n wa;;expression;;amener;bring.;;;;;
talle;1;Verbe;à;garder pour soi, s'approprier;keep for oneself, appropriate, to hold on to, get hold of;;;;;
talle;2;Verbe;à;avoir eu, avoir possédé;have had, have possessed;;;;;
talle;3;Adjectif;à-é;plat qui n'est pas proéminent;flat, that is not salient, not protruding;;tala;;;
tallgo;;Nom;;entretien;maintenance, servicing;;;;;
tama;;Adverbe;á;complètement éteint ou fermé;completely extinct or closed;;;;;
tãma;;Nom;á;pièce de 1 franc CFA;money coin of 1 franc CFA;;tãm-dãmba;Money;tãmbre2;
tãmbeok bug-raoogo;;Nom;;champignon de forme allongée (espèce);mushroom sp with lengthy shape;;tãmbek bug-raado;Moss, fungus, algae;;
tãmbeok yoore;;Nom;;espèce de champignon de forme phallique;kind of mushroom having a phallic shape;;tãmbeok yoaya;Moss, fungus, algae;;
tãmbeoko;;Nom;á-ó;termitière dont les petites termites servent à nourrir la volaille;termite hill of which the small termites are used as food for the chicken / fowls, termite-mound;;tãmbegdo, tãmbɛgdo;Small animals;;
tãmbɛg-biiga;;Nom;á-í;termite (espèce);termite sp;;tãmbeg-biisi;Insect;;
tãmbɛg-bi-raase;;Nom;;termites mâles, termites chétives;male termites, puny termites;;;;;
tãmbre;1;Adjectif;à;gros et difforme;big and deformed, big and misshapen;;tãmba;;;
tãmbre;2;Nom;á-é;pièce de 1 franc;money piece of 1 franc;;tãmba;Money;tãma;
tãmbre-kʋɩlga;;Nom;;espèce d'arbre;kind of tree;;;Tree;;
tamm;;Adverbe;à;de manière appliquée, résolument;in a thorough manner, thoroughly, in a determined manner;;;;;
tãmpĩiri;;Nom;;enfant illégitime, bâtard;illegitimate child, bastard, child of unknown father;;tãmpĩiba;Relationships;kõeebre;
tãmpĩir-lobg-m-sĩ;;Nom;;gilet;cardigan, waistcoat, vest;;;Clothing;;
tãm-puusi;;Nom;;collines;hills;;;Land;tãmse;
tãmpʋʋre;1;Nom;à-ʋ́-è;poubelle, endroit où l'on jette les ordures, dépotoir;dustbin, trash-can, waste-bin, place where you put the rubbish, rubbish heap, midden, garbage-pile.;;tãmpʋya;;;
tãmpʋʋre;2;Nom;à-ʋ́-è;couleur grise (de l'âne);grey colour (of donkey), gray;;tãmpʋya;;;
tãms toalenga;;Nom;;chaîne de montagnes;mountain range, mountain chain;;;Land;;
tamse;;Verbe;á-è;s'éteindre complètement;turn off completely , put out, extinct completely;;;;tãm-puusi;
tãn-bedre;;Nom;;montagne, haute montagne;mountain, high mountain;;;Land;;
tãn-beoko;;Nom;;termitière;termite hill.;tãmbeoko;;;;
tãn-bila;;Nom;;colline;hill;;;Land;kunkubri, tãn-puuga;
tãn-bisdg pende;;expression;;risque de chutes de pierres;falling or fallen rocks;;;7;;
tãn-boko;;Nom;;fosse qui sert de dépotoir;pit, hole in the ground serving as rubbish place;;;;tãnnaoko;
tãnbre;;Adjectif;à;rangé, coupé;orderly, settled, lined-up, cut, trimmed.;;tãnba;;;
tãn-dagre;;Nom;à-é;morceau de terre;lump of earth;;tãn-daga;Land;;
tãndge;;Verbe;à;s'affairer sans relâche ni repos;bustle about without release or rest;;;;;
tãndo;;Nom;;mottes de terre, banco;earth / mud / adobe clumps.;tãondo;;;;
tãng pende;;Nom;á é;pied de la montagne;foot of a mountain.;;;;;
tãng sẽn wʋbd bugum;;expression;;volcan;volcano;;;Land;;
tãng sɛɛga;;Nom;á ɛ́-á;vallée;valley.;;;;;
tãnga;;Nom;á;colline, montagne;hill, mountain;;tãense, tãmse, tãynse;Land;;
tãng-buudu;;Nom;;espèce de plante;kind of plant;;;Grass, herb, vine;sõm-buudu;
tãnge;;Verbe;á-è;abandonner à, se décharger de quelque chose sur quelqu'un;leave to, hand over to somebody;;;;;
tãngno-raoogo;;Nom;;perdrix, poule de rochers;partridge;;;Bird;tãntãnnoaaga;
tãng-ra-koɛɛnga;;Nom;;arbuste (espèce);shrub sp;;tãng-ra-koeemse;Bush, shrub;tãng-rãmbrzũuga;
tãng-rãmbrzũuga;;Nom;;arbuste (espèce);shrub sp;tãnga põenga;;Bush, shrub;tãng-ra-koɛɛnga;
tãng-ra-zũnga;;Nom;;espèce d'arbre;kind of tree;;;Tree;tɩ-koɛɛnga;
tãn-kɩdre;;Nom;à-ɩ́-è;motte;lump of earth.;;;;;
tãn-koeemde;;Nom;à-óe;brique;brick.;;tãn-koɛɛma;;;
tãn-koeem-wamde;;Nom;;moule pour confectionner des briques;mould, mold for making bricks;;;Tool;;
tãn-lʋgre;;Nom;à-ʋ́;versant, flanc (d'une montagne);mountainside, mountain slope, hillside;;;Land;;
tãnme;;Verbe;à;courir en hauteur le long de;run upwards along of;;;;;
tãn-meta;;Nom;;maçon;mason, bricklayer;;;Worker;;
tãnnaoko;;Nom;à-áo;fosse qui sert de dépotoir;pit, hole in the ground serving as rubbish place;;tãnnagdo;;tãn-boko;
tãn-pigri;;Nom;;motte de banco (utilisé dans la construction des cases);lump of earth / adobe / clay (used for house construction);;tãn-piga;Building;;
tãn-puuga;;Nom;;colline;hill;;;Land;tãn-bila, kunkubri;
tãnsoaba;;Nom;à-á;chef de guerre;warlord.;;tãnsoben-dãmb a;;;
tãntãa;;Adverbe;;unique, seul;unique, alone;zãntãa;;;tãa2;
tantabr boɛɛga;;Nom;;espèce de plante;kind of plant;;;Grass, herb, vine;;
tantabre;1;Nom;á;obscurité totale;total darkness;;;;lika;
tantabre;2;Nom;á;glu, matière visqueuse et tenace;glue, adhesive, viscous and sticky matter;;tantaba, tãntaba;;;
tãntãmpuudu;;Nom;à-á-ú;bave;slaver, slobber, drool.;;;;;
tãntãnde;;Nom;à-á-è;espèce de collier que l'on porte au bassin;kind of string of beads carried at the waist.;;tãntãna;;;
tãntãnnoaaga;;Nom;à-á-ó-à;perdrix, poule de rochers;partridge;;tãntãnnoose;Bird;tãngno-raoogo;
tãntãoogo;;Nom;á;trompette;trumpet;tãontãoogo;tãntãado;Musical instrument;tõntõogo;
tãntãre;;Nom;à-á-è;poisson (espèce), sardine;fish sp, sardine;;tãntãya;Fish;;
tãnturi;;Nom;ã̀-ú-ì;oryctérope, fourmilier;aardvark;;tãntuya;Mammal;;
tãn-wĩiga;;Nom;;bambou;bamboo;;;Grass, herb, vine;;
tãn-yɩɩle;;Nom;;pic de montagne;pick of a mountain;;;Land;tãn-zu-baafo;
tãn-zu-baafo;;Nom;;pic de montagne;pick of a mountain;;;;tãn-yɩɩle;
tao;;Adverbe;ào;vite;quickly.;tao-tao;;;;
tão;2;Verbe;ã̀;tirer, décocher (une flèche), donner un coup de pied;to shoot (gun, bow), kick, draw a bow;;;Hunt and fish;;
tão;3;Verbe;ào;porter, mettre à la hanche;to carry on the hip, , put on the hip;;;;;
tão;4;Verbe;ào;pousser, gagner en hauteur;grow, get higher;;;;;
tãoa;;Nom;;frère ou sœur du sexe opposé;brother or sister, sibling of the opposite sex;;tãpa, tãopa;Relationships;;
taogsgo;;Nom;;avis, réflexion, sentiment, idée, opinion;opinion, advice, feeling, sentiment, idea.;;;;;
taoko;1;Adjectif;à-ó;épais, potelé;thick, plump.;;tagdo;;;
taoko;2;Adjectif;á-ó;fort, forte;strong;;tagdo;;;
tãonglgo;;Adjectif;ào-ò;dur, rugueux, coriace;hard, rough, coarse;tãnglgo;tãnglse;;;
tãongo;;Nom;áo;motte de terre;earth / mud clump;;tãndo;Land;;
tãoo;;Adverbe;áo;tout seul, unique;alone, unique, single;;;;tãa2;
tãoobo;;Nom;;tir;shooting, firing, shot.;;;;;
tãoodenga;;Nom;ào-á;furoncle;furuncle, carbuncle, boil;;tãoodense;Disease;nod-tãoodenga, tãoodre;
tãoodga;;Nom;;celui qui tire, tireur;shooter;;tãoodse;Hunt and fish;;
tãoodre;;Nom;;furoncle;boil, furuncle;;;Disease;nod-tãoodenga, tãoodenga;
taooga;;Nom;;semblable;alike, similar, fellow;taaga;;;taare1;
tãooga;;Nom;áo-à;espèce de piège;kind of trap, pitfall, snare.;;tãoose;;;
taoolende;;Nom;ào-é;une variante du mooré parlé à l'ouest (région de Koudougou);Moore dialect spoken in the western part (Koudougou area);;;Region;;
taoolenga;1;Nom;ào-é-á;locuteur du taoolende (=variante dialectale du mooré);taoolende (=Moore dialect) speaking person.;;taoolense;;;
taoolenga;2;Nom;ào-é-á;préposition;preposition;;;;;
tãoongo;;Nom;áo-ó;écorce fibreuse;fibrous bark;;tãando;Parts of a plant;;
taoor kẽnde;;expression;;progression;progression.;;;;;
taoor soaba;;Nom;;autorité, supérieur, dirigeant, directeur, leader, chef et porte parole;authority, superior, leader, director.;;;;;
taoor wilga;;expression;;membre antérieur;anterior limb;;;Parts of an animal;;
taoor-bãaga;;Nom;;maladies sexuellement transmissibles (MST);sexually transmissible diseases (STD);;taoor-bãase;Disease;nonglem-bãaga, pʋg-bãase;
taoore;1;Nom;ào-é;devant, vers l'avant;in front of, ahead, before, forward;;;;;
taoore;2;postposition;;plus loin, plus en avant;further on, farther, beyond;;;;;
taoore;3;postposition;;l'ouest;the west.;;;;;
taoore;2;Nom;ào-é;terme pour désigner le sexe;genital area, pubes, word to indicate the sexual organ;;taoa;Body;saeega2, poglem;
tãoosa;;Nom;ào-á;chasseur;hunter;;tãoos-rãmba;Hunt and fish;;
tãoose;1;Verbe;à;chasser (en tirant sur le gibier);to hunt (game);;;Hunt and fish;;
tãoose;2;Verbe;ào;jaillir, projeter, expulser un liquide;to gush out, throw out, fling, squirt, spring out;;;;;
tãoosgo;;Nom;;chasse;hunting.;;;;;
tãoos-naab ko-yũudu;;Nom;;plante (espèce) dont les fruits contiennent beaucoup d'eau;kind of fruit sp whose fruits contain a lot of water;tãoos-naab tab-rʋko;;Grass, herb, vine;;
tãoosre;;Nom;ào-é;chasse;hunt, hunting;;;Hunt and fish;;
tão-poaka;;Nom;;sœur;sister;;;Relationships;;
tao-tao;;Adverbe;;vite, rapidement;quickly, fast, speedily, swiftly;tao;;;to-to4, tʋʋll-tʋʋlle;
tãp-kaoor yɩɩlle;;Nom;;hymne nationale;national anthem;;;;tẽng-sondg yɩɩlle, Burkĩna Faso fãag-m-meng yɩɩle;
tãpo;;Nom;á;arc;bow (for shooting);;tãbdo;Tool, Hunt and fish;;
tar nonglem;;expression;;sympathique;nice, likeable, pleasant, friendly, sympathetic.;;;;;
tar pʋ-peelem;;expression;;sincère;sincere, true, genuine, honest.;;;;;
tar rɩlsa;;expression;;nutritif;nutritious.;;;;;
tar yamsem;;expression;;salé;salty, spicy.;;;;;
tar yaoodo;;expression;;salarié;wage-earning, salaried.;;;;;
tarboko;;Nom;à-ó-ó;babouche;slipper.;tar-boko;tarbogdo;;;
tare;1;Verbe;à;avoir, posséder, détenir présentement, avoir sur soi;have, possess, have actually;;;;;
tare;2;Verbe;á;reculer, marcher en reculons, reculer d'une façon répétée;to move back, retreat, retreat in a repetitive manner, go backwards;;;;;
tarem;1;Nom;á;richesse, aisance, possession;wealth, affluence, riches, possessions;;;;arzɛka;
tarem;2;Nom;à-é;soutien moral (à un malade);moral support (for a sick person);;;;;
tarem soaba;;Nom;;richard;rich person;;;;arzɛk soaba, rakãagre;
tarenkɛ;;Nom;;coupe-coupe, machette;cutlass, machete;tar-n-tɛ;;;karentɛ;
targãnga;;Nom;;herbe (espèce) qui pousse aux alentours des cases;grass sp that grows around houses;tar-gãnga;;Grass, herb, vine;pargãnga;
targe;;Verbe;á-è;reculer une fois, déplacer pour, dégager;move away, retreat, give way;;tarse;;;
tar-kaanga;;Nom;;oléagineux;oleaginous.;;;;;
tarmangãse;;Nom;;varicelle;chickenpox;tarmangasre, tarmangasa;;Disease;sãab-beaooga, barb-kẽnda;
tar-n-kɛ;;Nom;;coupe-coupe;cutlass;;;Tool;karentɛ;
tar-pɩgsa;;Nom;à-ɩ́-à;volaille;poultry, fowl;;;Animal husbandry;rũm-pɩgsa;
tasbi;;Nom;;chapelet;rosary;;;;sapɩlɩ;
tãsbila;;Nom;;grain de chapelet musulman;bead of Muslim chaplet.;;tãsbi;;;
tãse;;Verbe;à;crier sur, gronder;to shout, yell, scream, shout at;;;Weather, Sky;;
tãsga;;Nom;á;cri;yelling, shouting, screaming;;;;;
tãsɩyõ;;Nom;;hypertension et hypotension;hypertension and hypo-tension;;;Disease;;
tasme;;Verbe;à;s'affaisser, s’écarter, se fendre;fall away, sink down, divide in two parts, split;;;;;
tã-tã;;Adverbe;à;exactement, précisément;exactly, precisely;;;;;
tatre;;Adjectif;á-é;adulte pleinement développé;adult completely developed, fully grown;;tatse;;;
te;;Verbe;è;étayer plusieurs choses, prendre appui sur, retenir par un support;prop several things, hold by a support / fixture.;;;;;
tẽ;1;Verbe;é;croire, espérer, penser que;to believe, trust, hope, think that;;;;;
tẽ;2;Verbe;é;croître, s'allonger (plantes);grow, get taller (plants), to unfold, unwrap;;tẽese;;tẽemde;
tebe;;Verbe;;porter un objet lourd, tenir avec la main en supportant par le bas;carry a heavy item, to hold (on the flat of the hand);;;;;
tẽbe;1;Verbe;è;bourrer;stuff, cram, to fill to bursting;;;;;
tẽbe;2;Verbe;é;se battre en agitant les jambes, gigoter;to fight by moving the legs quickly, struggle with the legs;;;;;
tebende;;Verbe;;tenir dans la main en supportant par le bas;to hold (on the flat of the hand), hold with the hand from underneath, support sth;;;;;
tebge;;Verbe;è;soulever;lift up, to hold sth;;tebse;;;
tẽbge;;Verbe;è;prendre une petite quantité entre le puce et l'index;take a small quantity between your thumb and your index finger;;tẽbse;;;
tebg-põore;;Nom;;espèce de plante;kind of plant;;;Grass, herb, vine;;
tẽbne;;Verbe;è;faire des pressions répétées avec le pouce et l'index;press several times with your thumb and your index finger;;;;;
tebre;;Nom;é-è;support pour grosses marmites;holder for big cooking pots;;tɛba;;;
tedge;1;Verbe;è;changer, transformer;to change sth., exchange (single instance), transform;;tedse, teede;;;
tedge;2;Verbe;è;aligner, disposer l'un après l'autre;bring into line, line up, align, put one next to the other;;;;;
tedg-pãnga;;Nom;;révolution;revolution;;;Government;revolisiõ, tẽdg-sõngo;
tẽdg-sõngo;;Nom;;révolution;revolution;;;Government;revolisiõ, tedg-pãnga;
tee;;Nom;;espèce de plante, thé;kind of plant, tea;;;Grass, herb, vine;;
tẽeb ziri;;Nom;é-ì-í;superstition, fausse croyance;superstition, false belief.;tẽeb zĩri;;;;
teebe;;Verbe;;soulever;to lift / hold sth;;tebse;;;
teebo;;Nom;é;action de tenir par un support;holding by a support.;;;;;
tẽebo;;Nom;;foi, croyance, espérance;faith, belief, hope.;;;;;
teed bĩngr roog gɛta;;Nom;;magasinier;stock controller, warehouse keeper, warehouseman.;;;;;
teed bĩngr roogo;;Nom;;magasin;storehouse, magazine;;;Building;;
tẽeda;;Nom;é-à;croyant;believer.;;tẽedba;;;
teede;;Verbe;;changer, échanger, transformer;to change sth., exchange.;;tedse;;;
tẽede;;Verbe;;se souvenir de, rappeler;to remember, remind;;tẽese;;;yibgi, yĩmi
tẽega;;Nom;;espèce d'arbre;kind of tree;tẽega;;;;
teege;1;Verbe;è;appuyer, étayer une chose;prop one thing, lean on, press on, support self on;;;;;
teege;2;Verbe;è;porter autour de la tête;wear around the head;;teegda;;;
tẽege;1;Verbe;ẽ̀;se rappeler, se souvenir (une seule fois);remember, remind (single instance);;tẽese, tẽede;;;yibgi, yĩmi
tẽege;2;Verbe;é-è;déplier, tendre, étendre, dérouler;to unfold, stretch, unroll, unwrap, spread (single instance);;tẽese;;;
teegre;;Nom;;appui;support.;;;;;
tẽegre;;Nom;è-é;rappel, souvenir;reminder, callback, remembrance.;;;;;
teele;1;Verbe;è;aider à monter (en poussant), pousser quelqu'un;help to climb (by pushing), push somebody up (as: tree, slope, wall);;;;;
teele;2;Verbe;;traîner, coucher au sol;drag on the ground, lay on the ground;;;;;
tẽemde;;Verbe;é-è;pousser, grandir (plantes grimpantes);grow, get taller (climbing plants);;tẽeme;;tẽ2;
teeme;;Verbe;é-è;changer, transformer;change, transform;;;;;
tẽem-tẽega;;Nom;;espèce de plante;kind of plant;;;Grass, herb, vine;;
teese;1;Verbe;é-è;indiquer / montrer du doigt;indicate with the finger, to point at / to / out;;;;;
teese;2;Verbe;è;s'arrêter à mi-chemin;stop at half-way, stop in the middle;;;;;yibgi, yĩmi
tefende;;Nom;é;coussin sous la selle;cushion under the saddle.;;tɛfla;;;
tẽge;1;Verbe;è;frotter en pressant avec la main, écraser en pressant entre les doigts;rub with the hands, squash / crush with the fingers;;;;;
tẽge;2;Verbe;é-è;être posé debout (récipient);be put upright (container), to be standing upright;;;;;
tẽgne;;Verbe;é-è;poser;to stand sth;;;;;
tẽgr-pẽre;;Nom;;carpe, tilapia;Tilapia fish;;;Fish;pẽere;
tẽgs a tã;;Nom;;trois points de suspension;suspension points, dots;;;;;
tẽgsa;;Nom;;pontillés;dotted line, perforations.;;;;;
tẽg-yɩɩbre;;Nom;;deux points;colon;;;Grammar, Teach;;
tek;;Nom;;espèce d'arbre;kind of tree;;;Tree;;
tek bãoonego;;expression;;monnayer;make change;;;;wãage2;
tẽka;;Nom;é-à;point, tache, marque;point, spot, mark, stain;;tẽgse;;;
teke;;Verbe;è;échanger, changer (une seule fois);exchange, change (single instance);;tegse;;;
tẽke;;Verbe;é-è;tacher, tacheter, faire une marque;sully, stain on sth., spot, speckle, dapple, to make a mark;;;;;
tekre;;Nom;;variation, changement;variation, change;;;;toeengo;
tele;;Nom;;télévision;television.;;;;;
telefond poortaable;;Nom;;téléphone portable, smartphone;cellphone, smartphone;;;computer / digital;poortaable, nugẽ bãnga;
telephonde;;Nom;;téléphone;telephone;;;computer / digital;;
telle;;Adjectif;;jeune;young;;;;polle;
tẽma;1;Adverbe;è;très fin;very soft, smooth;tẽna;;;;
tẽma;2;Adverbe;è;complètement, entièrement;completely, entirely;;;;;
tembe;;Verbe;é-è;se préparer, s'apprêter;get ready;;;;;
tẽmde;;Adjectif;è-é;dur, robuste, consistant;hard, tough, sturdy, robust;;tẽma;;;
teme;;Verbe;;tamiser;sift.;;;;;
tẽme;;Nom;è-é;tamis;sieve, sifter;;;Container, Tool;karzaka, goaadga;
tẽn-baoosgo;;Nom;è-ó;géographie;geography;tẽn-baoosem;;City;;
tẽn-bila;;Nom;;village;village;;;City;tẽn-kõaka;
tẽn-bobelle;;Nom;;satellite;satellite.;;;;;
tẽn-bogre;;Nom;è-ó;hémisphère;hemisphere;;;;dũni wã boak a ye;
tẽn-bulli;;Nom;è-ú-ì;hameau;hamlet;;tẽn-bula;City;;
tẽn-dãmbgo;;Nom;;soulèvement populaire;riot of the population.;;;;;
tẽne;;Nom;è-é;lundi;Monday.;;;;;
tẽnese;;Verbe;;rendre lisse, net et harmonieux;make smooth, clean and shapely;;;;;
tẽng neba;;Nom;;peuple;people.;;;;;
tẽng no-vigindi;;Nom;;constitution;constitution;;;;ni-kãsenga, kĩungu, tẽng-kugri, tẽn-kugri1;
tẽng pʋgẽ radiyo;;expression;;radios communautaires, radios locales;local radio;;;Language and thought;;
tẽng rigingu;;expression;;tremblements de terre;earthquake;;;Land;;
tẽng taoor dãmbã;;expression;;autorités politiques, dirigeants, gouvernants;political leaders;politikã taoor dãmbã;;Government;;
tẽng taoor soaba;;expression;;autorité, dirigeant, décideur;authority;;;;noor rɩkr taoor soaba;
tẽng toaaga;;expression;;territoire;territory;;;Land;;
tẽng zĩ-kʋʋdgẽ;;Nom;é í-ʋ́-é;pôle;pole;;;;;
tẽng zug sigbu;;expression;;atterrissage;landing;;;Travel;;
tẽnga;1;Nom;ẽ́;pays, territoire, village, nation;land, country, village, town, territory;;tẽnse, tẽynse, tẽmse;Country, Land, Region;;
tẽnga;2;postposition;;au sol, par terre;at the ground;;;;;
tẽnga;2;Nom;é;terre, globe, monde, terrestre;earth, globe, world, earthly;;;Land;;
tẽngã gudgri;;expression;;labour, retourner la terre;ploughing;;;Agriculture;koobo;
tẽngã satmẽ;;Nom;;extrémité de la terre;ends of the earth;;;;;
tẽngã vẽenem;;expression;;sol, surface de la terre;ground;;;Land;tẽn-gãongo;
tẽn-gãn nenga;;expression;;relief;relief, land-form;;;Land;tẽn-gãn-yalga;
tẽn-gãn-yalga;;Nom;;relief;relief, land-form;;;Land;tẽn-gãn nenga;
tẽn-gãongã sẽn pa tar noosem;;expression;;sol dénudé, sol pauvre;poor ground;;;Land;zĩ-pelle;
tẽn-gãongã tẽngr koom;;expression;;eaux souterraines;groundwater;;;Water;;
tẽn-gãongã tẽngr kʋɩlse;;expression;;nappes d'eau souterraines;layers of groundwater;;;Water, Land;;
tẽn-gãongo;;Nom;è-áo;sol, relief, surface de la terre;soil, ground, relief, territory, land (physical), ground;;tẽn-gãndo;Land;tẽngã vẽenem;
tẽngempiisim;;Nom;è-í-í;rouille;rust.;;;;;
tẽngende;;Nom;è-é;familiarité;familiarity;tẽngendo;;;;
tẽngendẽoolle;;Nom;;oiseau (espèce de);kind of bird;;;Bird;tẽng-n-dõonde;
tẽngendo;;Nom;;local, de la région;local.;;;;;
tẽngen-dõaaga;;Nom;;espèce de plante;kind of plant;;;Grass, herb, vine;ko-rõaaga;
tẽngen-garga;;Nom;;espèce de plante;kind of plant;;;Grass, herb, vine;;
tẽngen-kẽsga;;Nom;;espèce de plante;kind of plant;;;Grass, herb, vine;;
tẽngen-limdi;;Nom;;insecte (espèce) ressemble à une araignée vivant sous terre;insect sp likening a spider, living underground;;;Insect;tẽng-n-libdri;
tẽngen-pusga;;Nom;;espèce de plante;kind of plant;;;Grass, herb, vine;;
tẽngen-voogre;;Nom;;espèce de plante;kind of plant;;;Grass, herb, vine;;
tẽng-kugri;;Nom;;constitution;constitution;;;Government;tẽng no-vigindi, ni-kãsenga;
tẽng-kʋɩ-tẽn-kʋɩ;;Nom;;espèce de plante;kind of plant;;;Grass, herb, vine;;
tẽng-n-biiga;;Nom;è-í;citoyen, autochtone (lit;;;tẽng-n-biisi;;;
tẽng-n-biilim;;Nom;;nationalité;nationality.;;;;;
tẽng-n-biilim sebre;;Nom;;pièce d'état civil;civil-status documents;;;Government;;
tẽng-n-biilim sɛb maaneg zĩiga;;expression;;état civil (lieu);place of civil registration.;;;;;
tẽng-n-biilim yalga;;Nom;;état civil (d'un individu);civil status (of an individual), marital status;;;Government;;
tẽng-n-biiri;;Nom;;civisme;public-spiritedness, good citizenship.;;;;;
tẽng-n-dãmba;;Nom;;connaissances;acquaintance;;;;;
tẽng-n-dõonde;;Nom;è-ó-é;oiseau (espèce) coureur ayant des rayures noires;bird sp;;tẽng-n-dõaan a;Bird;tẽngendẽoolle;
tẽng-n-libdri;;Nom;è-í-í;insecte (espèce) ressemble à une araignée vivant sous terre;insect sp likening a spider, living underground;tẽng-n-ligdri;tẽng-n-libda, tẽng-n-ligda;Insect;tẽngen-limdi;
tẽng-n-neda;;Nom;è-é-à;habitant d'un lieu désigné, personne familière, résident, autochtone;resident of a certain area, inhabitant, resident, familiar person, native.;;tẽng-n-neba;;;
tẽng-n-rõaaga;;Nom;;plante (espèce);plant sp;;tẽng-n-rõose;Grass, herb, vine;ko-rõaaga;
tẽng-n-vɩre;;Nom;;petit serpent inoffensif (espèce);small snake sp;;tẽng-n-vɩya;Reptile;;
tẽngr roogo;;Nom;;rez-de-chaussé;ground floor, first floor.;;;;;
tẽngr wilga;;expression;;membre inférieur;lower limb;;;Body;;
tẽngr wondɩ;;Nom;;jupon;petticoat;;;Clothing;pʋg-bɛnda;
tẽngr yeere;;Nom;é è-é;mâchoire inférieure;mandible, lower jaw;;;Body;;
tẽngre;1;postposition;ẽ́-è;sous, dessous;under, beneath, below, underneath, down;;;;;
Sẽn be poorẽ, baasgẽ tẽng-riging mogrã pʋgẽ;;expression;;Tsunami;Tsunami;;;Weather, Land;;
tẽng-sondg yɩɩlle;;Nom;;hymne national;national anthem;;;;tãp-kaoor yɩɩlle, Burkĩna Faso fãag-m-meng yɩɩle;
tenis tãong zĩiga;;Nom;;un terrain de tennis;tennis court.;;;;;
tẽnkãnbo;;Nom;è-á;fait de calomnier;slandering;;;;;
tẽnkãnem;;Nom;è-á;calomnie;defamation, calumny, slander.;;;;;
tẽnkãn-neda;;Nom;è-á-é-à;calomniateur;slanderer.;;tẽnkãn-neda;;;
tẽn-kẽeda;;Nom;;habitant;habitant, inhabitant, resident;;;;;
tẽn-kɩrenga;;Nom;;village;village.;;;;;
tẽn-kõaka;;Nom;è-òa-á;village;village;;tẽn-koagse;;tẽn-bila;
tẽn-koara;;Nom;è-óa-à;chef de village;village chief.;;tẽn-koarba;;;
tẽn-koɛɛnga;;Nom;;Sahel;Sahel;;;;sayɛlle;
tẽn-kugri;1;Nom;ẽ̀-ú-ì;constitution;constitution;;tẽn-kuga;Government;kĩungu, tẽng no-vigindi, ni-kãsenga;
tẽn-kugri;2;Nom;è-ú-ì;pierre sacrée, autel de terre;sacred stone, earth shrine;;tẽn-kuga;;;
tẽn-kuta;;Nom;è-ú;porte-malheur;jinx.;;tẽn-kutba;;;
tẽn-kutum;;Nom;è-ú-ú;malheur, malédiction;ills, bad luck, woe, adversity, malediction, curse.;;;;;
tẽn-kũum;;Nom;è-ú;guerre civile, génocide;civil war, genocide.;;;;;
tẽn-kũum zab-teedo;;expression;;armes de guerre;weapons of war, war weapons;;;Tool;;
tẽn-kʋdem-dãmba;;Nom;;ancêtres;ancestors;;;Relationships;;
tẽn-kʋdemde;;Nom;;tradition;tradition;;;;miningu;
tẽn-kʋdem-wẽndẽ;;Nom;;au temps des ancêtres, au commencement de la société;at the time of the ancestors, at the beginning of human society;;;City;;
tẽn-kʋɩɩre;;Nom;;sécheresse;dryness, drought.;;;;;
tẽn-kʋɩre;;Nom;;désert;desert;;;Land;we-rasempʋɩɩga, bĩisr zĩiga, randagre, rasempʋɩɩga1;
tẽn-laaga;;Nom;è-á;plateau;plateau, shelf.;;;;;
tẽn-lablaaga;;Nom;è;plaine;lowland, plain.;;;;;
tẽnn;;Adverbe;è;à toute allure;at a great rate, full speed;;;;;
tẽn-naande;;Nom;è-á-é;globe terrestre;globe (earth).;;;;;
tẽn-naobdgo;;Nom;;sol;soil, ground;tẽn-nabdgo;tẽn-nabdse;Land;;
tẽn-n-biilim;;Nom;;citoyenneté;citizenship.;;;;;
tẽn-n-neda;;Nom;;autochtone;native;;;;;
tẽn-peelem;;Nom;è-é;représentation mystique de la terre;mystical representation of the earth;;;;;
tẽn-sʋka;;Nom;è-ʋ́;milieu de;in the middle of;;tẽn-sʋgse;;;
tẽn-sʋk-nug-bila;;Nom;;majeur;middle finger;;;Body;tẽsʋk-nug-bila;
tẽn-sʋk-tẽnga;;Nom;;pays enclavé;landlocked country;;tẽn-sʋk-tẽnse;Region;;
tẽn-taag lɛt tʋʋm zĩiga;;Nom;;ambassade;embassy;;;Government, Building;ambasad;
tẽn-taag lɛta;;Nom;;ambassadeur;ambassador;;;Government, Worker;;
tẽn-tõre;;Nom;;territoire;territory;;;Country, Region;;
tẽn-tuugu;;Nom;;savane;Savannah;;;Land;weo-moogo, weo-faoogo, mo-pelem, we-raoogo, weo-tuudu;
tẽn-tʋmda;;Nom;;envoyée, messager, apôtre;sent one, messenger, apostle.;;tẽn-tʋmdba;;;
tẽn-yãmba;;Nom;;colon;colonist.;;;;;
tẽn-yãmbda;;Nom;;colonisateur;colonizer.;;;;;
tẽn-yãmbga;;Nom;;colonie;colony;;;Region;;
tẽn-yãmbgo;;Nom;è-à-ó;colonisation;colonization.;;;;;
tẽn-zẽng neda;;Nom;;émigrant;emigrant;;;;noakenga;
teo;;Verbe;;puiser (ex;;;teoose;;;
tẽo;;Verbe;èo;faire entrer de force, bourrer;to push, stuff sth;;;;;
tẽodre;;Nom;;charbon (maladie du);anthrax;;tẽoda;Disease;;
teoogã makdga;;Nom;;unité de mesure (comptab.);unit of measurement;;;;sõdb bila;
teooge;;Verbe;èo;puiser (une seule fois);draw (single instance);tooge;teoose;;;
tẽooge;;Verbe;;donner un coup, frapper sur qqc, taper;hit something, smack, knock upon;;;;tĩngi;
teoogo;1;Nom;é;objet, récipient, bagage, affaires;object, container, luggage, belonging, baggage, loads.;;teedo;;;
teoogo;2;Nom;éo-ò;mortier;mortar;;teedo;Tool;toore4, toore4;
tepe;;Verbe;é-è;se débrouiller, tenter plusieurs astuces pour s'en sortir;disentangle, to get along, find one's feet, to do all right, know how to go about to get something;;;;;
tẽr ro-bila;;Nom;;wagon;wagon, coach;;;Travel;tẽr-roogo;
tẽr sore;;Nom;;rails;rails;;;Travel;;
tẽr so-yɛk sẽn ka pagdga;;expression;;passage à niveau sans barrière;railway level crossing without gate or barrier ahead;;;7;;
tẽr so-yɛk sẽn pagd ne nugu;;expression;;Panneau passage à niveau muni de barrières;level crossing with barrier or gate ahead;;;7;;
tẽr teed ro-bila;;Nom;;wagon de marchandises;freight wagon;;;Travel;;
tẽr yalsgo zĩiga;;Nom;;gare de trains;train station;;;Travel;;
tere;;Verbe;é;s'arrêter net;stop immediately;;;;;
tẽre;1;Nom;ẽ̀-é;train, locomotive;train, engine, locomotive;;tẽr-dãmba;Travel;;
tẽre;2;Verbe;è;souvenance (avoir);remember;;;;;
tẽre;3;Verbe;é;bouger, glisser sur la natte;move, shift, glide along, drag, slide;;;;;
tereko;;Nom;é-é-ò;charrette;donkey cart;;;Agriculture, Travel;sarɛta, wotoro;
tẽremde;;Verbe;é-é-è;se casser en frottant contre le sol;break by rubbing the ground;;;;;
tẽrge;;Verbe;é-è;frotter rudement;rub hard, toughly;;;;;
tẽr-roogo;;Nom;;wagon;wagon, carriage, car;;;Travel;tẽr ro-bila;
terse;;Verbe;é-è;marcher péniblement en traînant les pieds;walk in a painful manner dragging ones feet;;;;;
tẽsentẽrga;;Nom;;herbe (espèce);grass sp;;;Grass, herb, vine;tẽtemtẽega;
tẽsʋk-nug-bila;;Nom;;majeur;middle finger;;;Body;nug-bi-woko, tẽn-sʋk-nug-bila;
tetanos;;Nom;é-ó;tétanos;tetanus;;;Disease;;
tẽtemtẽega;;Nom;é-é-á;herbe (espèce);grass sp;;tẽtemtẽese;Grass, herb, vine;tẽsentẽrga;
tɛba;;Adverbe;;bruyant;noisily;;;;;
tɛɛbo;;Nom;;action de tirer;shooting, pulling.;taeebo;;;;
tɛɛdga;;Nom;;escalier;staircase, stairs.;;;;;
tɛɛga;;Nom;;panier, corbeille;basket;;teese;Container;yaaga;
tɛɛra;;Nom;ɛ̀-á;espèce de panier;kind of basket;;tɛɛra-rãmba;Container;;
tɛɛsdga;;Nom;ɛ́-à;adjectif démonstratif;demonstrative pronoun;;;Grammar;;
tɛgdɛg zẽedo;;Nom;;sauce de pâte d'arachide;groundnut sauce;;;Food;narbõaaka;
tɛgdɛgɛ;;Nom;;pâte d'arachide;groundnut paste;;;;nangur-n-bẽedo, kal-kando;
tɛka;;Nom;ɛ̀-á;fin, limite, bord;end, frontier, edge, finish, termination;;;;;
tɛntɛɛga;;Nom;;jeu de hasard;game of hazard, game of chance, gamble.;tentɛɛga;tenteese;;;
ti;;Verbe;í;implanter, dresser, bâtir;to build, put up a structure, implant, fix in the ground, pitch, erect;;;;;
tĩ;1;Verbe;;vomir;vomit;;;;wʋbe, yãgse;
tĩ;2;Verbe;ì;infuser;infuse, brewing of tea;;;;;
tibi;1;Verbe;í;marteler des pieds sur place, piétiner;stomp / stamp without going forward;;;;;
tibi;2;Verbe;ì;se préparer, s'armer,se mettre sous la protection de gris-gris;to get ready, get armed, get under the protection of charms etc;;;;;
tibsi;;Verbe;;trébucher;to stumble on / against.;;;;;
tidbaoogo;;Nom;;mangouste à queue blanche;white-tailed mongoose;tɩdbaoogo;tidbaoodo;Mammal;;
tidga;1;Nom;;poisson (espèce);silver catfish;tɩdga;tidse;Fish;;
tidga;2;Nom;;poisson docteur;fish sp;tɩdga;tidse;Fish;;
tiga;;Adverbe;ì;tout noir;pitch-dark, very dark, completely dark;;;Colour;sablg liga, tĩma;
tigi;;Verbe;;s’attrouper, venir un à un et finir par former un grand groupe en un lieu;to flock together, troop together, get together one by one till a large number is meeting;;;;;
tiginga;;Nom;ì-à;rassemblement, réunion, assemblée;gathering, assembly, meeting, rally.;;;;;
tigmi;;Verbe;ì;rassembler, réunir, associer, regrouper;gather together, meet together, get together, assemble, have a meeting;;;;tiki2, koole;
tig-raaga;;Nom;ì-á-á;marché de fête, grand marché pour un événement spécial;festival market, special market event.;;tig-raase;;;
tigri;;Nom;í;cérémonie, fête;celebration, festival, party, ceremony.;;;;;
tigs zem-bala;;Verbe;;stocker;to stock, stockpile, store.;;;;;
tigsg rasaare;;Nom;;béquille;crutch.;;;;;
tigsga;;Nom;ì-à;réunion, rassemblement, assemblée;meeting, gathering, assembly.;;tigissi;;;
tigsgu;;Nom;ì-ú;récolte;harvest;tiugsgu;;Agriculture;kẽebgo, kood rɩkre, koodã biisi;
tigsi;1;Verbe;ì;rassembler, réunir, assembler;to gather, meet together, get together, put together, assemble, collect things together;;;;;
tigsi;2;Verbe;ì;récolter;reap, to harvest.;;;;;
tĩibri;;Nom;í;ergot;spur;;tĩiba;;;
tĩidga;;Adjectif;í-á;verticale;vertical;;;;selle;
tĩiga;;Nom;í-à;vitesse, vive allure, course éperdue;a race, speed, distracted running, liveliness.;;tĩisi;;;
tiigi;1;Verbe;ì;clôturer, prendre sur tout le parcours;enclose space, put up a fence around, to enclose, to fence;;tiisi;;;
tiigi;2;Verbe;;improviser, faire plus tôt sans préparation;improvise, ad-lib, to extemporize, do earlier than scheduled without preparation;;tiisi;;;
tiimdi;;Verbe;;tomber en se recevant sur les pieds;fall and still catching to get on your feet;tĩimdi;tiimsi;;;
tĩim-tĩmi;;Adverbe;;tout noir;very black;;;Colour;tĩma;
tiir pʋsʋka;;Nom;í ʋ́-á;demi périmètre;half perimeter;;;Mathematics;;
tiiri;1;Nom;ì-í;à l'avance;beforehand, in advance;;;;;
tiiri;2;Nom;ì-í;circonférence, délimité par les rebords d'un objet circulaire;circumference, girth;;tiya;Mathematics;;
tiisi;1;Verbe;í-ì;sauter à cloche pied;jump with legs tied together;;;;;
tiisi;2;Verbe;ì;se jouer de;make a fool of, to fool;;;;;
tik nugu;1;Verbe;;signer;sign.;;;;;
tik nugu;2;expression;;apposer l'empreinte (main, doigt), empreinte digitale;fingerprint, mark, trace.;;;;;
tik nugu;2;Verbe;;poser la main sur, imposer les mains sur;put hands on, lay hands on;;;;;
tik-bãoko;;Nom;í;grosse jarre;large / big jar;;tik-bãgdo;Container;;
tiki;1;Verbe;í-ì;s'appuyer sur;to push against, press on something, lean on / against;;tigsi;;;
tiki;2;Verbe;ì;rassembler, réunir;to meet, have a meeting, gather together, collect, unite;;;;tigmi;
tiki nugu;;expression;;apposer l'empreint;provide a thumbprint.;;;;;
tikimdi;;Adjectif;ì-ì-í;regroupé, assemblé (en botte);gathered together, put together, bundled, clustered;;tikma;;;
tiki-takɩ;;Adverbe;;exactement, avec précision;exactly, with precision;;;;;
tikr bila;;Nom;í -í-á;unité;unit;;;Mathematics;bila2, geel-bila, bil-tikdga;
tilgi;1;Verbe;ì;consigner dans une certaine circonférence;confine to a certain circumference;;;;;
tilgi;2;Verbe;í-ì;ériger, dresser, bâtir, mettre à la verticale;to put / build / make sth;;tilsi;;;zaoonde
tiligri;;Nom;;base, fondement;"commencement, implantation; foundations, beginnings";;;;yẽbgre, sɩngre1, viuglg zĩigã;
tiloonti;;Nom;;petit calao à bec noir;grey Horn-bill;;;Bird;sɩlaankoe, kiloonki;
tilyã;;Nom;í;girafe;giraffe;tɩlyã;tilyã-rãmba;Mammal;sɩbga;
tĩma;;Adverbe;í;tout noir;very black;;;Colour;diga, tĩmm, tĩim-tĩmi, tiga;
timfu;;Nom;;gros rat (espèce);big rat sp;;tima;Mammal;;
tĩmm;;Adverbe;;tout noir;very black;;;Colour;tĩma;
tĩndla;;Nom;;petite colline;small hill;;tĩndsi;Land;;
tĩngi;;Verbe;í-ì;donner un coup, frapper sur quelque chose, taper;hit something, smack, knock upon, pat, thump, bash sb;;tĩmsi;;tẽooge;
tĩni;;Verbe;í;(s') émousser;take the edge off, get blunt, dull;;;;;
tipare;;Nom;;piment, poivre;chilli pepper;;;Grass, herb, vine;kipare;
tirb gʋlglʋndre;;expression;;arrêt obligatoire;stop and give way;;;7;;
tirgi;;Verbe;;désentraver;free somebody or something from tying, relieve from, untie;;;;zaage;
tiri;;Verbe;í;s'arrêter net, s'immobiliser en plantant les pieds au sol;stop abruptly, stand still;;;;;
tirsi;;Verbe;í-ì;sautiller;jump around, jump up and down, to hop, skip;;;;;
tirwaare;;Nom;;tiroir;drawer.;;;;;
tĩsga;;Nom;í;éternuement;sneezing.;;;;;
tisgi;;Verbe;í-ì;se décanter;allow to settle liquid), get clear;;;;;
tĩsi;;Verbe;;éternuer;sneeze;;;;tĩsimdi;
tĩsimdi;;Verbe;;éternuer;sneeze;;;;tĩsi;
titika;;Nom;;grand arbre (espèce);big tree sp;;titigsi;Tree;;
titintĩndga;;Nom;;criquet (espèce);locust sp;;;Insect;kitrkĩinga;
tiugungu;;Nom;;Église, chrétienté;Church, Christianity.;;;;;
tiuudgu;;Nom;ìu-ú-ù;grenier en paille pouvant servir de cage à la volaille;straw granary serving sometimes as cage for fowls;;tiitu;Building;kompidgu;
tɩ;1;conjonction;ɩ́;pour que, afin que;for, to, so that;;;Grammar;;
tɩ;2;conjonction;ɩ̀;et, en conséquence de quoi, élément d'union dans un type de phrases coordonnées ayant des sujets différents;and, and as a result, coordination between sentences having different participants;;;Grammar;;
tɩ;4;conjonction;ɩ́;que;that;;;;;
tɩ;5;conjonction;ɩ̀;pendant que (actions simultanées dans le passé);while (simultaneous);;;;;
-ẽ;;conjonction;ɩ̀ é;et en même temps;and at the same time;;;Grammar;;
tɩ gese;;expression;;confer (cf.);see;;;;;
tɩ-beelle;;Nom;;comprimé;pill, tablet;;;;tɩ-vendem;
tɩ-biis koom;;Nom;;jus de fruit;fruit juice;;;Food;;
tɩ-bĩm-bĩm;;Nom;;végétation, couverture végétale;vegetation;;;;tɩɩse1, tɩ-fuugu, tɩɩsã la moodã buud fãa;
tɩ-bõeega;;Nom;;pépinière;nursery, garden centre;;;Agriculture;bõeere, vaka;
tɩbs-beoolga;;Nom;;prophylaxie;prophylaxis.;;tɩbs-beoolse;;;
tɩbsda;;Nom;ɩ̀-á;personne qui soigne, soignant, guérisseur;person who cures, looks after a sick person, nurse, healer;;tɩbsdba;Worker;;
tɩbse;;Verbe;ɩ̀;soigner (plusieurs personnes ou plusieurs maux);care for /treat (several persons or several diseases), look after sb;;;;;
tɩbsgo;;Nom;;soins, traitement;medical care, treatment;;;Disease;;
tɩdare;;Nom;ɩ̀-à-é;encense, parfum;incense, fragrance, perfume;;tɩdaya;;wisdu;
tɩdga;;Nom;ɩ́;poisson (espèce);fish sp;tidga;tɩdse;Fish;;
tɩ-fuugu;;Nom;ɩ̀-ú-ù;végétation, couverture végétale;vegetation;;;;tɩɩsã la moodã buud fãa, tɩɩse1, tɩ-bĩm-bĩm;
tɩg rãam;;Verbe;;soûler;get drunk;;;;su2;
tɩge;1;Verbe;ɩ́;être rassasié, avoir assez;to be sated, be replete, satisfied, full up, satiated, have / do enough;;;;;
tɩge;2;Verbe;ɩ́-è;être, sembler, apparaître comme;be like, seem to be;;;;;
tɩ-gẽnengẽega;;Nom;;coléoptère qui ronge le pourtour des arbres;kind of beetle that eats the bark around trees;tɩ-gẽlengẽega;tɩ-gẽnengẽese;Insect;;
tɩgre;;Nom;ɩ́-è;abondance;abundance, affluence, plenty of;;;;;
tɩgse;;Verbe;ɩ́-è;rassasier qqn;satiate sb., saturate, satisfy, give enough food, to be enough for them, give them enough;;;;;
tɩɩg biig pʋgẽ biiga;;Nom;;noyau;stone, pit, kernel.;;;;;
tɩɩg sɛɛga;;Nom;ɩ̀ ɛ́-á;tronc d'arbre;tree-trunk.;;;;;
tɩɩga;1;Nom;ɩ̀-á;arbre (en général), plante;tree (general word), plant;;tɩɩse;Tree;;
tɩɩga;2;Nom;ɩ̀-á;espèce de dermatose qui provoque des lésions au niveau de la peau;kind of dermatitis;;tɩɩse;Disease;;
tɩɩm;;Nom;ɩ̀ɩ́;médicaments (modernes ou herbacées);medicine (modern or herbal);;tɩto;Disease;;
tɩɩm daab sebre;;Nom;;ordonnance médicale;medical prescription.;;;;;
tɩɩm doogo tɩɩm doogo;;Nom;ɩ̀-ó-ó;dispensaire, infirmerie;dispensary;;tɩɩm doto;Building;;
tɩɩm koosg roogo;;Nom;;pharmacie;chemist's shop, pharmacy, drug-store;;;Building;;
tɩɩs naaba;;Nom;;forestier;forest ranger, forester, woodsman;;;Worker;;
tɩɩs pʋʋgo;;Nom;;plantation d'arbres, verger;tree plantation, orchard.;;;;;
tɩɩs selbo;;Nom;;reboisement, le fait de planter les arbres;reafforestation, reforestation;;;Land;;
tɩɩs sẽn pa waoog zĩigẽ;;expression;;clairsemé (végétation clairsemée);scattered vegetation;;;Tree, Land;;
tɩɩs wobre;;Nom;ɩ̀ ó-è;cueillette (fruits);picking (fruits), gathering (of fruits).;;;;;
tɩɩsã ke-yaare;;expression;;déboisement, coupe abusive des arbres;de-forestation.;;;;;
tɩɩsã la moodã buud fãa;;expression;;végétation, ensemble constitué des arbres et des herbes, verdure;vegetation, greenery;;;Land;tɩ-fuugu, tɩ-bĩm-bĩm;
tɩɩsã puud ningr wakato;;expression;;floraison, période d'apparition des fleurs sur les plantes;spring;;;Weather;tɩ-fuugu, tɩ-bĩm-bĩm;
tɩɩsga;;Adjectif;;acide;acid, sour, acidic.;;;;;
tɩ-kaam;;Nom;;pommade pour soigner;ointment, pomade, balm, salve;;;Disease;pomaad;
tɩ-koaasa;;Nom;;pharmacien, pharmacienne;chemist, pharmacist;;;Worker;;
tɩ-koalenkoaaga;;Nom;;pic-vert;pecker, woodpecker;;tɩ-kolenkoose;Bird;;
tɩ-koɛɛnga;;Nom;;arbre (espèce);tree sp;;tɩ-koeemse;Tree;tãng-ra-zũnga;
tɩ-kʋre;;Nom;ɩ̀-ʋ́-è;anti-dote, anti-poison;antivenin, antidote, antitoxin.;;;;;
tɩk-y tõkr ne @email;;expression;;contactez @email;email: @email;;;computer / digital;;
tɩlae;;Nom;;nécessaire, obligatoire;necessary, compulsory, obligatory.;tɩlɛ;;;;
tɩlae bũmbu;;expression;;indispensable;essential, necessary.;;;;;
tɩlaeenga;;Nom;;devoir;duty, task, assignment.;;;;;
tɩlass;;Nom;;obligation, nécessité;obligation, necessity;tɩlae, tɩlɛ;;;modgre, tɩlɛ, yamleoogo;
tɩlɛ;;Nom;;obligation, nécessité, chose qui s'impose;obligation, necessity, compelling thing;tɩlae;;;tɩlass;
tɩlge;;Verbe;ɩ̀;sauvé d'un danger (être);saved from a danger;;;;sãooge;
tɩ-lilsa;;Nom;ɩ̀-í-á;espèce de criquet qui tourne derrière un arbre pour se cacher;locust sp hiding behind of a tree;;tɩ-lils-rãmba, tɩ-lillidsi;Insect;;
tɩ-lulli;;Nom;;nid d'une espèce de mouche-maçonne;nest of a kind of mud-wasp.;;tɩ-lula;;;
tɩpa;;Nom;;médecin, guérisseur;doctor, healer, physician;;;Worker;logtore, logtore;
tɩ-paoko;;Nom;;écorce d'arbre;bark of a tree.;;;;;
tɩpda;;Nom;;guérisseur;healer.;;tɩpdba;;;
tɩpe;;Verbe;ɩ̀;soigner une personne ou un mal;to care for, treat one person or one disease, look after sb.;;tɩbse;;;
tɩpgo;;Nom;ɩ̀-ó;soins, traitement médical;treatment, medical care.;;;;;
tɩ-poɛɛga;;Nom;ɩ̀-ɛ́-á;arbre (espèce);tree sp;;tɩ-poeese;Tree;;
tɩ-puugu;;Nom;;fleur;flower;;;;puugu1;
tɩre;;Verbe;ɩ̀;raidir;stiffen;;;;;
tɩrga;1;Adjectif;ɩ́;droit, intègre;right, righteous;;tɩrse;;;
tɩrga;2;Nom;;rectiligne;straight-lined;;;Mathematics;;
tɩrlem;;Nom;ɩ́;droiture, intégrité, honnêteté;straightness, righteousness, uprightness;;;;;
tɩ-soaka;;Nom;;amulette;charm, amulet, talisman;;;;seb-bobdre;
tɩ-sogs soaba;;Nom;;magicien;magician, wizard;;;Worker;;
tɩ-sogse;;Nom;;magie;magic.;;;;;
tɩ-soodem;;Nom;ɩ̀-ò-é;remède liquide (avec lequel on doit se baigner);liquid medicament (in which one has to take a bath).;;tɩ-soodɩ;;;
tɩ-sʋʋdo;;Nom;;sorte de maladie;kind of disease;;;Disease;;
tɩtaam;;Nom;ɩ́;présomption, arrogance, orgueil, non-respectueux;pretence, arrogance, pride, boastfulness, boasting, disrespectful;;;;;
tɩta-neda;;Nom;ɩ́-à-é-à;personne arrogante, orgueilleuse, peu respectueux;boastful / pride person, disrespectful person.;;tɩta-neba, tɩtaam-dãmba;;;
tɩta-tagsgo;;Nom;;pensées orgueilleux;boastful thoughts;;;;;
tɩ-vendem;;Nom;ɩ̀-é-é;comprimé, pilule;pill, tablet;tɩ-vondem;tɩ-vendɩ;;tɩ-beelle;
tɩʋʋse;;Verbe;;introduire;introduce.;;;;;
tɩʋʋsgo;;Nom;;introduction;introduction;;;;tʋɩɩsgo;
to;1;Nom;ó;autre du même genre, semblable, égal, autrui, prochain;peer, fellow-, other of the same kind, fellow human, alike, equal, fellow man, neighbour;;taaba;;;
to;2;Verbe;ò;piler;to pound (in a mortar);;;;;
to;3;Adverbe;ó;ainsi, de cette manière;so, like this, like that, that way;;;;;
toaa;;Adverbe;óa;fixité du regard;fixedly;;;;;
toaada;;Nom;óa;pileur, pileuse, personne qui pile;person that pounds;;toaadba;;;
toaaga;1;Adjectif;ó;méchant, sévère;wicked, malicious, evil, severe, strict;;toose;;;
toaaga;2;Nom;ò-á;frontière, limite;border, limit, boundary, end;;toose;;;
tõaalenga;;Adjectif;;déchiré, décollé;torn, detached, taken off.;;tõolense;;;
tõaanega;;Adjectif;;déchiré, décollé;torn, detached.;tõabnenga, tõonega;tõonese;;;
toabenga;;Nom;ó;pousse;young shoot.;;;;;
toabga;1;Nom;;espèce de hachette;kind of small axe;;tobse;Tool;;
toabga;2;Nom;òa-á;suffixe;suffix;;;;;
tõabga;;Adjectif;;petite quantité prélevée;small quantity taken out.;;tõbse;;;
toagsda;;Nom;;proclamateur, messager, rapporteur, prédicateur, parleur;proclaimer, speaker, reporter;;toagsdba;;;
toagsga;;Nom;;rapport, fait du rapport, récit;report, reporting, narration, account.;;;;;
toaka;;Nom;óa-à;filtre;a filter, strainer.;;togse;;;
tõaka;;Nom;;lien, nœud, lieu de jonction;link, bond, knot, node, place of joining together;tõka;tõgse;;;
tõakda;;Nom;;soudeur;welder;;;Worker;suuta;
tõakdga;;Nom;;raccord;join, joint.;;;;;
toalma;;Nom;;marchand;dealer, merchant, salesman, shopkeeper;;;Worker;toanda2;
toanda;1;Nom;;tonne;ton.;;;;;
toanda;2;Nom;óa;marchand;dealer, merchant, salesman shopkeeper;;toandba;Worker;toalma;
toantoalentoanga;;Nom;;longue file interminable;long endless queue, standing one after the other.;;;;;
toantoanga;;Nom;;longue file d'objets alignés;long queue of lined up objects one next to the other.;;;;;
toarsa;;Nom;;torche électrique;torch, pocket-lamp, flash-light;torsa;tors-rãmba;Tool;;
tõasga;;Nom;;cueillette, récolte;picking, gathering, harvest;;;;;
tõata;;Nom;;obstiné;pigheaded person, dogged, stubborn, persistent;;;;;
toay-toay;;Adjectif;;différentes sortes;different kinds of;;;;;
tobe;;Verbe;ò;bourgeonner, repousser;shoot, to grow again, to bud;;;;;
tobendo;;Nom;ó;bourgeons, pousses;sprouts;;;Parts of a plant;;
tobengo;;Nom;ó;bourgeon;a bud, sprout;;tobendo;Parts of a plant;welbre3;
tõbge;1;Verbe;ò;pincer;pinch;;tõbse;;;
tõbge;2;Verbe;ó-è;prélever une toute petite quantité;take away a small quantity;;;;;
toble;;Verbe;ò;allonger;lengthen, elongate;;;;tonge, tõke1;
tob-tedengo;;Nom;;conjugaison;conjugation;;;Grammar;;
tõd-beoogo;;Nom;õ̀-é;de bonne heure, tôt le matin, au petit matin, aube;early in the morning, dawn;;tõd-beedo;;;
todbila;;Nom;ò-í-á;pilon;pestle;torbila;todbi;Tool;tulgu;
tode;;Verbe;ò;se lever de bonne heure;get up early in the morning;tõde;tõdse;;;
tõde;1;Verbe;ò;refuser, désobéir;refuse, reject, disobey;;tõdse;;zãgse1;
tõde;2;Verbe;;se lever de bonne heure;get up early;;;;;
tõdge;;Verbe;õ̀;refuser, désobéir (une seule fois);refuse, deny, disobey, reject (single instance);;tõdse;;zãdge;
tõdgre;;Nom;;refus, indiscipline, désobéissance;refusal, insubordination, lack of discipline, undisciplined, disobedience.;;;;;
todse;;Nom;;limites, ligne qui sépare deux terrains ou territoires proches;boundary;;;;;
toe;;Verbe;óe;être difficile, être amer;be difficult, be bitter, sour.;;;;;
tõe;1;Verbe;óe;pouvoir faire que, être capable de, être possible, avoir le pouvoir de, être apte;can do, be capable to, be possible, be able to, it is possible;;;;;
tõe;2;auxiliaire;óe;être possible que, il se peut que, être probable;be possible that, possibly, it might be that, probably;;;;daar ninga;
tõe;3;Adverbe;óe;parfaitement rond, admirablement rond;perfectly round, quite round;;;;;
tõe n maane;;expression;;possible, faisable, ce qu'on peut faire;possible.;;;;;
Sẽn tõe n maane, sẽn sakd maanego toe-bulga;;Nom;òe-ú;jeune feuille de baobab;young leaf of baobab tree;;toe-bulsi;Food;bulga2;
toeem tʋʋm zĩiga;;Verbe;;affecter;allocate, assign.;;;;;
toeem zĩiga;;Verbe;;déplacer;to move, dislodge, dislocate;;;;;
toeeme;;Verbe;ó-è;changer, innover, varier;to change sth., change things over, change clothes, innovate, vary;;;;;
toeengo;;Nom;;transformation, modification, variation, changement;modification, variation, change;;;Tree;tekre;
toe-mande;;Nom;;fruit vert du baobab, pain de singe vert;green baobab fruit.;te-mande;toe-mana;;;
toe-neega;;Nom;òe-é;poudre de feuilles de baobab séchées;powder of dried baobab leaves;;;Food;;
toeoogo;;Nom;;pain de singe;baobab tree fruit;;toeedo;Food;;
toeoongo;;Nom;óe;changement, innovation;change, innovation.;;;;;
toɛɛga;;Nom;ò-á;baobab;baobab tree;;toeese;Tree;;
toɛɛnga;;Nom;ò-á;barbe;a beard;tɛɛnga;toeemse, teemse, toense;Body;;
tog sore;;expression;;voyager;travel;;;Travel;;
toge;1;Verbe;ó;voyager;travel, go on a trip, go on a journey;;;;tʋge;
toge;2;Verbe;ó-è;convenir, être approprié;be suitable, suit, be appropriate;;;;sɛgde;
tõge;1;Verbe;ó;donner des coups avec le bout, toucher avec le bout de;hit or touch with the pick, summit, tip of, end of, top, point;;;;;
tõge;2;Verbe;;joindre, mettre en rapport, lier, connecter, raccorder;to join things together.;;;;;
togelle;;postposition;;vers, en direction de;towards, in the direction of;;;;;
togem;;Verbe;ó;caractère approprié, fait d'être convenable;appropriate character, behaving suitably / properly.;;;;;
tõgemde;;Adjectif;ó;creux;hollow, deepened, holed.;;tõgma;;;
togem-togem;;Adverbe;;par affinité;by relationship;;;;;
tog-koga;;Nom;;fenêtre, volet;window, shutter.;;tog-kogse;;;
togle;1;Verbe;ò;recueillir par le bas, filtrer,;catch drips / drops, collect / gather at the bottom of a container, to filter sth;;;;;
togle;2;Verbe;ó-è;se diriger vers, aller dans une direction;go towards, go in the direction of;;;;;
togs koeese;;expression;;informer;inform, tell.;;;;;
togs n yɩlenga;;Nom;;répétition;repetition.;;;;;
togs sẽn yɩ;;Verbe;;reporter;to give an account, report.;;;;;
togs sɩda;;Verbe;;avouer;to confess, admit.;;;;;
togse;1;Verbe;ò;raconter, dire, rapporter, annoncer, dicter, dire, prononcer, relater;to recount, tell, relate, narrate, announce, say, pronounce, recount;;togsda;;wilg sẽn yɩla;
togse;2;Verbe;ò;imiter, faire comme;imitate, copy sb., mimic, do like / as;;;;togs-n-maane;
togsende;;Nom;;uniforme;uniform.;;;;;
togsendo;;Nom;;adaptation;adaptation.;;;;;
togsg sebre;;Nom;;procès-verbal;minutes.;;;;;
togsgo;;Nom;;récit, narration;story, narrative, account of .;;;;;
togs-n-maane;;Verbe;;imiter;imitate;;;;togse2;
togs-n-taare;;Nom;ò-á-é;imitation;imitation, copying.;togs-m-tãare;togs-n-taya;;;
tõkdga;;Nom;;voie de communication;communication route;;;Travel;tũ-n-tatga;
toke;;Verbe;ò-é;égoutter, goutter;to run down, drain, drip, drop;;togse;;;
tõke;1;Verbe;ó-è;joindre, mettre en rapport, lier, connecter, rapprocher, raccorder, relier, souder;join, tie together, bring closer to each other, connect, link together, link up, weld, solder;;tõge;;toble;
tõke;2;Verbe;ó-è;donner un coup, atteindre avec le bout;hit, touch with the tip of;;tõge;;;
tõ-kẽesdga;;Nom;ó-é-à;investissement;investing, investment;tõ-kẽesdem;;Money;;
tok-vugri;;Nom;ò-í;arbuste épineux (espèce);shrub sp (thorny);;tok-vuga;Bush, shrub;;
tol;;auxiliaire;ó;du tout, même;at all, even;;;;;
tole;1;Verbe;ò;colporter, acheter en gros pour revendre;peddle, buy a big quantity to resell;tolme;;;;
tole;2;Verbe;ò;passer par un trou de mur;pass through a hole in the wall;;;;;
tolge;;auxiliaire;;complètement, carrément, une bonne fois;completely, straight out, simply, once and for all;;;;yɩs;
tolle;1;Nom;ó;tôle;sheet iron, metal sheet, corrugated iron sheet;;tollse;;kẽm-vãoogo, kẽmse;
tolle;2;Adjectif;ó;perforé, troué;punched, perforated;;toala;;;
tolme;;Verbe;ò;se suivre de façon rapprochée et interrompue, former une longue chaîne;follow each other closely, form a long chain;;;;;
tom;;Nom;ó;terre, poussière au sol;soil, dust on the ground, earth, dirt;;;Land;;
tomaato;;Nom;ò-á-ò;tomates;tomatoes;;;Food;;
tomaato tɩɩga;;Nom;;tomatier;tomato plant;;;Food, Grass, herb, vine;;
tomadgo;;Nom;;tomate;tomato;;tomaato;Food;;
tomde;;Nom;ò-é;ensemble lié, grappe parce que lié ensemble;group / collection tied together, cluster, bunch of;;toama;;gĩndi;
tome;;Verbe;ó;joindre les bouts;to join end-to-end, put together, unite;;tomse;;;
tõmmaa;;interj;;réponse d'une femme à un appel, oui;answer of a woman when she is being called, yes here I am;tʋmmaa;;;;
tompeglem;;Nom;ò-é;cendre;ashes.;tompɛglem;;;;
tompɛglem;;Nom;ò-ɛ́;cendre;ash, ashes.;tompeglem;;;;
tomse;;Verbe;;aligner un après l'autre, ranger, joindre, (s') aligner;line up next to each other, to join end-to end (many instances).;;;;;
tom-tome;;Verbe;;empilé les uns sur les autres;piled up on each other;;;;;
tonde;;Verbe;ò;être visible en partie, se montrer à travers de quelque chose;be partly visible, to show oneself through something;;;;;
tõndo;;Pronom;ṍ-ò;nous;we, us;tõnd;;;;
tonge;;Verbe;ó-è;ranger, joindre, (s') aligner;join end-to-end (single instance), put in line, queue up, line up, to arrange, to line up;;tomse;;toble, rũnugi;
tongo;;Adjectif;ó-ò;allongé;stretched, elongated.;;tondo;;;
tongre;1;Nom;;greffage;grafting;;;Agriculture;;
tongre;2;Nom;;connexion, alignement;connection, alignment.;balgre;;;;
tong-tonge;;Adverbe;ó-ó-è;l'un après l'autre, en procession;one after the other.;;;;;
tõntõogo;;Nom;;trompette;trumpet;;tõntõodo;Musical instrument;tãntãoogo;
tõo;;Adverbe;ò;lourdement;heavily;;;;;
toobo;;Nom;ó;action de piler;pounding.;;;;;
toodo;;Nom;;difficultés, souffrances;difficulties, sufferings.;;;;;
tõodo;;Nom;;lois, commandements;laws, commandments.;;;;;
toodre;;Nom;ò-é;chéchia;man's hat.;;toaada;;;
tõog karen-saamba;;Nom;;enseignant de la loi, docteurs de la loi;teacher of the law.;;tõog karen-saam-dãmba;;;
tõog n maan bũmbu;;expression;;pouvoir faire, être capable de faire quelque chose;to be able to.;;;;;
tooge;1;Verbe;ò;puiser;draw (as: water);teooge;to;;wõnge, yõnge;
tooge;2;Verbe;ó-è;casser (une noix);pound, crack (a nut), open / break a nut or kernel;;toose;;;
tooge;3;Verbe;ò;semer sur une ligne qui sert de limite;sow on a line used to show the limit of a field;;;;;
tõoge;1;Verbe;ó-è;pouvoir;can do;;;;;
tõoge;2;Verbe;ò;déchirer;to tear sth;;tõose;;;
tõog-m-menga;;Nom;;maîtrise de soi;self-control.;;tõog-m-mense;;;
tõog-noogo;;Nom;;Gonolek de Barbarie;Barbary shrike;;;Bird;tõogo2;
toogo;1;Adjectif;ó;amer;bitter;;toore;;;
toogo;2;Verbe;;être difficile, pénible, dur;be difficult, troublesome, painful, hard;;;;;
toogo;3;Verbe;;cher;expensive;;;Money;;
toogo;2;Nom;ó;souffrance, peine, douleur, dureté, malheur, condoléance;suffering, pain, distress, ache, hurt, hardship, hardness, woe, condolences, a difficulty, bitter experience;;toodo;Disease;;
toogo;3;Nom;ò;préoccupation, soucis;preoccupation, sorrow, anxiety, concern, care;;;;toore3;
tõogo;1;Nom;ṍ-ò;pouvoir (le), puissance, force;power, strength, might, force, ability, means.;;tõose;;;
tõogo;2;Nom;;Gonolek de Barbarie;Barbary shrike;;;Bird;tõog-noogo;
tõogo;3;Nom;ó-ò;capacité, compétence;capacity, competence, authority.;;tõose;;;
tõogo;4;Nom;;loi, commandement, ce que l'on doit pouvoir faire;law, commandment, things you should be able to do.;;tõodo;;;
tõogre;;Nom;ó-é;victoire;victory.;;;;;
tooko;;Nom;òó-ò;nid;nest;;;;tʋko2;
tool n boole;;expression;;héler;to hail, to call.;;;;;
tool n yã;;expression;;apercevoir;to see from far away, to catch sight of, to make out.;;;;;
toole;;Verbe;ó-è;commissionner, poster, adresser;commission, to post, to mail, to send, to address, to send sb;;;;;
toolem;1;Nom;ó;le fait d'être amer;being bitter, bitterness;;;;toom1;
toolem;2;Nom;ó;sévérité, méchanceté, rigueur exigée, rigoureusement;strictness, harshness, hardness, wickedness;;;;;
tooll rɛɛgda;;Nom;;destinataire;recipient, consignee, addressee;;;;tooll soaala;
tooll soaala;;Nom;ó ó-à;destinataire;recipient, consignee, addressee;tooll soaba;;;tooll rɛɛgda;
toolle;;Nom;ó-é;commission, envoi;errand, sending somebody to do something, posting, mailing, parcel;;toaala;;tʋntʋmdo;
toom;1;Nom;;le fait d'être amer;being bitter;;;;toolem1;
toom;2;Nom;;lèpre;leprosy;;;Disease;wãoodo, yĩnga3;
toom;3;Nom;;méchanceté;wickedness, malice, meanness;;;;;
toomde;1;Verbe;ò;claquer la langue;click one's tongue.;;;;;
toomde;2;Verbe;;piler (dans mortier), cogner, battre;to pound (in a mortar).;;;;;
toome;;Verbe;ó-è;être amer;be bitter;;;;;
toor zalle;;expression;;caractéristique, trait spécifique, particularité;characteristic.;;;;;
toore;1;Adjectif;ó;différent, autre;different, other;;;;;
toore;2;Nom;;à l'écart, à part;aside, set aside, off;;;;;
toore;2;Nom;ó;personne (en), même;person (in);;;;;
toore;3;Nom;ò-é;préoccupation, intérêt;preoccupation, concern;;;;toogo3;
toore;4;Nom;ó;mortier;mortar;;toaya;Tool;teoogo2, teoogo2;
toor-toore;;Adverbe;;séparément, différemment, à part;differently, separately;;toay-toaya;;;
toose;;Nom;ó;bière du mil très alcoolisée;beer made of millet with high alcohol content;;;;;
tõr zɩslem;;Nom;;poids brut;gross weight;;;Mathematics;;zɩsl-mengre, laok zɩslem
torbila;;Nom;ò-í-á;pilon;pestle;todbila;torbi;Tool;tulgu;
tõre;;Nom;õ̀-é;entier, totalité;the whole of sth., totality;;tõya;;;
torge;1;Verbe;;casser, endommager;to break, spoil, damage, be / get broken, break down;;toose, torse;;;
torge;2;Verbe;;laisser tomber une goutte;to drip, let fall a drop, to let drop a drop of a liquid;;torse;;;
tõrge;;Verbe;ó-è;casser en pliant et en appuyant contre le sol;break / crush by folding and pressing on the ground, to break by bending it against the ground;;;;;
tõrme;;Verbe;ó-è;frotter contre le sol;rub against the ground;;;;;
torse;1;Verbe;ó-è;allumer une torche électrique ou orienter la lumière d'une torche vers;to shine a torch /flash-light on sth., to light ones way, turn on a torch /flash-light or direct the light towards;;;;;
torse;2;Nom;;torche électrique;torch, pocket lamp, flash-light.;toarsa;tors-rãmba;;;
tõr-tõre;;Adverbe;ò;en mille morceaux;in a thousand pieces;;;;;
tose;;Verbe;ò;déverser sa colère sur quelqu'un;tell somebody off in an angry manner;;;;;
tosge;;Verbe;ò;laisser tomber une goutte, goutter;to drip, fall as drops;;;;;
tõsge;;Verbe;ó-è;se casser (ex;;;;;;
tõsɩ;;Adverbe;ó;là précisément;there precisely;;;;;
tõsme;;Verbe;;produire des bons fruits en abondance;produce abundantly good fruits;;;;;
tõsre;;Nom;ó-è;cueillette, récolte;picking, harvest, collecting crops;;;;;
tõss;;Adverbe;;lourdement;heavily;tass;;;;
tõt sõadg yʋʋr bila;;expression;;article partitif;partitive article;;;Grammar;;
tõt-faagre;;Nom;;irréductible;irreducible.;;;;;
to-to;1;Adverbe;;comme suivant;as follows;;;;;
to-to;2;Adverbe;;de manière à, de façon à;in such a way that, in such a manner that;;;;;
to-to;3;Adjectif;;différent sortes, propres;different kinds;;;;;
to-to;4;Adverbe;;toute de suite, à l'instant, vite, rapidement;immediately, instantly, quickly;;;;tao-tao;
tõtre;;Adjectif;ò-é;désobéissant, insoumis;disobedient, insubordinate, naughty;;;;;
tõt-sõadga;;Nom;ò-ó-à;in-comptable;uncountable, innumerable.;;;;;
tu;;Verbe;ú;creuser, faire un trou;dig (a hole), make a hole;;tugsi;;;
tũ;;Verbe;ù;suivre;follow;;;;;
tũ ne pãnga;;expression;;violent, par la force, forcé;violent, forcefully, forced.;;;;;
tũ sɩda;;expression;;raisonner;to reason with, rationalize, to think.;;;;;
tubãani;;Nom;ù-á;pâte de haricot cuit à la vapeur;steamed bean paste;;;Food;;
tudgda;;Nom;;trompeur;misleading, deceptive, cheater, deceiver, imposter.;;;;;
tudgi;;Verbe;ù;tromper (se), commettre un erreur;make a mistake, blunder, mislead, deceive, to err, be mistaken;;tuudi, tuudgu;;;
tudgri;;Nom;;erreur, tromperie;error, mistake, cheating, deceit, con, deception, fraud.;;;;;
tudi;1;Verbe;ù;présenter, tendre pour donner;present, stretch out to give;;;;;
tudi;2;Verbe;ù;aller dans la direction de, se diriger vers;go towards;;;;;
tug beem;;Verbe;ù é;en vouloir à, entretenir des sentiments d'inimité envers;to bear a grudge against, have feelings of enmity towards;;;;;
tugfu;;Adjectif;ú;écourté;trimmed, cut back, .;tuku;tugdu;;;
tugi;1;Verbe;ù;se venger, rendre la pareille en mal;avenge, repay evil;;;;;
tugi;2;Verbe;;toucher ou cogner plusieurs fois avec le bout introduit dans une ouverture, approfondir le trou de cette manière;touch or hit several times, deepen a hole;;;;;
tugi;3;Nom;ú;espèce de gros sésame noire utilisé pour assaisonner certaines sauces;kind of black sesame used as ingredient for certain sauces.;;;;;
tuglgi;1;Verbe;ú-ì;allumer (feu);kindle a fire, light a fire;;;;tugli, sogle2;
tuglgi;2;Verbe;ú-ì;porter un récipient aux lèvres pour boire ou pour donner à boire;lead a container to the lips to drink or to make drink;;;;;
tugli;;Verbe;ú-ì;allumer (feu);light a fire, kindle a fire;;;;tuglgi1;
tugri;;Nom;ú-ì;aigle (espèce) pouvant emporter des petits ruminants;eagle sp able to carry away small ruminants;;tuga;Bird;;
tug-taba;;Nom;;espèce de plante;kind of plant;;;Grass, herb, vine;;
tui;;Verbe;ùi;enfiler;to string;;;;;
tuiifu;;Nom;ùi-ú;grain du pain de singe;grain of baobab fruit.;;tui;;;
tui-raoogo;;Nom;ùi-áo-ó;brochette;kebab, skewer;;tui-raado;;sɛnsɛnga;
tuk boko;;expression;;trouer;to make a hole in, to pierce.;;;;;
tuk sũuri;;expression;;faire mal au cœur, irriter le cœur;ache the heart, irritate;;;;;
tuk vũka;;expression;;tracer;trace, draw a line.;;;;;
tuki;1;Verbe;ú-ì;creuser (un trou, une seule fois);dig (a hole, single instance);;tugsi;;;
tuki;2;Verbe;ú-ì;piquer, heurter;sting, stab, prickle;;;;;
tuki;3;Verbe;ù;abattre les plantes pour se frayer un chemin;cut down the plants to clear a road;;;;;
tuki;4;Verbe;ú-ì;surprendre;surprise;;tugi;;lingi;
tuku;;Nom;;case ronde avec un toit en terrasse;round hut with a flat roof, a flat-roofed room;;tugdu;Building;;
tulg vʋʋsem;;Verbe;;faire perdre le souffle;make loose one's breath, cause to be puffed;;;;vʋʋs-tula;
tulgi;;Verbe;ù;inverser, mettre dans l'autre sens;reverse, invert sth., change over, switch, put the other way round, inside-out, too turn sth;;tulsi;;;
tulgu;;Nom;ú-ù;pilon;pestle;tulga;tundu;Tool;torbila, todbila;
tulgumdi;;Adjectif;;à l'envers;the other way round, inside-out;tulumdi;tulgma;;lebende;
tuliyã;;Nom;;acrobatie;acrobatics.;;;;;
tulli;;Adjectif;ú;à reculons, marche arrière, aller en sens inverse;backwards, go in the inverse direction;;tula;;;
tulubri;;Nom;;concorde;fish sp;;;Fish;;
tulumdi;;Adverbe;;à l’envers;upside down, inside out;tulgumdi;;;;
tulum-tulum;;Adverbe;;dans le sens inverse;in the inverse direction, upside-down;;;;;
tũma;;Nom;ù-á;syphilis;syphilis;;;Disease;;
tũma pʋ-wuka;;Nom;;espèce de plante;kind of plant.;;;;;
tũmapʋwuka;;Nom;;plante (espèce);plant sp;;;Grass, herb, vine;yar-yãamde;
tũngu;;Nom;ù-ú;calebassier;calabash tree, calabash-vine plant;;tũndu;Tree;tũn-kãande, kãande, wamde1;
tũn-kãande;;Nom;;calebassier;calabash tree;;;Tree;tũngu, kãande;
tũ-noore;;Nom;;légal;legal, lawful, according to the law.;;;;;
tũ-n-tatga;;Nom;;voie de communication;communication route;;;Travel;tõkdga;
tũnug n paame;;expression;;profiter;to benefit.;;;;;
tũnugi;;Verbe;ù;faire suivre;cause to follow, to make sb;;;;;
tũnunga;;Nom;ù-ú-á;adverbe;adverb;;;Grammar;;
turgi;;Verbe;ú-ì;se trouver nez à nez avec, rencontrer à l'improviste;meet unexpectedly, be face to face with;;;;;
turi;;Verbe;ú;heurter, toucher avec le bout;hit, strike, knock, touch with the tip of;;;;;
tus‑tusa;;Nom;;des milliers;many thousands;;;Mathematics;;
tusga;;Nom;ú;poussée, bousculade;jostle, hustle, pushing.;;;;;
tusgi;;Verbe;ú-ì;s'effondrer;fall in, break up, slump down, sink down, collapse.;;;;;
tus-gĩnd bila;;expression;;unité de mille;thousands unit.;;;;;
tus-gĩndi;;Nom;ú;millier;thousand;;;Mathematics;tus-kʋʋngo;
tusi;1;Verbe;ù;pousser, déplacer en poussant;push, move by pushing, shift;;;;;
tusi;2;Verbe;;attiser;fan the flame, stir up;;;;;
tus-kẽemde;;numéral;;million;million;;tus-kẽema;Mathematics;milyõ;
tus-koabga;;numéral;;cent milles;hundred thousand;;;Mathematics;;
tus-kʋʋngo;;numéral;;milliard;billion;;tus-kʋʋma;Mathematics;milyaare, tus-gĩndi;
tus-piiga;;numéral;;dix mille;ten thousand;;;Mathematics;;
tusri;;numéral;ú-ì;mille,1000;thousand, 1'000;;tusa;Mathematics;waaga2;
tusringa;;Adjectif;ú-á;millième;thousandth;;;Mathematics;ye tusrẽ;
tutmi;;Verbe;ù;marcher en zigzaguant;walk in a zigzag / twisted manner;;;;;
tuu;1;Adverbe;ù;fixement, immobile et indifférent;fixedly, stock-still, motionless and unconcerned / indifferent;;;;;
tuu;2;Adverbe;ù;tout noir;very black;;;Colour;;
tũub gɩdga ne tar-tabds sẽn tar kẽnes-vũudsi;;expression;;accès interdit aux motocyclettes et motocyclettes légères;no motorcycles;;;7;;
tũub gɩdga ne tar-tabdse;;expression;;panneau accès interdit aux cycles;no cycling;;;7;;
tũub gɩdga ne zɩɩb tolb mobillsi;;expression;;accès interdit aux véhicules affectés au transport de marchandises;no heavy goods vehicles;;;7;;
tuubi;;Verbe;ú-ì;(se) convertir (généralement à l'islam), se repentir;convert (generally to Islam), repent;;;;;
tuubu;1;Nom;;creuser (fait de);digging.;;;;;
tuubu;2;Nom;ú-ù;récolte (de tubercules et arachides);harvest (of tubers and ground-nut);;;Agriculture;;
tũubu;;Nom;ú;action de suivre, suite;following;;;;;
tũuda;1;Nom;;personne qui suit, adhérent;follower;;tũudba;;;
tũudga;;Nom;;conduite de véhicule / engin;driving a car or engine;;;Travel;;
tũud-n-taaga;;Nom;ù-á-á;compagnon, partenaire;mate, fellow worker, companion, partner;;tũd-n-taase;;tũudunga2;
tũud-n-taare;;Nom;;compagnie;company, companionship.;;;;;
tũudum;1;Nom;ù-ú;le fait de suivre;following;;;;;
tũudum;2;Nom;;religion (le fait de suivre);religion;;;;Wẽnd so-tũudum;
tũudum;3;Nom;;conduite de véhicule / engin;driving an engine;;;Travel;;
tũudunga;1;Nom;ù-á;déterminant;determiner;;;;;
tũudunga;2;Nom;;compagnon;mate, fellow worker, companion;;;;tũud-n-taaga;
tuugu;1;Nom;ú;buisson, arbuste, petit arbre;shrub, bush, small tree;;tuudu;Bush, shrub;;
tuugu;2;Adjectif;ú;non fermé (plaie);not closed (wound);;tuudu;;;
tuuli;2;Verbe;;inverser, mettre dans l'autre sens;to invert, turn sth;;tulsi;;;
tuumi;;Verbe;ù;aller çà et là en zigzaguant et sans but précis;go here and there in a zigzag manner and without precise aim.;;;;;
tuuru tãndo;;Nom;;ciment;cement;;;;sõmmeta, sɩma;
tuusi;;Verbe;ú-ì;donner, distribuer gratuitement (péjoratif);give, distribute free of charge (pejorative);;;;;
tũusi;;Verbe;ù;choisir, trier;choose, select, pick, elect, divide, sort;;;;;
tuutaa;;Adverbe;ù;sombre, obscure;dark;;;;;
tuu-tuu;;Verbe;ù;à l'aveuglette;to grope one's way along;;;;;
tʋ;1;auxiliaire;ʋ̀;aller en vue de, aller pour;go to;tʋg, tɩg;;;tɩ3;
tʋ;2;Verbe;ʋ́;insulter, offenser, injurier;to insult, offend, abuse, revile;;tʋʋse;;;
tʋb-boko;;Nom;;conduit auditif;auditory canal, ear canal;;tʋb-bogdo;Body;;
tʋbga;1;Nom;ʋ́;mangouste rouge;slender mongoose;;tʋbse;Mammal;;
tʋbga;2;Nom;ʋ́;dard, aiguillon d'abeille;dart, sting, spine, bee sting.;;tʋbse;;;
tʋbga;3;Nom;;espèce de rangeur, souris;kind of mouse;;;Mammal;;
tʋb-kɩda;;Nom;;sourd, malentendant;deaf person;;;Sick;wʋnga;
tʋb-kɩre;;Nom;;tempe;temple;;;Body;kɩgdga;
tʋb-kɩrga;;Nom;;coin de l'oreille;part of ear;;tʋb-kɩrse;Body;;
tʋb-longo;;Nom;ʋ̀-ó;boucle d'oreille;earring.;;tʋb-londo;;;
tʋb-loomde;;Nom;;lobe;lobe, lower lobe of the ear;;tʋb-looma;Body;;
tʋb-pa-wʋmda;;Nom;;têtu (lit;;;;;;
tʋbr bĩndu;;Nom;;cérumen;earwax;;tʋbr bĩna;Body;tʋbr rẽgdo, tʋbr sũm, tʋbr kaam;
tʋbr sũm;;Nom;;cérumen;earwax;;;Body;tʋbr kaam, tʋbr rẽgdo, tʋbr bĩndu;
tʋbr yaaba;;Nom;ʋ̀ á-á;tympan;ear drum, tympanic membrane;;tʋbr yaab-rãmba;Body;;
tʋbre;;Nom;ʋ̀-é;oreille;ear;;tʋba;Body;;
tʋbse;;Verbe;;cracher;to spit;;;;;
tʋbtaga;;Nom;á-à;plante (espèce), pourpier;plant sp;;;Grass, herb, vine;;
tʋb-taga;;Nom;;espèce de plante;kind of plant;;;Grass, herb, vine;;
tʋb-vãoogo;;Nom;;pavillon (d'oreille);auricle (of ear);;tʋb-vãado;Body;;
tʋb-zabre;;Nom;;otite;otitis, ear infection;;tʋb-zaba;Disease;;
tʋde;1;Verbe;ʋ́;boutonner;button up, close, do up;;;;soge1;
tʋde;2;Verbe;;être en grossesse;to be pregnant;;;;;
tʋdge;;Verbe;;déboutonner;unbutton;;tʋdse, tʋʋde;;soke1;
tʋdse;;Verbe;;engrosser;make pregnant, impregnate, get sb;;;;;
tʋg;;auxiliaire;;auxiliaire indiquant que l'action se déroule loin du locuteur;auxiliary verb indicating that the action happens far away of the speaker, go to;tɩg, tʋ;;;tɩ3;
tʋge;;Verbe;;aller, voyager;go ,travel;;;;toge1;
tʋgle;;Verbe;;orienter;orientate, direct, channel, turn towards;;;;;
tʋgre;;Nom;ʋ́-è;fourrée d'arbustes;group of thick bushes, covert;;tʋga;Bush, shrub;;
tʋɩ;;Verbe;ʋ́ɩ;étaler, étendre;spread sth;;;;;
tʋɩɩse;;Verbe;ʋ́ɩ-è;poser les bases, entamer, commencer, introduire;lay the foundations, begin to, start to, make inroads into, introduce, found;;;;;
tʋɩɩsgo;;Nom;ʋ́ɩ-ó;introduction;introduction;;;;tɩʋʋsgo;
tʋke;;Verbe;ʋ̀;porter sur la tête, mettre sur la tête;carry on the head, put on the head, to load with a head-load, carry sb;;tʋgse;;;
tʋko;1;Nom;;boîte, gourde, pot;can, box, flask, container, jar;;tʋgdo;Container;;
tʋko;2;Nom;ʋ́-ò;nid;a nest;;tʋgdo;;tooko;
tʋko;3;Adjectif;ʋ̀-ó;en relief, bombé, proéminent;standing out, salient, prominent, sticking out;;tʋgdo;;;
tʋko;4;Nom;ʋ̀-ó;réservoir;reservoir, cistern.;;;;;
tʋlga;;Nom;;besoin, désir;need, want, desire, lust;;tʋlse;;tʋlsem;
tʋlge;;Verbe;ʋ́-è;souhaiter, désirer, vouloir, avoir besoin de;desire, want, wish, lust after, need, like;;tʋlse;;;
tʋlle;;Verbe;ʋ́-è;désirer, vouloir présentement;desire, want actually now.;;;;;
tʋlsem;;Nom;ʋ́-é;objectif, but, volonté, désir, souhait;objective, goal, aim, wish;;;;ratem, tʋlga, raabo2;
tʋlsmã;;Nom;ʋ́-é;désir, besoin;need, want, desire;;;;;
tʋm ne taaba;;expression;;collaborer;to collaborate on / with.;;;;;
tʋmbo;;Nom;ʋ́;action d'envoyer;sending.;;;;;
tʋmd doogo;;Nom;;bureau;office.;;;;;
tʋmda;1;Nom;ʋ́;travailleur;worker;;tʋmdba;Worker;tʋntʋmda;
tʋmda ne ordinatɛɛre;;expression;;travailler avec l'ordinateur;work with the computer.;;;;;
tʋmd-n-taaga;;Nom;;collaborateur, collègue de travail, compagnon;co-worker, work colleague, fellow worker.;;tʋmd-n-taase;;;
tʋmd-n-taase;;Nom;;partenaires, collaborateurs;partners, co-workers;;;Worker;;
tʋme;1;Verbe;ʋ̀;travailler, exercer un métier, façonner, usiner, œuvrer, être employé;work, have an occupation /profession, fashion, be employed;;;;;
tʋme;2;Verbe;;introduire, mettre dans;induct, insert, work in, put inside;;;;;
tʋme;3;Verbe;;envoyer quelqu'un (un émissaire);send somebody to sb., to send sb;;;;;
tʋmtʋmda;;Nom;;serviteur, travailleur, ouvrier;servant, worker, labourer;tʋntʋmda;tʋmtʋmdba;Worker;;
tʋmtʋmd-poaka;;Nom;;servante, ouvrière;servant (female), maid, maid servant, female worker.;;;;;
Tʋm-y tõnd yãmb koeesã wall y sogdsã;;expression;;Envoyez-nous vos commentaires ou questions;Send us your comments or questions;;;computer / digital;;
tʋntʋmda;;Nom;ʋ̀-ʋ́;travailleur, ouvrier;worker, labourer, workman;tʋntʋmda;tʋntʋmdba, tʋmtʋmdba;Worker;tʋmda1;
tʋntʋmdb sulli;;Nom;;syndicat;trade union, union, association.;;;;;
tʋntʋmdem;;Nom;ʋ̀-ʋ̀-é;fonction;function.;tʋntʋmdre;;;;
tʋntʋmdla;;Nom;;profession;occupation, profession, work, job;;;Worker;;
tʋntʋmdo;;Nom;ʋ̀-ɩ́-ò;mission, envoi;mission, assignment, sending, mailing, dispatch;tʋntʋmde;;;toolle;
tʋntʋnda;;Nom;;messager, l’envoyée;messenger, sent-one, envoy, herald;;;Worker;;
tʋp;;Adverbe;ʋ́;tout juste le niveau / nombre, sans déborder même un peu;reach exactly the level / number, without even a small amount more;tʋpɩ;;;;
tʋtẽ;;Verbe;ʋ̀-ẽ́;grossesse (être en);pregnant (be);;;;;
tʋtga;1;Adjectif;ʋ̀-á;en grossesse, enceinte;pregnant;;tʋtse;;;
tʋtga;2;Nom;ʋ́-à;bouton;button;;tʋtse;;;
tʋtr-pʋga;;Nom;;femme enceinte, femme en grossesse;pregnant woman;;tʋtr-pʋse;;nin-zɩsa, pʋg-pʋga, pʋg-tʋtga;
tʋʋge;;Verbe;;dépasser, surplomber, se mettre avant, devancer dans une action;to advance, go forward, overshoot, go beyond, overtake, outpace stick out from, put forward, go / be in the front;;;;;
tʋʋl-biisi;;Nom;;bourbouilles, (boutons sur la peau causées de la chaleur);heat-rush;;;Disease;;
tʋʋle;;Verbe;ʋ́-è;être chaud;be hot;;;;;
tʋʋlem;;Nom;ʋ́-é;chaleur, température;heat, warmth, temperature;;;;;
tʋʋlg bɩ waood magb teoogo;;expression;;degré;degree;;;Weather, Tool;;
tʋʋlg bɩ waood rãamde;;expression;;température;temperature;;;Weather;;
tʋʋlg kiuugu;;Nom;;mars;March.;;;;;
tʋʋlg yiibu;;Nom;;transpiration;sweating, perspiration, transpiration.;;;;;
tʋʋlga;;Adjectif;ʋ́-á;chaud;hot;;tʋʋlse;;;
tʋʋlgo;;Nom;ʋ́-ó;période de chaleur, temps chaud;heat (weather), hot season, period of warm weather;;;Weather;;waoodo
tʋʋlg-tʋʋlga;;Adverbe;ʋ́-ʋ́-á;rapidement;quickly, speedily, swiftly.;;;;;
tʋʋlle;1;Adverbe;ʋ́-é;rapidement;rapidly, speedily, swiftly, quickly;;;;;
tʋʋlle;2;Nom;ʋ́-é;double d'une personne que se manifeste théoriquement à l'approche de sa mort;double of a person that shows itself towards the death of that person.;;;;;
tʋʋll-tʋʋlle;;Adverbe;ʋ́-ʋ́-é;très rapidement;very quickly;;;;zar-zare, war-ware, zar-zare, tao-tao, war-ware;
tʋʋl-magdga;;Nom;;thermomètre;thermometer;tʋʋlem-magdga;;Tool;;
tʋʋl-nif kiuugu;;Nom;;avril;April;;;Weather;;
tʋʋl-nifu;;Nom;;point culminant de la chaleur, canicule;climax of the heat.;;;;;
tʋʋm biisi;;Nom;;production;production, products, goods, produce.;;;;;
tʋʋm gẽebo;;Nom;;grève;strike;;;Worker;;
tʋʋm teedo;;Nom;;instrument de travail, outil;work instrument, tool;;;Tool, Worker;;
tʋʋm zĩiga;;Nom;;bureau, service, lieu de travail;working place, office, job location;;;Worker;;
tʋʋm zĩiga toeoongo;;expression;;affectation;allocation, appointment, posting, dislocation to go to work there, new assignment;;;Worker;;
tʋʋma;;Nom;ʋ́;travaux, œuvres, actions;works, deeds, acts.;;;;;
tʋʋmã kibay sɛb-kʋd bĩngri;;expression;;archives;archives;;;Work and occupation;;
tʋʋm-bãnde;;Nom;;miracle;miracle;;tʋʋm-bãna;;bõn-bãnde;
tʋʋm-baooda;;Nom;;candidat à l'emploi;candidate seeking employment;;;Worker;;
tʋʋmd ligd-gãnegdga;;Nom;;devis;estimate;;;Money;;
tʋʋmd saab vʋʋsgo;;Nom;;retraite professionnelle;retirement, pension;;;Worker;;
tʋʋmd sẽn yɩl wilgri sebre;;expression;;rapport;report.;;;;;
tʋʋmd teedo;;expression;;outils, matériels, instruments de travail;tools;;;Tool;;
tʋʋmd yaoodo;;Nom;;salaire, rémunération;salary, wage;;;Money;;
tʋʋmd zĩiga;;Nom;;atelier, lieu de travail;workshop, studio.;;;;;
tʋʋmde;;Nom;ʋ́;travail, fonction, utilité, activité, devoir, tâche, entreprise;work, function, usefulness, activity, duty, job, business, undertaking;;tʋʋma;;;
tʋʋmd-tʋʋmde;;interj;ʋ́;salutation à l'adresse de quelqu'un qui est en train de travailler;greeting towards somebody who is working;;;;;
tʋʋm-gãnegdga;;Nom;;programme;programme, program, plan, syllabus.;;;;;
tʋʋm-koagenda;;Nom;;encadreur;trainer, supervisor;;;Worker;;
tʋʋm-mita bũmb a ye zugu;;expression;;technicien, spécialiste dans un domaine;technician, skilled worker in his area of expertise;;;Worker;;
tʋʋm-sõma;;Nom;;bonne-œuvre, œuvre bonne;good work, good deed;;;;;
tʋʋm-teoog sẽn wilgd zĩiga;;expression;;boussole, appareil qui montre la direction;compass;;;Tool;;
tʋʋm-tʋʋmde;;interj;;Bon courge pour votre travail;;;;;;
tʋʋm-wẽnga sɩbgre;;expression;;sanction;sanction.;;;;;
tʋʋm-wẽnse;;Nom;;iniquités, mauvais œuvres;iniquities, wrongdoing;;;;;
tʋʋre;;Nom;ʋ́-è;insulte, injure, fait d'insulter;an insult, swear at, insulting, slight;;;;;
tʋʋse;;Verbe;;insulter, injurier (à plusieurs reprises);insult (many instances), revile;;;;;
tʋʋsgo;;Nom;ó-ò;coussinet pour porter une charge sur la tête;a head-pad, a little cushion to carry a load on the head;;tʋʋsdo, tʋga, tʋʋre;;;
ũusi;;Verbe;ú-ì;gémir;groan, whine, moan, wail;;;;kũsi1, wõose1, zʋ2;
va;1;Verbe;à;taper, frapper;to tap sth., swat, hit, beat, strike, clap;;;;;
vaado;1;Nom;á;ordures issues de la préparation d'un champ;crop residues, last-year's stalks, dead weeds, thrash, waist, rubbish, rubble, leftovers of cleaning a field to prepare for sowing;;;Agriculture;;
vaado;2;Nom;á;coup;blow, hitting, bash, clout, thump.;;;;;
vaaga;;Nom;;kapok;kapok;;;Parts of a plant;;
vãaga;;Nom;á-à;creux, trou;hollow, cavity, hole, socket, vent.;;vãase;;;
vaage;1;Verbe;à;vider le contenu d'un récipient, retirer tout le contenu d'un récipient;empty a container, pour out all the liquid of a container;;va;;;
vaage;2;Verbe;á-è;tresser une natte;to weave a mat;voaage;va;;;
vaage;3;Verbe;á-è;attraper et soulever, enlever, tirer par la base;catch and lift, pull from below;;va;;wõge2;
vaagre;;Nom;á-é;action de vider;emptying.;;;;;
vaaka;;Nom;;kapokier rouge;kapok tree;voaaka, vaooka, voaka;voogse, voose;Tree;vaooka;
vaale;;Verbe;à;avorter, ne pas avoir lieu, foiré;to fail to come off, fail to happen, not take place, be abortive;;;;;
vaalle;;Adjectif;á;qui n'a pas eu lieu, avorté;that didn't take place, aborted;;vaala;;;
vãba;;Verbe;;être prosterné;bow down deeply;;;;wõge3;
vãbdo;;Nom;á;liasses d’argent, grosse fortune (terme plaisant);large sum of money, big fortune (amusing expression).;;;;;
vabende;;Verbe;á-e;se mettre à plat ventre, se prosterner;get down flat on one's tummy, to prostrate oneself, lie flat on the face;;;;vãbnege;"zãmbeelle; synonyme: vãbnege"
vãbga;;Adjectif;á-à;aplati;flat;vabga;;;;
vãbne;;Verbe;á-è;se prosterner, se mettre à plat ventre ou poitrine contre le sol;to prostrate oneself, get flat on the ground with your belly or chest, to lie flat on the face;vãbnege;;;vãbnege;"zãmbeelle; synonyme: vãbnege"
vãbnege;;Verbe;;se prosterner, se mettre à plat ventre ou poitrine contre le sol;to prostrate oneself, get flat on the ground with your belly or chest, to lie flat on the face;;;;"vãbne, vabende; antonyme: zãmbeelle";zãmbeelle
vãdge;;Verbe;;castrer;castrate;;vãade, vãde;;;
vaeege;;Verbe;;fouiller, excaver, écarter ce qui cache, découvrir;excavate, uncover (single instance).;vɛɛge;vaeese;;;
vaeese;;Verbe;à;fouiller, excaver, écarter ce qui cache, découvrir;poke about, delve, search, excavate (many instances).;vɛɛse;;;;
vage;1;Verbe;á;remuer les oreilles en balançant la tête;move the ears by shaking the head;;;;;
vage;2;Verbe;á;picorer, picoter;pick, peck;;;;;
vã-gĩindi;;Nom;;nervure;nerve (plants), vein;;;Parts of a plant;;
vaka;;Nom;á-à;nid (à terre), nid sur le sol;nest (on the ground);voaka;vagse;;tɩ-bõeega;
valem-valem;;Adverbe;á;avec des creux, hâtivement;with hollows, in a hurry, rushed, hastily;;;;;
val-vale;;Adverbe;;souffler légèrement (vent);blow lightly, softly (wind);;;;;
vama;;Adverbe;à;complètement à plat;completely flat;;;;;
vambre;;Adjectif;à;aplati;flattened.;;vamba;;;
vame;;Verbe;à;aplatir les lèvres;flatten the lips;vãme;;;;
vãna;;Adverbe;à;sans énergie, tout flasque;without energy, flaccid;;;;;
vãnemde;;Verbe;á-è;se faner, devenir flasque;droop, become flaccid;;;;;
vã-nenga;;Nom;á;limbe;blade (leaf).;;;;;
vaodgo;;Adjectif;áo-ò;creux, enfoncé;hollow, sunken;võadgo;vato;;;
vaoko;1;Adjectif;áo-ò;large;wide, broad;vako;vagdo;;fiuku;
vaoko;2;Adjectif;;creux, fossé;hollow, gap, gulf;;vagdo;;;
vaooge;;Verbe;á;puiser une grande quantité;draw large quantity;vãooge;;;;
vãooge;;Verbe;áo-è;prélever une grande quantité en un coup;take away a large quantity in one go;;;;;
vãoogo;;Nom;á-ò;feuille;leaf;;vãado, vãto;Parts of a plant;;
vaooka;;Nom;ó-á;kapokier;kapok tree;;voogse;Tree;vaaka;
vara;;Adverbe;à;posé en désordre, pêle-mêle;untidy, disarranged, disordered, messy;;;;;
varge;;Verbe;á-è;faire tomber en grand nombre;make fall in large numbers;;vare, varse;;;
var-vare;;Adverbe;;rapidement, précipitamment;quickly, hastily;;;;zar-zare, zar-zare;
vãvãbdo;;Adverbe;á-ò;à plat ventre;flat on the belly;;;;yão-vabga;
vẽ;;Verbe;é;ne plus tenir compte d'un appel, surseoir, s’abstenir;adjourn, not heed, not take notice, take into account, put off;;;;;
vẽe;;Adverbe;é;bruit aigu d'ailes émis par un insecte;noise from an insect's wings;;;;;
vẽege;;Verbe;è;faire jour;to dawn, dawn has broken, become day;;;;;
vẽende;;Nom;é;cartouche, balle de fusil;cartridge, ammunition, bullet;;vẽena;;kud-fɩbre;
vẽene;;Verbe;è;être claire, dégagé;to clarify, be/make clear, be clear, unobstructed;;;;;
vẽenega;1;Adjectif;ẽ̀-á;clair, dégagé;clear, unobstructed;;vẽenese;;;
vẽenega;2;Nom;ẽ̀-á;argent comptant, liquidité, cash;ready money, funds;;vẽenese;;;
vẽenega;2;Adverbe;;au comptant;in cash;;;Money;;
vẽenem;1;Nom;è-é;clarté, lumière, éclairage;clarity, light, lighting, illumination.;;vẽen-;;;
vẽenem;2;Nom;è-é;espace, terre, terrain;space, land, terrain, grounds plot of land, piece of land;;;Land;;
vẽenem;3;Nom;è-é;superficie, aire;surface, area;;;Mathematics;neng-yalem;
vẽenese;;Nom;è-é;vérité nue, choses crues, dites sans détour;pure truth, said without hiding anything;;;;;
vẽen-tãoore;;Nom;;vitesse lumière;speed of light.;;;;;
vẽere;;Nom;ẽ́;l'an prochain;next year;;vẽya;;;
veese;;Verbe;;analyser;analyse, test;;;;wegse;
vẽg bal moogo;;Verbe;;cultiver, trier les mauvaises herbes en cultivant et en les secouant fortement pour faire tomber la terre;farm, select the weed and shake them to let the earth fall to the ground.;vɩg bal moogo;;;;
vẽge;;Verbe;é;se débatte, agiter pour se défendre;beat off, strike off;;;;;
vẽgemde;;Verbe;é-è;se dégager de l'emprise de quelqu'un par un mouvement du corps;to free oneself from the grip of somebody by shaking parts of the body;vɩgemde;;;;
vẽgne;;Verbe;é;secouer, (faire) tanguer;shake, swing, fluctuate, oscillate;;;;;
vẽke;;Verbe;è;atteindre le jour suivant ou l'année suivante;reach / attain the next day or the next year, come round (day, year does);;;;;
vẽkembeoogo;;Nom;è-è-éo-ó;lendemain;next day, day after, following day, morrow, the day after tomorrow;;;;vẽtembeoogo;
velbo;;Nom;é-ò;action / fait d'avaler;swallowing.;;;;;
vele;;Verbe;é;avaler;to swallow, gulp down;;;;vole;
velem;;Nom;é;envie de manger de la viande;gluttony (of meat), desire / lust to eat meat;;;;;
vẽlge;;Verbe;;éclairer, illuminer;to light up, illuminate, appear, clarify;;;;vẽnege;
vemm;;Adverbe;é;fermement;firmly;;;;;
vẽmm;;Adverbe;;évoque ce qui pénètre résolument (piqûre, regard);penetrating deeply;;;;;
vẽnegdse;;Nom;;références;references;;;Mathematics;;
vẽnege;;Verbe;ẽ̀;éclairer, illuminer;shed light on, light up, enlighten;;;;vẽlge;
vẽnegre;;Nom;;éclairage;lighting.;;;;;
vẽoodre;;Nom;éo-è;chenille;caterpillar;;vẽooda;Small animals;;
veooge;1;Verbe;éo-è;tirer pour faire pencher;pull to make bend, slant, cant, tilt;;veo;;;
veooge;2;Verbe;éo-è;espacer, faire moins fréquemment;space out, make to become less frequent.;;;;;
vẽp;;Adverbe;è;indique un regard pensif;indicates a thoughtful look;;;;;
vẽ-rayɩta;;Nom;è-à-ɩ́-á;dans deux ans;in two years;vẽ-yɩta;;;yʋʋm-yɩta;
vẽsge;;Verbe;é-è;tirer brusquement d'un coup sec;to jerk, pull suddenly, pull sharply, draw abruptly, crack;;vẽse;;;
vẽtembeoogo;;Nom;;lendemain;next day, day after;;;;vẽkembeoogo;
vɛba;;Adverbe;ɛ̀;vide de toute énergie;empty of all energy.;vɛbrga;;;;
vɛɛge;;Verbe;;fouiller, écarter ce qui cache, découvrir en tirant de part et d'autre;to uncover, open sth;;vɛɛse;;;
vɛɛre;1;Adjectif;è-ɛ́;béant, ouvert;gaping, open;;;;;
vɛɛre;2;Nom;;verre;glass;;;Container;;
vɛɛs n gese;;expression;;inspecter;to inspect.;;;;;
vɛɛsda;;Nom;;enquêteur, inspecteur;investigating officer, interviewer, pollster, researcher, inspector;;;Worker;;
vɛɛse;;Verbe;;fouiller, écarter ce qui est caché;excavate, poke about, delve, explore, dig, search, rummage (many instances);;;;;
vɛɛsgo;;Nom;;enquête, inspection;inquiry, investigation, inspection.;;;;;
vɛlga;;Nom;ɛ́-à;glouton (qui est friand de viande);glutton (who is fond of meat).;;velse;;;
vi;1;Verbe;í;tomber (dents);fall (teeth);;;;;
vi;2;Verbe;;reporter, faire changer de place;shift, move, displace, transfer, carry over, change place;;;;;
vibgi;1;Verbe;;faire une fausse-couche, avorter;have a miscarriage, abort;;;Disease;fabe2;
vibgi;2;Verbe;í-ì;vider d'un seul coup en faisant un tas;empty in one go in making a pile / heap;;;;viki2;
vidba;;Nom;;espèce de plante;kind of plant;;;Grass, herb, vine;koadba;
vidbri;;Nom;í-í;tubercule comestible (espèce);edible tuber sp;;vidba;Food;;
videyo;;Nom;;vidéo, clip;video, clip;;;computer / digital;;
vigi;;Verbe;;secouer;to shake.;;vigsi;;;
viglgi;;Verbe;ì;implanter (dans un trou), fixer solidement;to fix securely, make fast, fasten solidly;vigli;vigi;;;
vigri;;Nom;í-ì;racine, souche;root, stump;;viga;Parts of a plant;;
vigri;2;Verbe;;devenir ou être branlant;become or be shaky;;;;;
viibi;;Verbe;ì;enrouler;wind up, coil, roll sth;vɩɩbe;;;vilgi1, vɩɩbe;
viigi;;Verbe;í-ì;remettre à plus tard, reporter, déplacer, faire changer de place;postpone, transfer, shift, relocate, to set aside;;vi;;siigi;
viki;1;Verbe;ì;déraciner, arracher de terre;pull up the roots, root out, uproot;;vigsi;;;
viki;2;Verbe;í-ì;vider ne renversant le récipient;empty by turning over the container, reverse;;vigsi;;vibgi2;
viku;;Nom;;souche;stump, stock;viuk;;Parts of a plant;;
vilga;1;Nom;í-à;bande d'étoffe que l'on enroule autour de la tête;strip of cloth that one binds around the head.;;vilsi;;;
vilga;2;Nom;í-à;pourtour;circumference, perimeter, periphery.;;;;;
vilgi;1;Verbe;ì;tourner avec la main pour faire rouler;turn with the hand to roll;;;;viibi;
vilgi;2;Verbe;í-ì;dérouler;unwind, uncoil;;viili;;;
vilgu;;Adjectif;ì-ú;gros;big, thick.;viulgu;vindu;;;
vilimdi;;Verbe;í-í-ì;faire le tour;go around;;;;;
vĩma;;Adverbe;í-á;tout chaud;very hot;vĩmm, vĩm-vĩmi;;;;
vĩnlɩɩla;;Nom;;hibou effraie africaine;barn owl;;;Bird;viuug-luiila;
virgi;;Verbe;í-ì;faire bouger un peu;move a bit;;virsi;;;
virsi;;Verbe;í-ì;être agité (notamment dans son sommeil);be fidgety, restless, agitated (n sleeping);;;;;
vir-viri;;Adverbe;ì;bouger ou trembler continuellement;move or shake / tremble continually;;;;;
visgi;;Verbe;;déplacer, reporter;to move sth;;visi;;;
visindu;;Nom;;détritus drainés par l'eau de pluie;rubbish heap caused by rainwater.;;;;;
viuglg zĩigã;;expression;;bases, fondements;foundations;;;;yẽbgre, sɩngre1, tiligri;
viuug-luiila;;Nom;;hibou effraie africaine;barn owl;;viuug-luiili;Bird;vĩnlɩɩla;
viuug-n-di-soaamba;;Nom;;hibou grand-duc;milky eagle-owl;;;Bird;sɩlsuku;
viuugu;;Nom;í-ù;hibou;an owl;vĩuugu, vĩuungu;viidu, vitu;Bird;sɩlsuku;
vĩuungu;;Nom;;hibou grand-duc africain;spotted eagle-owl;viuugu;;Bird;sɩlsuku;
vɩ;;Verbe;ɩ́;être en vie, vivre;live, be alive;vʋɩ;;;vʋɩ;
vɩ koomẽ (sẽn);;expression;;aquatique;aquatic, water-.;;;;;
vɩdge;;Verbe;ɩ́-è;avorter, extraire;abort, perform an abortion, extract sth., miscarry;;vɩɩde;;;
vɩge;;Verbe;ɩ́;se débattre;wrestle, struggle, dispute, beat off, strive to get away;;;;;
vɩgemde;;Verbe;;se débatte;wrestle, struggle, dispute.;;;;;
vɩgende;;Verbe;;balancer, osciller;jiggle, oscillate;vɩgemde;;;zogle;
vɩglme;;Verbe;;se débattre;to wrestle, struggle, dispute.;;;;;
vɩɩbe;;Verbe;;enrouler;wind up, coil, roll up;;;;viibi;
vɩɩdo;;Adjectif;ɩ̀-ó;vides (pl.);empty (pl.);;;;;
vɩɩga;;Adjectif;ɩ́-á;qui est vivant, en vie, vivant;alive, living;;vɩɩse;;vɩɩla1, vʋɩɩga;
vɩɩla;1;Adjectif;ɩ́-á;vivant, qui vit;alive, that lives, living;;vɩɩlɩ, vɩɩse;;vɩɩga;
vɩɩla;2;Nom;ɩ̀-á;sifflotement;whistling, wheezing.;;;;;
vɩɩlge;1;Verbe;ɩ̀;faire vivre;to vivify, revivify, bring to life, cause to live;;;;;
vɩɩlge;2;Verbe;;faire vivre, faire revivre, amener à la vie;to (re)vivify, bring to life.;;;;;
vɩɩm;;Nom;ɩ́;vie;life;vʋɩɩm;;;vʋɩɩm;
vɩɩm zĩiga;;Nom;;résidence;residence.;;;;;
vɩɩmde;;Verbe;ɩ́-è;vivre, rester en vie;live, stay alive;vɩɩnde;;;;
vɩɩnde;;Verbe;ɩ́-è;avoir vécu, rester en vie, vivre;have lived, be alive, stay alive, to live on;;;;;
vɩɩsem;;Nom;;petit interstice, fissure;small inter-space, gap, rift, fissure, crevice.;;;;;
vɩlbre;;Adjectif;ɩ̀-é;gros, épais;big, thick;;vɩlba;;vɩlle, vɩlle;
vɩlemde;1;Verbe;;retourner, balancer en l'aire une fois;turn over, sway / jiggling once in the air;;vɩlme;;;
vɩlemde;2;Verbe;ɩ̀;rebrousser chemin;return, go back, double back;vɩlemse;;;;
vɩlenga;;Nom;;torche, brandon;torch, firebrand, a burning / flaming torch;;vɩlemse;;molle, moalla;
vɩlga-vɩlga;;Verbe;ɩ́;démarche en remuant le postérieur;walking waggling the bottom / buttock;;;;;
vɩlle;;Adjectif;;gros, épais;big, thick;;vɩla;;vɩlbre, vɩlbre;
vɩre;;Nom;ɩ́-è;fœtus;foetus, fetus;;vɩya;Body, Person;;
vɩʋʋgẽ gʋlsg mamsgo;;expression;;essai dans l'espace;writing in the air;;;Teach;;
vɩʋʋgo;;Nom;ɩ̀-ó;vide, espace inoccupé, vacant;empty space, unoccupied space, free time, vacant;;vɩɩdo;;weende, weere1;
vɩ-yãmbg zeongo;;Nom;;volume;volume.;;;;;
võ;1;Verbe;ṍ;arracher de terre plusieurs choses, déraciner;tear away from, grab sth;;võose;;võose;
võ;2;Verbe;;bourdonner;buzz, whirr, drone;vũ;;Food;fõ;
võaaga;;Nom;;bourdonnement;buzzing, whirring, droning;;;;fõadga, fõdbo;
voaaka;;Nom;;arbre (espèce), kapokier rouge, faux kapokier;tree sp, red kapok tree, false kapok tree;voaka;voogse;Tree;;
võabende;;Verbe;;mettre la face contre terre;put the face towards the ground;;;;wõge3, võgne;
voaka;;Nom;ó-à;nid (à terre);nest (on the ground).;vaka, võaka;vagse;;;
võaka;;Nom;;nid (à terre);nest (on the ground).;voaka;;;;
võde;;Verbe;ó;être défoncé;to be broken up, ploughed, plowed, be smashed in, carved into;;;;;
võdge;;Verbe;ó-è;scarifier profondément;to furrow (single instance), carve into, to plough, plow, scratch, carve, scar;vũdgi;võode, võdse;;vũdgi;
võd-võde;1;Adverbe;ó;très profonde;very deep;;;;;
võd-võde;2;Adverbe;ò;qui s'enfonce;that causes to sink in;;;;;
võgne;;Verbe;ò;mettre la face contre terre;put the face towards the ground;;;;võabende;
võke;1;Verbe;ò;remuer beaucoup de terre ne cultivant;to hoe up, shift a lot of soil when cultivating (many instances), move a lot of earth in farming;;;;;
võke;2;Verbe;ò;écorcher, racler une bonne partie de chair;flay, take a lot of meat;;võgse;;;
võke;3;Verbe;ò;intercepter;intercept;;;;beke3;
vole;;Verbe;;avaler;swallow;;;;vele;
võoge;;Verbe;ṍ-è;déraciner, arracher une chose de la terre;pull sth;;võose;;;
voog-fiungu;;Nom;;pétale de la fleure de kapokier;petal of kapok tree flower;;;Parts of a plant;voog-fulli;
voog-fulli;;Nom;ó;pétale de la fleure de kapokier;petal of kapok tree flour;;voog- fula, voog-findu;Grass, herb, vine;voog-fiungu;
võogo;;Adjectif;;creux;hollow, empty.;;võodo;;;
voog-puudu;;Nom;;fleurs du kapokier;flowers of the kapok tree;;;;voaaga;
võore;1;Nom;ó;trou à travers, ouverture;hole across, opening, hole (as: in cloth, wall).;;võya;;;
võore;2;Nom;ó;valeur;value;;;;rat-n-yɛɛlga;
võre;;Nom;ó;boulette;ball;;võya;;;
vot sebre;;Nom;;bulletin de vote;ballot, voting paper.;;;;;
vot tʋko;;Nom;;urne;ballot box, polls.;;;;;
vote;;Verbe;;voter;to vote.;;;;;
voto;;Nom;;vote;voting, vote;;;;;
vu;;Verbe;ú;traîner en tirant;to drag sth, along, drag on the ground by pulling.;;vursi;;;
vũ;;Verbe;ũ̀;vrombir, bourdonner;snore, buzz, hum, drone;;;;wu;
vubgi;;Verbe;;s'évanouir, perdre connaissance;faint, vanish, lose conscious;;;;sobge1;
vubgri;;Nom;;évanouissement;fainting, loss of consciousness;;;;sobgre;
vũdgi;;Verbe;;scarifier profondément;scratch, carve, scar deeply;;;;võdge;
vugr bala;;expression;;soudain;sudden, suddenly, unexpected, all of a sudden.;;;;;
vugri;1;Adverbe;ù-í;une fois;once, one time;;;;;
vugri;2;Nom;ú-ì;spatule, palette en bois;a stirring-stick, paddle, wooden spatula for stirring heavy stuff, e.g;;vuga;Tool;;
vũgsi;;Nom;;processus, les étapes;process, stages;;;;nao-kẽna;
vuka;;Nom;ú-à;butte;mound;vũka;vugsi;;;
vũka;1;Nom;;butte;a heap, earth mound;vuka;vũgsi;;bẽes-boko, gɩla2, wãg-noore;
vũka;2;Adjectif;;unique, une seule fois;unique, one single time, once;vuka, vũku;;;yɩlemdem;
vũki;;Verbe;ù;prélever une quantité correspondant au contenu d'un récipient, déduire;take away a quantity that corresponds to the content of a container, deduct;;vũgi, vũgsi;;;
vũk-vũka;;Adverbe;ú-ú-à;d'une façon ordonnée;in a orderly manner;;;;;
vũlunvũugu;;Nom;;guêpe maçonne;mud-wasp, mason-wasp;vũnunvũugu;vũlunvũudu, vũnunvũudu;Insect;;
vũmnugi;;Verbe;ù;s'y mettre, commencer;start working;;;;;
vũna;;Adverbe;ù;de manière flasque;flaccid, loose, flabby;võana;;;fũna;
vũni;;Verbe;ù;devenir profond;become deep;;;;bog-zulungu, zuli2;
vũnmi;;Verbe;;aller à quatre pattes, ramper;crawl on all fours, creep;;;;kadem;
vũnugi;;Verbe;ù;approfondir, baisser de niveau;deepen, lower the level;;vũnusi;;zulgi2;
vũnum;;Nom;ù-ú;profondeur;depth;;;;zulum;
vũnunga;;Adjectif;ù-ù-á;profond;deep;;vũnunsi;;zulunga1;
vũnunvũugu;;Nom;ù-ù-ú-ú;guêpe maçonne;mud wasp;vũlunvũugu;vũnunvũudu;Insect;;
vũn-vũni;;Adverbe;ú;à voix basse, chuchotement;with a low voice volume, whispering;;;;hũl-hũli;
vũp;;Adverbe;ù;ensemble, du coup, en grand nombre;together, all at once, in large numbers;wup, wupi;;;;
vura-vura;;Nom;ù-à-ú-á;dessin animé;cartoon, filmed sequences;;;;;
vurgi;;Verbe;ú-ì;déplacer en tirant et en faisant traîner;to drag sth;;vursi;;vuugi2;
vuri;;Verbe;ú;se déplacer en se traînant, se traîner;to drag oneself along, dislocate oneself by dragging;;vursi;;;
vusgi;;Verbe;ú-ì;arracher de terre plusieurs choses, déraciner;to uproot sth., pull sth;;vusi;;;
vuudri;;Adjectif;ú-í;que l'on traîne;dragged;;vuuda;;;
vuugi;1;Verbe;ú-ì;tirer à soi;pull towards oneself.;;;;;
vuugi;2;Verbe;ú-ì;déplacer quelque chose de lourd en tirant de manière que ça traîne;to drag sth;;vursi;;korge, vurgi;
vuugu;;Nom;ú-ù;trace laissée par un reptile;trace, trail, track left by a reptile;vũuna;vuudu, vuula;;vuuri, vuulli;
vuulli;;Nom;;trace laissée par un reptile;trace, trail, track left by a reptile;;;;vuugu, vuuri;
vuundu;;Nom;;suie;soot.;vũundu;;;;
vũundu;;Nom;ù-u.;fumée;smoke, fumes;bug-vũundu, vuundu;;;bug-zõose;
vuuri;;Nom;ú-ì;trace laissée par un reptile;trace left by a reptile;;vuya;;vuugu, vuulli;
vʋdbo;;Nom;ʋ́-ò;injection, piqûre;injection, booster shot.;;;;;
vʋde;;Verbe;ʋ́;piquer plusieurs fois, piqûres donner ou recevoir des);to sting, be stung, to pierce, bore, make a hole, sting, stab, give or get an injection several times.;;;;;
vʋdge;;Verbe;ʋ́-è;percer, piquer une fois;to pierce, bore, make a hole (single instance), break through, lance once;;vʋde;;;
vʋdgre;;Nom;;injection, piqûre;injection, booster, shot.;;;;;
vʋɩ;;Verbe;ʋ́ɩ;vivre, être en vie;live, be alive;;;;vɩ;
vʋɩɩga;;Adjectif;ʋ́ɩ-á;vivant;living;;vʋɩɩse;;vɩɩga;
vʋɩɩm;;Nom;ʋ́ɩ́;vie;life;;;;vɩɩm;
vʋlga;;Nom;;espèce d'arbre;kind of tree;;;Tree;nin-yilinga;
vʋlge;;Verbe;ʋ́è;passer rapidement à la flamme;hold quickly something over a flame for a short moment;;vʋʋle;;;
vʋl-vʋle;;Adverbe;;lisse, gluant;smooth, slimy;;;;;
vʋʋge;;Verbe;ʋ́-è;ressusciter, revenir à la vie, réanimer, ranimer;resuscitate, come back to life, revive, rekindle, bring back to life;;;;;
vʋʋgre;;Nom;ʋ́-é;résurrection, reprise (de vie);resurrection, revival, renewal.;;;;;
vʋʋse;;Verbe;ʋ́-è;respirer;to breathe;;;;;
vʋʋsem;;Nom;ʋ́-é;respiration;breath, respiration;;;;;
vʋʋsem-sõngo;;Nom;ʋ́-é-ó-ó;Saint-Esprit;Holy Spirit;;;;Sɩɩg-sõngo;
vʋʋsg bãnde;;Nom;;virgule;comma;;;Grammar;;
vʋʋsg daare;;Nom;;jour de repos (ex;;;;;;
vʋʋsg wakato;;Nom;;vacances, congé, repos, pause;holiday, vacation, pause, break.;;;;;
vʋʋsgo;;Nom;ʋ́-ó;repos;rest, resting.;;;;;
vʋʋs-limdi;;Nom;;épiglotte;epiglottis;;vʋʋs-lima;Body;;
vʋʋs-tula;;Verbe;;faire perdre le souffle;make to loose ones breath, cause to be puffed;;;Disease;tulg vʋʋsem;
wa;1;Verbe;à;venir;to come;;;;;kẽnge, kɩbe
wa;2;conjonction;á;comme;like, as;;;;;
wa;3;auxiliaire;à;une fois dans un passé lointain, expression du passé;once in a distant past, past time;;;Grammar;;
wa;4;Adverbe;à;bruit de choc de deux formes plates;noise of a chock between two flat shapes (e.g;;;;pa';
wã;2;démonstratif;á;ceci, ça;this, that;;;Grammar;woto, wãnda;
wa ka;;interj;;viens ici;come here.;;;;;
wa ne;;Verbe;;amener (lit;;;;;;
waa;1;interj;á;utiliser pour attirer ou bien pour garder l'attention de l'interlocuteur;used to get or keep the attention of .;;;;;
wãa;1;Adverbe;á;desséchés par déshydratation;dried because of dehydration;;;;;
wãa;2;Adverbe;;désemparé;perplex, helpless, stumped, puzzled;;;;yoaa3;
waabo;;Nom;á;la venue, le fait de venir;coming;;;;waoongo1;
wãabo;1;Nom;;casser (fait de);breaking.;;;;;
wãabo;2;Nom;á;le fait de découper;cutting;;;;;
waafo;1;Nom;á-ó;serpent;snake;;wiisi;Reptile;mo-golle;
waafo;2;Nom;á;dermatose serpent;kind of skin disease;;;Disease;;
waaga;1;Nom;;instrument de musique composé d'une lame de fer et une bague métallique, castagnettes en forme de moule;musical instrument, castanets;;waase;Musical instrument;;
waaga;2;numéral;á;mille, millier;thousand;;waase;Mathematics;tusri;
waaga;3;Nom;;renard pâle;pale fox, sand fox;;waase;Mammal;;
wãaga;;Nom;;petit rongeur (souris de barbarie);Barbary mouse;;wãagdba;Mammal;;
waage;1;Verbe;á-è;rincer;to rinse, wash (as: hands, feet);;waase;;soke3, nudgi1;
waage;2;Verbe;á-è;passer au feu rapidement;hold over the fire for a short time;;;;;
waage;3;Verbe;á-è;annoncer publiquement une nouvelle sans prendre les précautions élémentaires habituelles;announce news in public without taking the basic precautions;;;;;
wãage;1;Verbe;à;couper, découper une chose, scier;cut one thing, to saw, to slice sth;;wãase;;;
wãage;2;Verbe;á-è;casser une chose;break one thing, break sth;;wã;;tek bãoonego;
wãage;3;Verbe;à;acheter en gros pour vendre ensuite en détail;buy in large quantities to sell it later in small quantities;;wã, wãase;;;
wãagre;1;Nom;á-è;le fait de casser une chose;breaking a thing.;;;;;
wãagre;2;Nom;à-é;le fait de couper une chose;cutting a thing.;;;;;
waale;;Verbe;á-è;arroser, répandre un liquide sur;irrigate, to water, spill some liquid on something, pour over, inundate;;warse;;;
wãamba;;Nom;ã́-à;singe;monkey;wãanga;wãambse, wãamse;Mammal;;
wãamba bãaga;;Nom;;kwashiorkor;kwashiorkor;;;Disease;;
wãambdarʋna;;Nom;;espèce d'arbre;kind of tree;;;Tree;gõ-payãndga;
wãamb-kipare;;Nom;;espèce de plante;kind of plant;;;Grass, herb, vine;sankone;
wãam-kãdga;;Nom;ã̀-á;babouin doguera, chimpanzé;baboon, chimpanzee;;wãam-kãdse;Mammal;kãdga;
wãam-miiga;;Nom;ã̀-í;Patas ou singe rouge;red monkey;;wãam-miisi;Mammal;;
wãam-sabga;;Nom;;espèce d'arbre;kind of tree;;;Tree;;
wãam-tabre;;Nom;;espèce de plante;kind of plant;;;Grass, herb, vine;kinkirs tabre;
wãam-yãaga;;Nom;;guenon;female monkey;;;Mammal;;
waanziba;;Nom;á-í-à;nécessité, chose clairement inéluctable;necessity, things clearly ineluctably;;;;;
waare;;Adverbe;á-è;réellement;really, truly;;;;waa2;
waasd tãndo;;expression;;minerai d'aluminium;ore of aluminum.;;;;;
waasdo;;Nom;á-ò;aluminium;aluminium.;;;;;
waase;1;Verbe;á-è;laver les membres (se), rincer à plusieurs reprises;wash ones body parts;;;;;
waase;2;Verbe;á-è;crier fort;to cry out, cry aloud, cry loudly;;;;kaase1;
waayɛ;;Nom;á-ɛ́;fil de fer;wire;;;;sogle1;
wabla;;Adverbe;á;mal fait, bâclé parce que non uniforme;"non homogène; not well done, slipshod work, botch";;;;;
wable;;Verbe;à;atteindre superficiellement;reach / attain superficially;;;;;
wabl-wabla;;Adverbe;á-á-á;superficiellement, d'une manière bâclée;in a careless manner, badly;;;;;
wãb-n-bãngma;;Nom;;arbuste (espèce), pourgère, pignon d'Inde;shrub sp;;;Bush, shrub;;
wãbne;;Verbe;à;faire paître;to graze animals, take animals to pasture;wãble, wãbnege, wãblge;;;;
wãbneng zĩiga;;Nom;;pâturage;pasture;;;Animal husbandry;kɩʋʋngo, rũmsã wãbneg zĩiga, wãmneg zĩiga;
wãbre;;Nom;á;action / fait de mastiquer;chewing, crunching;;;;ãbre;
wadbe;;Verbe;à;lutter, se débattre;fight, struggle, quarrel, agitate to get free, beat off;;;;;
wãdge;;Verbe;à;griffer, pincer avec les ongles;scratch, claw;;wãade, wãdse;;;
wãdgre;;Nom;à-é;pognon, argent;dosh, money;;;Money;ligdi;
wadre;1;Nom;;ganglions enflés de l'aine;swollen lymph nodes at groin;;wada;Disease;puuga;
wadre;2;Nom;á;point blanchâtre plus ou moins grand dans un ensemble homogène;whitish point /dot /spot in the midst of a darker environment;;wada;;;
wads-wadse;;Adverbe;á-á-è;tacheté de points blanchâtres;speckled with whitish dots / spots;wad-wada;;;;
wae;;numéral;á;neuf, 9;nine, 9.;wɛ;;;;
waeefo;;Nom;áe-ó;cicatrice;a scar;wiifu;waya;;gĩdri;
wãeega;;Nom;áe;dispositif pour sécher ou griller la viande, le poisson, un grille;device to smoke or grill meat or fish, grill.;;wãeese;;;
wãeege;1;Verbe;áe-è;sécher complètement, achever de sécher;dry completely, finish drying;;;;;
wãeege;2;Verbe;áe-è;annoncer une nouvelle sans ménager et trop rapidement;announce news not very gently and too quickly;;;;;
wag-bɛɛga;;Nom;;dragon;dragon.;;;;;
wãgda;;Nom;;voyelle;vowel;wãgdga;;Grammar;;
wãgdga;;Nom;á-á;voyelle;vowel;wãgda;wãgdse;;;sor-wãgdga
wãgd-gĩndi;;Nom;;diphtongue, groupe de voyelles;diphthong, vowel cluster;wãgd-gẽdma;wãgd-gĩna;Language and thought;;
wãgd-koɛɛga;;Nom;á-òɛ-á;voyelle brève;short vowel.;;;;;
a, e, i, o, u wagdre;;Nom;à-è;voleur;a robber, thief;;wagda;Person;fãada;
wãgds sɩgbo;;Nom;á ɩ́-ò;harmonie vocalique;vowel harmony.;;;;;
nugu = u-u wãgd-takdem;;Nom;á-à-é;voyelle longue;long vowel;;;;;
wage;1;Verbe;à;ourler, renforcer;to reinforce, hem, strengthen;;;;pale1, kãde;
wage;2;Verbe;à;devenir dur sous l'effet de la chaleur;become hard because of the heat;;;;;
wage;3;Verbe;á;parler à haute voix;speak with a loud voice;;;;;
wage;4;Verbe;á;battre pour tasser et rendre dur, damer, marteler;tamp (floor, courtyard), hit to make hard, pack down, hammer, pound, press firmly;;;;lubi, pame;
wãge;;Verbe;á;dire à haute voix, faire écho, résonner fort;say in a loud voice, echoing, resound strongly, blare;;;;;
wagelle;2;Nom;á;orgueil, crânerie, ostentation;pride, swaggering, showiness;;;;wakre, wak-m-menga, wilg-m-menga;
wag-kẽenfo;;Nom;á;python des rochers, boa;rock python;wag-kẽoonfo;wag-kẽema;Reptile;;
wag-kẽoonfo;;Nom;á-ò;python des rochers;rock python;wag-kẽenfo, wag-kẽema;wag-kẽema;Reptile;;
wag-laboaam;;Nom;;serpent édente;toothless snake;;;;;
wagle;1;Verbe;à;amaigrir, maigrir beaucoup, fondre;make slim, get thin, grow thinner, melt;;;;faage;
wagle;2;Verbe;á-è;croquer, broyer;crunch, crush, crumble sth., bite, eat;;;;waglme;
waglme;;Verbe;á-è;croquer, broyer;crunch;;;;wagle2;
wag-maasre;;Nom;á-é;couleuvre;snake sp, sand-snake, grass snake;;wag-maasa;Reptile;;
wagme;;Verbe;á-è;manquer de produire des grains;fail to produce grains;;;;;
wãgme;;Verbe;à;se dessécher, perdre sa fraîcheur;dry out, desiccate, parch, dry off, loose the freshness;;;;;
wãg-noore;;Nom;;sillon;ridge, furrow;;;Agriculture;bẽes-boko, vũka1;
wagre;;Adjectif;à-é;maigre, squelettique;meagre, slim, thin, skeleton-like;;waga;;;
wag-sablga;;Nom;;liane (espèce);liana sp;;wag-sablse;Grass, herb, vine;;
wag-salga;;Nom;;espèce d'arbre;kind of tree;;;Tree;;
wagse;;Verbe;á-è;concurrencer, concourir;rival, compete;;;;;
wagsolgo;;Nom;á-ó-ò;plante (espèce) utilisée pour soigner la fièvre;plant sp used to cure fever;wagsalgo, wagsabelga;wagsondo;Bush, shrub;;
wags-taaba;;Nom;;concours, examen;competition, competitive examination.;;;;;
wag-toogo;;Nom;á-ó;vipère;viper;;wag-toose;Reptile;;
wag-wage;1;Adverbe;à;frisson causé par le froid, tremblement;shivering / quivering because of cold, trembling;;;;;
wag-wage;2;Adverbe;à;à haute voix, voix forte, claire;with a loud / clear / strong voice;;;;;
wãg-wardga;;Nom;;sarcleuse;weeding machine;;;Agriculture, Tool;su-wardga;
wãg-yẽnde;;Nom;;soc;ploughshare;;;Agriculture;;
waka;1;Nom;á;panier en peau (mis aux flancs des ânes);leather basket (put on donkeys), pannier;wangarenwaka, wanga;wagse, wamse;Container;wanga1;
waka;2;Nom;á-à;coque;a shell, husk, hull;;wagse;;paoko1, wɛka;
waka;3;Adjectif;á-à;asséché, desséché;dried out, dessicated, parched;;wagse;;;
waka;4;Nom;á-à;plaque de peau issue de la fermeture et de la guérison d'une plaie, croûte;piece of skin that was built up after the healing of a wound, crust;;wagse;;paka2;
waka;5;Adjectif;;entrouvert, un peu ouvert;ajar, slightly open;woaka;wogse;;;
wãka;;Nom;à-á;houe, daba, pioche, charrue;hoe, plough, plow;wãk rũng sẽn tata;wãgse;;subdri, bõan-kũuri, rũm-kũuri, kũuri;
wakat kãnga;;expression;;pendant, un moment, durée, en ce temps, période;during, period.;;;;;
wakat sẽn kõn sa;;expression;;pour toujours, éternellement;for ever, eternally;;;;;
wakat wɛlga;;Nom;;division du temps;time division.;;;;;
wakate;;Nom;á-è;moment, temps époque;moment, time, times, period, epoch, era;wakato, warkate;;;wẽnde3;
wakato;;Nom;;heure (moment);time (moment).;;;;;
wakat-wakato;;Adverbe;;de temps en temps, parfois;from time to time, sometimes.;;;;;
wake;1;Verbe;à;sécher, tarir;to dry out, dry up, run dry;;;;;
wake;2;Verbe;à;crâner;boast, brag;;;;;
wakɩre;;Nom;à-ɩ́-è;une pièce de cinq francs;five francs;;wakɩya;;;
wakɩ-vãoogo;;Nom;à-ɩ̀-áo-ò;billet d'argent;banknote.;;wakɩt-vãado;;;
waklga;;Adjectif;à;maigre, sec;meagre, thin, slim, skinny, dry;;waklse;;;
wak-m-menga;;Nom;;personne orgueilleuse;boastful person;;;;wakre, wilg-m-menga, wagelle2;
wakre;;Nom;à-é;orgueil, crânerie, ostentation;pride, showiness, swaggering;;;;wak-m-menga, wagelle2, wilg-m-menga;
wala;1;Adverbe;á;comme, à la manière de;like, as, how;;;;wẽnd;
wala;3;conjonction;;ou bien, ou (alternative);or (joining alternatives), or else.;walla;;;;
walebre;;expression;à-è-é;rien à faire, impossible, rien;nothing you can do, impossible, nothing, no go;walbre;;;;
There is nothing one can do! walem;;Nom;á;chaleur, vapeur;heat, warmth, steam, vapour;;;;"ko-walem, waolgo; antonyme: waoodo";waoodo
walem n yi;;expression;;évaporer;evaporate.;;;;;
walemda;1;Nom;;chuchoteur;whisperer;;walemdba;;;
walemde;1;Adjectif;á;brûlé, cicatrisé;burned, scarred;;walma;;;
walemde;2;Verbe;à;brûler légèrement;burn lightly, scorched;;;;;
walem-walme;1;Adverbe;á;en chuchotant;whisperingly;;;;;
walem-walme;2;Adverbe;á;brûler à grandes flammes;burn producing big flames;;;;;
walga;1;Nom;á;ourébi, biche;oribi antelope;;walse;Mammal;;
walga;2;Nom;á-à;tablette, ardoise;writing board, slate;;walse;;lagdwaase;
walge;;Verbe;á-è;arroser, répandre un liquide sur;to water sth., irrigate, inundate (single instance), pour / shed a liquid on;;walse;;;
wal-kãsenga;;Nom;;tableau noir;blackboard;;;;taablo;
wal-kẽenga;;Nom;à-é-à;tableau noir;blackboard.;;;;;
wal-kẽengã zug gʋlsg mamsgo;;expression;;essai au tableau;writing in the air in front of the blackboard;;;Teach;;
wall bĩisim;;Nom;;plante (espèce) dont la sève est blanche comme le lait;plant sp whose sap is white like milk;wand bĩisim, wall bĩisum;;Grass, herb, vine;wall bĩis-naare, kul-waoongo;
wall bĩis-naare;;Nom;;plante (espèce de);plant sp;;;Grass, herb, vine;wall bĩisim;
walla;;conjonction;à;ou bien, ou;or (joining alternatives), or else.;wala;;;;
wallaasɩ;;interj;à-á-ɩ̀;expression de surprise, d'indignation;expression of surprise, indignation;;;;;
walle;;Nom;á-è;tourterelle, pigeon;turtle-dove, pigeon, dove;;wala;Bird;wande;
walme;;Verbe;á-è;chuchoter, parler à voix basse;to whisper;walem;;;;
walpeoolgo;;Nom;à-ó;coba /Koba, hippotrague, antilope chevaline;horse antelope, roan antelope;walpeelgo;walpeendo;;;
wal-tʋko;;Nom;;plante (espèce);plant sp;wan-tʋgdo;wal-tʋgdo;Grass, herb, vine;;
wal-wale;;Adverbe;á;à voix basse, chuchotement;lowering one's voice, whisper;;;;;
wal-yitim;;Nom;;évaporation;evaporation;;;;;
wam-bendre;;Nom;à-é-è;grosse calebasse pouvant servir à confectionner un gros tambour;big calabash that can be used to make a drum.;;wam-bɛnda;;;
wam-bɛnda;;Nom;;calebasses renversées dans un bac d'eau pour produire des rythmes;upside down calabash in water container for music;;;Musical instrument;;
wamde;1;Nom;á;plante (espèce);plant sp;;wama;Bush, shrub;kãande, tũngu;
wamde;2;Nom;á;calebasse;calabash;wãmde;wama, wãma;Container;;
wamd-tɩɩga;;Nom;;calebassier;calabash tree;;;Tree;;
wam-kʋdre;;Nom;;vieille calebasse;old calabash;;;Container;;
wamm;;Adverbe;;tout, complètement;wholly, every, completely;;;;ham, kama;
wãmneg zĩiga;;Nom;;pâturage;pasture;;;Agriculture, Land;kɩʋʋngo, wãbneng zĩiga, yamdo, rũmsã wãbneg zĩiga;
wãn to;;interrogatif;;combien coûte l'unité;how much costs one unit;;;Money;wãn-wãna;
wãna;1;interrogatif;á-â;combien;how many, how much;;;;;
wãnakam;;Nom;à-á-á;absence de ménagement ou de répit;absence of protection or breathing space (relentlessly);;;;;
wãn-bĩn-bãnge-daaga;;Nom;;espèce de plante, médicinier rouge;kind of plant;;;Bush, shrub;;
wãn-bĩn-bãng-ma;;Nom;;espèce de plante;kind of plant;;;Bush, shrub;;
wanda;;Nom;à-á;nom de circoncis;name of a circumcised person;;;;wã2, woto;
wande;;Nom;á-è;pigeon, tourterelle;pigeon, turtle-dove, dove;wan-koko-sablle;wala, wana;;walle;
wanga;1;Nom;;panier en peau (pour mettre sur l'âne);leather basket (for donkeys);;;;waka1;
wanga;2;Adjectif;á-à;vide, vidé;empty;;wamse;;;
wangwange;;démonstratif;à-á;vieux camion branlant;old noisy truck / lorry.;;;;;
wantɛɛre;;Nom;á-ɛ́-è;enchères;bidding;;;;;
wãn-wãna;;interrogatif;á-á-à;combien coûte l'unité;how much costs one unit;;;;wãn to;
wãn-wãna;2;Adverbe;;de quelle manière, quelle façon, comment (le moyen)?;in what manner, how.;;;;;
wanzurfu;;Nom;á-ú-ù;argent, métal;silver, metal.;;wanzuri;;;
wao-fugdg kiuugu;;Nom;;février;February;wao-fuudg kiuugu;;City;;
waog-noore;;Nom;;hiver;winter.;;;;;
waogʋ;;Nom;ào;prix démesuré par rapport à la valeur de la marchandise;vastly inflated price in comparison to the value of the goods.;;;;;
waoko;1;Adjectif;ào-ó;desséché;dry, dried, desiccated, parched, withered;;wagdo;;;
waoko;2;Nom;áo;force, brutalité;force, strength, might, power, brutality;weoko;;;pãn-zãare;
waolgo;;Nom;;vapeur, chaleur;steam, vapour, heat, warmth;walgo;;;ko-walem, walem;"waoodo; synonyme: ko-walem, walem"
waongo;;Nom;á;masque rituel, masque de cérémonie;mask used for ritual purpose;;wando;;;
waoo;;interj;ào;expression de surprise et d'admiration;expression of surprise and admiration.;;;;;
waood fuugu;;Nom;;pull-over;sweater, pullover, jumper;;;Clothing;;
waood sasa;;expression;;saison froide;cold season;;;Weather;;
waoodo;;Nom;áo-ò;froid (le);cold, chilliness, coolness, cold weather;;;Weather;wogdo;"walem, waolgo, tʋʋlgo; synonyme: wogdo"
wãoodo;;Nom;ào-ó;lèpre;leprosy;;;Disease;toom2, yĩnga3;
waooga;;Nom;;gibecière, outre;shoulder bag, wineskin.;;;;;
waooge;1;Verbe;à;respecter, honorer, rendre hommage, adorer;respect, honour, adore, worship, magnify sb;;;;;
waooge;2;Verbe;ào;prévaloir, s'imposer;prevail, impose oneself, dominate.;;;;;
waooglem;;Nom;ào-é;grand nombre, quantité;large number, large quantity;;;;zeongo, sõore1;
waooglem tũnunga;;Nom;;adverbe de quantité;adverb indicating quantity;;;Grammar;;
waoog-m-meng soaba;;Nom;;vantard;boaster, braggart.;;;;;
waoog-m-menga;;Nom;à;arrogance, orgueil, insolence, vantardise;arrogance, pride, insolence, boastfulness;;;;pẽg-m-menga;
waoogre;;Nom;ào-é;fait de honorer, respecter, rendre hommage, politesse;honouring, respecting, praising, homage, reverence, politeness.;;;;;
wãoone;1;Verbe;;enlever par endroit;take a bit her and there.;;;;;
wãoone;2;Verbe;ào;devenir lépreux, rendre lépreux;become leprous, cause leprosy, to be or become a leper, infected with leprosy;;;;wãsge1;
wãoonem;;Nom;ào-é;le fait d'être lépreux;being leprous;;;Disease;;
waoongo;1;Nom;ào-ó;venue, arrivée, fait de venir, avènement;coming, arrival;;;;waabo;
Ne y waoongo ! Bienvenues ! Welcome! waoongo;2;Nom;ào-ó;battue;hunt;;;Hunt and fish;gʋga, soom-saare;
wãoongo;1;Nom;ào-ó;striga, plante (espèce) parasite qui s'attaque au mil dans les champs;striga, parasitic plant sp that attacks the millet plants on the fields;wãango;wãando;Grass, herb, vine;;
wãoongo;2;Adjectif;ào-ó;sans enfant en bas-âge (parlant d'une femme);without young child (speaking of a woman);;;;;
wãoongo;3;Adjectif;ào-ó;cassé;broken;;wãando;;;
waoore;;Nom;;respect, honneur, louange;respect honour, praise;waoogre;;;ziiri;
wãoore;;Nom;;lépreux, lépreuse;leprous, infected with leprosy;;wãooba, wãoa;Sick;;
waoose;;Nom;ào-é;saletés, ordures, choses dégoûtantes;dirt, rubbish, disgusting things.;;;;;
waorengo;;Nom;;bronchite, pneumonie;bronchitis, pneumonia;warengo;;Disease;fõosre;
warba;;Nom;à-á;danse des Mosse (plus précisément des Na-kombse);Mossi dance.;;;;;
war-biiga;;Nom;;pion (utilisé dans le jeu waré);pawn (used in the ware game).;;war-biisi;;;
warbo;;Nom;á-ò;sarclage;hoeing, weeding;;;Agriculture;koobo;
ware;1;Nom;á;sécheresse (coupure à l’intérieur de la saison de pluies);dryness (when rains stop during rainy season), drought;;;Weather, Agriculture;;
ware;2;Nom;à-é;jeu (espèce) avec pions et trous;game sp, board game.;;;;;
ware;3;Nom;à-é;chose qui s'impose, chose inéluctable, nécessaire;imposing thing, inescapable thing, unavoidable, necessary;;;;;
ware;4;Verbe;á;cultiver avant de semer, sarcler;farm the land before sowing, to hoe before planting;;;;ko2;
wãre;1;Nom;á-è;résidu du minerai de fer après fonte et extraction;residue of ore after smelting.;;wãya;;;
wãre;2;Adjectif;à-é;refroidi ou datant de la veille (nourriture);cooled or dating of the day before (food);;;;;
warga;1;Nom;á-à;premier sarclage, arracher, enlever les mauvaises herbes dans un champ;first hoeing, weeding;;;Agriculture;;
warga;2;Nom;;planche dans laquelle on creuse les trous pour le jeu de waré;board of wood into which one makes the holes for the ware game.;;;;;
war-pag-benda;;Nom;;espèce de plante;kind of plant;;;Grass, herb, vine;;
warpusi;;Nom;à-ú;petits boutons qui poussent après le rasage;small pimples that appear after shaving;;;;nutuli, ãbre;
warse;;Verbe;á-è;arroser légèrement, asperger;to water sth;;;;zõmse2;
war-ware;;Adverbe;à;aller dans tous les sens rapidement;go rapidly in all directions;;;;tʋʋll-tʋʋlle, tʋʋll-tʋʋlle;
wãsemba;;Nom;à-è-á;forme de lèpre très douloureuse;kind of leprosy that is very aching;;;Disease;wãsengo;
wãsengo;;Nom;;forme de lèpre très douloureuse;kind of leprosy that is very aching;;;Disease;wãsemba;
wãsge;1;Verbe;à;rendre lépreux;cause to become leprous;wãsem;;;wãoone2;
wãsge;2;Verbe;à;couper à travers un champ;take a short-cut crossing a field;;;;;
wãsge;3;Verbe;à;sécher un peu;dry a bit;;;;;
wasma;;Nom;;crécelle à morceaux de calebasse;rattle mad of calabash parts;;wasemba;Musical instrument;;
wãsme;;Verbe;à;occuper une grande surface, s'étaler;occupy a large surface, spread out;;;;ãsme, ãsme;
was-wase;;Adverbe;à;rapidement;quickly;;;;;
wata;;Verbe;;venir, amener, causer;come, bring, to cause;;;;;
watb kõn-deng-loaak gʋlgʋndre;;expression;;Priorité avec le passage à la circulation venant en sens inverse;traffic has priority over oncoming vehicles;;;7;;
watb reng-n-loaak gʋlgʋndre;;expression;;cédez le passage à la circulation venant en sens inverse;give priority to vehicles from opposite direction;;;7;;
wãtga;;Nom;;tas de résidus de minerai de fer;a slag-heap.;;wãtse;;;
watrguusga;;Nom;á-ú-à;pigeon de Guinée;Guinea pigeon;watrgũusga, wankugsgu;watrguussi, watrgũussi;Bird;;
watrpɛndga;;Nom;á-ɛ́-à;héron garde-bœufs;cattle egret;watrpɛɛlga;watrpendse, watrpeelse;Bird;;
watzap;;Nom;;WhatsApp;WhatsApp;;;computer / digital;;
wa-wa;;interj;á;dis donc;tell me;;;City;;
wayy;;interj;á;expression visant à dissuader, fais attention;expression aiming to dissuade, look out, mind out.;;;;;
wẽ;1;Verbe;è;taper, frapper, sonner;to smack, type, pat, swat, hit, strike, ring;;;;;
wẽ;2;Verbe;è;fabriquer, façonner;manufacture, fabricate, fashion, to make objects, turn out objects (as: casting blocks);;;;;
wẽ;3;Verbe;è;continuer de se déplacer, poursuivre, filer;getting around, travel, pursue, go on with, carry on, dash off;;;;;
wẽ kãntɩɩga;;expression;;supplier, implorer, frapper les mains d'une manière à demander pardon / indulgence;entreat, bag, implore, clap the hands in a manner that asks for forgiveness or patience;;;;;
wẽ ned pɛka;;Verbe;;gifler quelqu'un;smack somebody on the cheek.;;;;;
wẽ nug-poaka;;expression;;applaudir;to applaud, to clap hands, approve.;;;;;
wẽ yel-bũndi;;Verbe;;citer un proverbe / parabole;cite a proverb / parable;;;;;
we-baaga;;Nom;;chacal à flancs rayés, loup;side stripped jackal, wolf;;we-baase;Mammal;;
wẽbende;;Adjectif;é;gros, trapu;thickset, stocky;;wẽbna;;;
wẽbge;;Verbe;è;tenir serré, serrer;hold strongly / firmly, grip, tighten;;wẽbse;;;
wẽbne;;Verbe;è;tâter en pressant entre les doigts;handle by pressing between fingers.;wẽble, wẽmne;;;;
wẽbre;1;Nom;è-é;boulette;ball, pellet;;wẽba;;;
wẽbre;2;Adjectif;è-é;robuste, bien constitué, bien formé;robust, sturdy, stout, well formed.;;wẽba;;;
wẽbse;;Verbe;;tâter;feel, palpate;;;;bable;
wẽda;;Adverbe;;silence total, refus absolu de parler;total silence, refuse to speak at all;wẽddd;;;;
wed-baare;;Nom;;écurie;stable for horses;;;Animal husbandry;wed-doogo;
wed-bila;;Nom;;poulain;foal;;wed-bi;Animal husbandry;;
wed-bɩnde;;Nom;;sorte de danse traditionnelle;kind of traditional dance;;;;wẽnega;
wed-bug-bugi;;Nom;;moto, vélomoteur;moped, motorbike;;;;montɛɛre;
wed-doogo;;Nom;;écurie;horse stable;;;;wed-baare;
wed-dʋʋda;;Nom;;cavalier;horseman, horsewoman, cavalryman.;;;;;
wede;;Verbe;;ouvrir en coupant, fendre;to cut into sth., cut apart.;;;;;
wẽde;;Verbe;é;brimer;bully, mob, rag;wẽge;;;;
wed-gãbga;;Nom;è-á-à;longe du cheval;horse halter, tether;;wed-gãbse;Animal husbandry;;
wedge;1;Verbe;è;éventrer une chose, ouvrir en coupant, fendre;disembowel one thing open by cutting, split;;;;;
wedge;2;Verbe;é-è;inciser, opérer;to cut into sth., incise, operate, cut apart (single instance);;wedse, weede;;;
wẽdge;;Verbe;è;jouer des coudes pour se frayer un passage;push ruthlessly with the elbows to get through;;;;;
wedgẽ-ma-yẽna;;Nom;;espèce de plante;kind of plant;;;Grass, herb, vine;;
wedg-m-yẽnde;;Nom;è-é-è;plante (espèce);plant sp;;wedg-m-yẽna;Grass, herb, vine;;
wedg-n-yao;;Nom;;acompte;down payment, deposit;;;Money;;
wedgre;;Nom;;fente, opération;slit, slot, operation.;;;;;
wed-kõbdo;;Nom;è-ó;cheval par opposition à vélo (lit;;;;Mammal;wed-moaaga, weefo, wed-menga;
wed-laaga;;Nom;è-á;ornement de cheval en cuivre que l'on place sur un côté de la selle;decoration, copper adornment for horse that one places on one side of the saddle;;wed-laase;Animal husbandry;;
wed-menga;;Nom;;vrai cheval (par opposition à vélo);real horse (in opposition to bike);;;;weefo, wed-moaaga, wed-kõbdo;
wed-moaaga;;Nom;è-óa;cheval;horse;;wed-moose;Mammal, Animal husbandry;weefo, wed-kõbdo, wed-menga;
wed-neega;;Nom;è-é;plaque de cuir sur la tête du cheval;leather plate on the head of a horse;;wed-neese;Animal husbandry;;
wed-pelle;;Nom;;cheval blanc-sale;white horse;;;Mammal, Animal husbandry;ka-zom;
wed-pɛɛlga;;Nom;;cheval blanc;white horse.;;wed-pɛɛlse;;;
wed-raoogo;;Nom;;étalon;stallion;;;Mammal, Animal husbandry;;
wedre;;Nom;é-è;fruit du la liane «wɛdga»;fruit of «wedga» tree;;wɛda;;;
wed-rʋʋda;;Nom;;chevalier;horse rider.;;;;;
wed-rʋʋdre;;Nom;;jaunisse, hépatite;jaundice, hepatitis;;;Disease;nag-rʋʋdre;
wed-saalgo;;Nom;;espèce d'arbre;kind of tree;;;Tree;;
wed-wagre;;Nom;;cheval chétif;puny horse;;;;;
wed-wĩiri;;Nom;è-í-ì;couleuvre (espèce) à peau colorée;grass-snake sp with colourful skin;;wed-wĩya;;;
wed-yãanga;;Nom;;jument;mare.;;;;;
wed-zʋʋre;;Nom;è-ʋ́;variété de mil / sorgho blanc;kind of white millet / sorghum;;wed-zʋya;Food;;
wee;;Adverbe;è;pas du tout;not at all;;;;;
wẽe;;Adverbe;;cri du crapaud;cry of toad;;;;;
wẽebo;;Nom;;fait de frapper;beating, hitting;;;;;
weede;;Verbe;è;éventer plusieurs choses;disembowel several things.;;;;;
wẽedo;;Nom;é;coup;blow, knock, hit, clout.;;;;;
weefo;;Nom;è-ó;cheval;horse;;wiidi;Mammal, Animal husbandry;wed-menga, wed-moaaga, wed-kõbdo;
weeg;;auxiliaire;é;pourvu que, du moins;as long as, let's hope;;;;fe, yeeg, feeg;
weele;1;Verbe;é-è;écarter grandement, ouvrir largement les battants, séparer, faire de l'ordre;open widely (e.g;;welse;;;
weele;2;Verbe;é-è;être à l'état de squelette par suite de décomposition;be in the state of a skeleton because of decomposition;;;;;
wẽema;;Adjectif;é;consommé sans sauce;eaten without sauce;;;;;
wẽeme;1;Verbe;é-è;réduire en poudre, broyer avec la main, froisser;reduce / grind to powder, grind with the hand, to crease, crumble;;;;;
wẽeme;2;Verbe;è;manger sans sauce;eat without sauce, to eat dry, eat t.z without soup;;;;"ga2; antonyme: yʋbe";yʋbe
weende;;Nom;;espace inoccupée;unoccupied space;;;;vɩʋʋgo;
wẽene;;Verbe;è;jurer;swear, take an oath.;;;;;
wẽeng tɩ looge;;expression;;horrible;horrible;;;;wɛsga2;
ween-n-vɩɩse;;Nom;;points cardinaux;cardinal points.;;;;;
ween-n-vɩ-tɛɛsa;;Nom;;boussole;compass.;ween-vɩ-tɛɛsdga;;;;
ween-vɩʋʋgo;;Nom;;paysage, environnement;landscape, environment;;;Land;;
weere;1;Nom;é-è;place, espace;place, room;;;;vɩʋʋgo;
weere;2;Adjectif;è-é;vulgaire, commun, sans valeur;vulgar, common, without value;;wɛya;;;
weese;;Verbe;é-è;pousser des grands cris;shout loudly;;;;;
weesre;;Nom;;embranchement, fourche;branch-off, turn-off, crotch;;;;;
wẽgdo;;Nom;;espèce de plante;kind of plant;;;Grass, herb, vine;;
wegdre;;Nom;;fleur d'une espèce d'oseille;sorrel;wɛgdre;wɛgda;Grass, herb, vine;bɩto;
wẽge;;Verbe;;aplatir, défoncer, déformer;flatten, crush, smash in, batter down, distort, deform, to squash sth;;;;;
wẽgme;;Verbe;è;s'aplatir, être déformé;to be flattened, be deformed, be distorted, to be squashed;;;;;
wẽgre;1;Nom;é-è;tricherie, brimade;cheating, bulling, harassment.;;;;;
wẽgre;2;Adjectif;;aplati;flattened;;;;wẽoko;
wegse;;Verbe;;analyser;analyse;;;;veese;
wẽgse;;Verbe;é-è;cligner de l’œil, faire un clin d’œil;blink with the eye, ogle, to wink;;;;;
wẽka;;Nom;;arbre (espèce);tree sp;wẽga, noeeka;;Bush, shrub;noeeka, noeeka;
we-kãgre;;Nom;è-á;forêt;forest, woods.;kãgre;;;;
we-kãoongo;;Nom;;pintade sauvage;grey-breasted Guinea fowl;;we-kĩini;Bird;;
weke;;Verbe;é-è;éclore;hatch out, break shell;;wɛgse;;;
wẽke;;Verbe;è;presser, essorer, sécher, perdre son eau;squeeze, spine-dry, loose the water, to dry up, dry out;;wẽgse;;kʋdge, kʋʋle;
we-kẽega;;Nom;;savane boisée;wooded Savannah;;;Land;weo-tuudu;
we-kɛɛnga;;Nom;;campagne, champ;countryside, farmland, field;;;Land;;
wekre;;Nom;;épiage, épiaison;ear emergence;;;Agriculture;;
wẽkre;;Nom;;pression;pressure.;;;;;
welbe;;Verbe;è;devenir gros, prendre la forme d'une boule;become thick, take the shape of a ball;;;;;
welbre;1;Adjectif;è-é;gros;corpulent, thick, bulky;welle, weolgo;wɛlba, wɛla;;;
welbre;2;Nom;;plante parasite (espèce), espèce de gui;parasitic plant, mistletoe;;wɛlba;Grass, herb, vine;;
welbre;3;Nom;;bourgeon;bud, sprout;;wɛlba;Parts of a plant;tobengo;
welebre;;Nom;;plante (espèce);plant sp;;wɛlba;Grass, herb, vine;;
welge;;Verbe;é-è;séparer, distinguer, isoler;to separate, distinguish, isolate, sort (things, single instance);;welse;;bake;
wẽlgo;;Nom;;rollier d'Abyssinie;Abyssinian roller;;;Bird;wõnego1;
welgre;;Nom;é-é;le fait de séparer, séparation, division, différence;separation, division, separating, dividing, difference;;;;;
we-naafo;;Nom;;buffle;buffalo;;we-niisi, we-niigi;Mammal;padre;
wẽn-basre;;Nom;;malédiction;curse.;;;;;
wẽn-bere;;Nom;é-é-é;présent, temps présent;present;;;Grammar;;
wẽnd;;Adverbe;é;comme, à la manière de;like, in the manner of;;;;wala1;
wẽnd doogo;;Nom;;temple, église;temple, church building.;wẽn-doogo;wẽnd doto;;;
wẽnd na kõ-d beoogo;;interj;;à demain;see you tomorrow;;;Language and thought;;
wẽnd na kõ-d bilfu;;interj;;à tout à l'heure;bay-bay, goodbye, see you soon;;;Language and thought;bilfu1;
wẽnd na kõ-d nindaare;;interj;;adieu;goodbye, farewell;;;Language and thought;;
wẽnd na kõ-d yʋ-sõngo;;interj;;bonne nuit;good night;;;Language and thought;;
Wẽnd so-tũudum;;Nom;é ó-ú-ú;religion (lit;;;;;tũudum2;
Wẽnd tũudub taoor dãmbã;;expression;;autorités religieuses, responsables religieux;religious leaders;;;;;
wẽnde;1;Nom;ẽ́-è;Dieu, un dieu;God, a god;;;;Wẽnnaam;
wẽnde;2;Adjectif;;mauvais;bad, evil, wicked, ugly;;wẽna;;wẽnga3, wẽnga1;"sõngo1, sõm1, sõmde; synonyme: wẽnga3, wẽnga1"
wẽnde;3;Nom;é-è;temps, époque;the time of, times of, period, generation, epoch, era;;;;wakate, sasa1;
wẽnde;4;Verbe;é-è;ressembler à, être ressemblant;look like, resemble, to be similar;;;;;
wẽndge;;Verbe;è;se démener, se tordre de douleur;rampage, twist / wrench oneself because of pain.;;;;;
wẽnd-lebende;;Nom;;plante (espèce) qui est toujours tournée vers le soleil;plant sp that is always turned towards the sun;wẽn-lebende;;Grass, herb, vine;sõngo-sõng-ne;
wẽndlem;;Nom;é-é;caractère mauvais, laideur;bad character / personality, bad temper, ugliness;;;;wẽnem;
wẽnd-na-taase;;Nom;;au-revoir;goodbye;;;;;
wẽn-doogo;;Nom;ẽ́-ò-ó;église, temple;church building;wẽnd doogo;wẽn-doto, wẽnd doto;Building;;
wẽndpʋlengo;;Nom;;destin;fate, destiny;;;;pʋlemde1;
wẽne;;Verbe;ẽ̀;entortiller, faire tourner, visser, tordre;to twist, roll up sth., kink, entangle, make to turn around, bend;;;;;
wẽnega;;Nom;é;sorte de danse traditionnelle;kind of traditional dance;;wẽnese;;wed-bɩnde;
wẽnege;1;Verbe;è;tourner la tête, se retourner;turn the head, turn around, twist, rotate;;;;wẽnemde;
wẽnege;2;Verbe;é-è;ressembler à;resemble, look like, be like;;;;;
wẽnege;3;Verbe;è;immédiatement, sur le champ;immediately, right now, instantly;;;;;
wẽnego;;Nom;;ressemblance, apparence;likeness, resemblance, appearance;wẽonego;;;;
wẽnem;;Nom;é;méchanceté, mauvais caractère;viciousness, nastiness, wickedness, malice, badness;;;;wẽndlem;
wẽnemde;;Verbe;ẽ̀;tourner;go round, turn over, rotate;;;;wẽnege1;
wẽnenga;;Adjectif;é;tordu, tourné de côté;crooked, distorted, bent, curved, turned to the side.;;wẽnemse;;;
wẽnga;1;Adjectif;é;mauvais, méchant;bad, evil, wicked;;wẽnse;;yoogo1, wẽnde2;"sõmde, sõm1; synonyme: yoogo1, wẽnde2"
wẽnga;2;Adjectif;é;tout petit, en bas âge;very small, very young;;wẽnse;;;
wẽnga;3;Nom;é;mal, mauvais, vilain;an evil, harm, sth;;wẽnse;;wẽnde2;"sõm1, sõmde; synonyme: wẽnde2"
wẽn-kaoore;;Nom;;après-midi;afternoon.;;;;;
wẽn-kɩɩnga;;Nom;;moment où le soleil est bas à l’horizon le soir;time when the sun is low in the evening;wĩn-kɩɩnga;;Sky;wẽn-zẽoogo;
wẽn-lebende;;Nom;;espèce de plante;kind of plant;;;Grass, herb, vine;;
wẽn-loaak baoosgo;;Nom;;histoire;history.;;;;;
wẽn-loaaka;;Nom;é-óa-á;passé, temps passé;past tense;;;Grammar;;
Wẽnnaam;;Nom;é-àá;Dieu;God;;;;wẽnde1;
Wẽnnaam goama;;Nom;;la Parole de Dieu;God's Word;;;;sebrsõngo;
Wẽnnaam no-rɛɛsa;;Nom;;prophète de Dieu;prophet from God.;;;;;
wẽn-nelgo;;Nom;;point noir indélébile sur la peau, grain de beauté;indelible clack spot on the skin, birthmark;wẽn-nedgo;;;wẽnd bobelle;
we-no-raoogo;;Nom;è-ó;huppe;hoopoe;weoog-no-raoogo;we-no-raado;Bird;;
wen-vɩʋʋgã;;Nom;;environnement;environment.;;;;;
wẽn-watga;;Nom;é-á-á;futur, temps futur;future, future tense;wẽn-watgẽ;;Grammar;;
wẽ-n-yɩleng;;expression;;coups répétés;repeated blows;;;;;
wẽn-zẽoogo;;Nom;;moment où le soleil est bas à l'horizon le soir;time when the sun is low in the evening;;;Sky;wẽn-kɩɩnga;
weo-bõanga;;Nom;;zèbre;zebra;;;Mammal;;
weo-faoogo;;Nom;è-á;savane;savannah;;;Land;we-raoogo, tẽn-tuugu;
wẽoko;;Adjectif;éo-ó;aplati;flattened;;wẽgdo, wẽga;;wẽgre2;
weo-moogo;;Nom;èo-ó;savane herbeuse;bush savannah;;;Land;tẽn-tuugu, mo-pelem;
wẽonego;;Nom;éo-ò;ressemblance, sosie, double, image, représentation;resemblance, similarity, likeness, clone, double, image;wõnego, wẽnego;wẽnese;;;
weoog bõn-vɩɩlɩ;;Nom;è ó-ɩ́;faune;wildlife;;;Animal;zĩ-tik bõn-vɩɩlɩ, we-rũmsi;
weoog bũn-yood;;Nom;;animaux de la brousse;wild animals;;;;we-rũmsi;
weoog nemdo;;Nom;;gibier, viande d’animal sauvage;game, meat of a wild animal;;;Food, Mammal, Hunt and fish;;
wẽoogdga;;Nom;;étau;vice, vise;;;Tool;;
weooge;;Verbe;éo-è;durcir, contracter;harden, contract;;weoose;;;
wẽooge;;Verbe;éo-è;presser, serrer, contraindre;press, clamp, tighten, impose, coerce;;wẽo, wẽoose;;;
weoog-no-raoogo;;Nom;;huppe;hoopoe;we-no-raoogo;;Bird;;
weoogo;1;Nom;èo-ó;brousse, région non-cultivé;bush land, uncultivated land, deep-bush, hunter's bush;;weto;Region;;
weoogo;2;Nom;è-ó;paludisme, accès palustre (personne adulte);malaria, bout, malaria attack (adult person);;weedo, weto;Disease;koom2, pali;
weoogo;3;Nom;;direction, parages;direction, area, environment, surroundings;;;;baobgo, sẽnẽ;
weoogo ro-yaaga;;Nom;;espèce de lézard;kind of lizard;;;Reptile;;
weoore;;Nom;éo;débout de la verge, gland;tip of penis, glans, bell-end;;weoa, weto;Body;;
weo-raoogo;;Nom;;jungle, brousse profonde;jungle, deeply in the bush;;;Land;;
wẽorgo;;Adjectif;éo;qui est costaud;that is beefy;;wẽrdo;;;
weo-tuudu;;Nom;;savane boisée;wooded savannah;;;Land;we-kẽega, tẽn-tuugu;
weo-weo;;Nom;éo;aboiement;barking, baying;;;;;
wẽp;;Adverbe;è;saisir brusquement et/ou avec force;grasp suddenly and/or strongly;;;;;
we-raoogo;;Nom;;savane;Savannah;;;Land;weo-faoogo, tẽn-tuugu;
we-rasempʋɩɩga;;Nom;;désert;desert;;we-rasempʋɩɩse;;tẽn-kʋɩre, bĩisr zĩiga;
werbre;;Nom;é;partie supérieure de la fleur mâle du maïs;upper part of the male maize flower;;wɛrba;Grass, herb, vine;;
were;;Verbe;é;réduire en farine, moudre, écraser;grind, make flour, pulverize, reduce to flour, crush, mash;;;;;
wẽre;1;Verbe;é;faire rentrer de force en tournant, tourner en pressant, visser;to screw, wind, twist sth;;;;;
wẽre;2;Verbe;é;tatouer;to tattoo;;;;;
wẽremde;;Verbe;;faire rentrer de force en tournant, tourner en pressant, visser;to screw, wind, twist sth;;;;;
we-rũm-bɛɛga;;Nom;;fauve;wild animal, big cat;;;;;
we-rũms reongo;;Nom;è-ú;zoo;zoo.;;;;;
we-rũms zĩiga;;Nom;;zoo, endroit où se trouvent les animaux sauvages;zoo, place of wild animals.;;;;;
we-rũmsi;;Nom;;animaux de la brousse, animaux sauvages, faune;wild animals, wildlife;;;;weoog bũn-yood, weoog bõn-vɩɩlɩ;
we-rũnga;;Nom;;animal sauvage;wild animal;;we-rũmsi;;;
wesbo;2;Nom;é-ò;tallage;tillering;;;Agriculture, Grass, herb, vine;;
wesbo;;Nom;é-ò;aboiement;barking.;;;;;
wese;1;Verbe;é;aboyer;to bark;;;;;
wese;2;Verbe;é;casser en plusieurs morceaux, diviser en morceaux;to cut off (part), trim, prune, chop up, break off several pieces.;;;;;
wese;3;Verbe;;taller;to tiller;;;Agriculture, Grass, herb, vine;;
wesge;;Verbe;é-è;casser un gros morceau, diviser en deux;break off a piece, part into two, crack sth;;wese;;;
we-yõorã;;Nom;;feu de brousse, feu réalisé pour brûler la végétation et la faune;bush fire.;;;;;
we-yũuga;;Nom;;chat sauvage d'Afrique;African wild cat, Kaffir Cat;;we-yũuse;Mammal;;
wɛ;1;numéral;ɛ́;neuf, 9;nine, 9.;wae;;;;
wɛ;2;Adverbe;ɛ̀;donc, alors;then, so, thus, after all, no doubt;;;;sẽ4;
wɛ;3;Verbe;;écarter largement;open largely, put aside;;;;;
wɛ;4;Verbe;ɛ́;être en abondance et trouver facilement;be abundant, frequent, to be found easily;;;;;
wɛda;;Nom;;fruits (espèce);tree fruit sp;weda;;Food;;
wɛdga;1;Nom;ɛ́-à;liane (espèce de plante grimpante) donnant des fruits à goût aigre;liana sp;wedge;wedse;Grass, herb, vine;;
wɛdga;2;Nom;ɛ̀-á;morceau, partie, portion, moitié, avance (sur le salaire);a bit of sth., fragment, piece, part of, portion;;wedse;;;
wɛɛga;1;Nom;;ossements, squelette;bones, skeleton;;weese;Body;;
wɛɛga;2;Adjectif;ɛ́-à;en jachère;fallow;;weese;;;
wɛɛga;3;Nom;ɛ̀-á;sauvage;wild;;weese;;;
wɛɛge;;Verbe;ɛ̀;écarter largement;open widely.;;wɛ;;;
wɛɛle;;Verbe;ɛ́-è;être en reste parce que trop abondant;be left over because too much is there;;;;;
wɛɛlẽ;;numéral;ɛ́;passé il y a 9 unités;nine times /units ago;;;;;
wɛɛmba;;Nom;ɛ̀-á;femme-chef;female chief, female leader, queen;;wɛɛm-dãmba;Worker;;
wɛɛndga;;Nom;ɛ́-à;instrument servant à défaire les tresses;tool serving to undo the hair braid;;weendse;Tool;;
wɛɛnga;;Nom;ɛ̀-á;place, espace;place, location, room, space, open space, square;;weense, weemse;;;
wɛɛngẽ;;postposition;ɛ̀;à propos de, relativement à;on the subject of, apropos, speaking of, in this connection;;;;;
wɛgd koom;;expression;;rose;pink;;;Colour;;
wɛgda;;Nom;;fleurs d'une espèce d'oseille;flowers of a kind of sorrel.;;;;;
wɛgdga;;Nom;;plante d'oseille;sorrel plant;;wegdse;Grass, herb, vine;;
wɛgelle;;Adjectif;;dur, coriace, ferme;hard, tough, dogged, firm;;wɛgla;;;
wɛgemde;;Adjectif;ɛ̀;indocile;unruly, wild, difficult to control;;wɛgma;;;
wɛgenga;;Adjectif;ɛ̀-á;irrégulier;irregular.;;;;;
wɛgla;;Adjectif;;raide, racorni, dur;rigid, unbending, stiff, hard;;;;wɛglgo;
wɛgle;;Verbe;ɛ̀;durcir, se racornir en séchant;harden (because of drying);;;;;
wɛglgo;;Adjectif;ɛ̀-ó;raide, racorni, dur;rigid, unbending, stiff, hard;;wɛgendo;;wɛgla;
wɛgme;;Verbe;ɛ̀;rendre ou devenir incontrôlable, indocile, sauvage;make or become uncontrollable, unruly, wild, savage;wegme;;;;
wɛgse;;Verbe;;décortiquer;to peel, shell, hull;;;;;
wɛg-wɛge;;Adverbe;ɛ́;très aigre;very bitter, sour, acid;;;;;
wɛka;;Nom;ɛ́-à;coque;husk, hull;;wɛgse;;paoko1, waka2;
wɛlga;;Adjectif;ɛ́-à;partagé, divisé;shared, divided;;welse;;;
wɛrenga;1;Nom;ɛ́-é-à;piège;trap, pitfall;;weremse;;kũiisri;
wɛrenga;2;Adjectif;;chétif;stunted, not developing properly or to full size.;;weremse;;;
wɛsdga;;Nom;ɛ́-à;hache servant à fendre le bois;axe to split wood;;wesdse;Tool;;
wɛsga;1;Nom;ɛ́-á;aboiement;barking of dog;;;;;
wɛsga;2;Adjectif;ɛ́-à;abominable;horrible, hideous, gruesome;;;;wẽeng tɩ looge;
wɛsla;;Nom;ɛ́;boulettes de farine cuite à la vapeur;flour balls cooked with steam;;;Food;;
wi;1;Nom;í;cicatrices ethniques, scarifications sur le visage;ethnic scars, tribal-marks;;;;gĩda;
wi;2;Verbe;ì;puiser de l'eau en grande quantité;draw water in large quantities;;;;;
wĩ;;Verbe;;filer (coton);spin (cotton), to spin (thread);;;;;
widgi;1;Verbe;í-ì;laver le visage;wash the face;;wiidi, widsi;;;
widgi;2;Verbe;í-ì;allumer;to light up, kindle, put on the light, switch on the light, turn on light, illuminate (single instance);;widsi;;;
widgri;;Nom;í-í;le fait de se laver le visage;washing the face;;;;;
widg-widgi;;Verbe;;brûler;to burn;;;;widi2;
widi;1;Verbe;í-ì;porter des chaussures, chausser;to shoe, wear shoes, put on shoes;;;;wũudi;
widi;2;Verbe;í;brûler;to burn, be burning;;;;widg-widgi;
wiga;;Nom;;bruit de déglutition;noise of swallowing;;;;;
wĩ-gɩrga;;Nom;;bout de corde;piece of rope;;;;;
wigri;;Nom;;graine de néré non cuite;uncooked grain of dawadawa fruit.;;wiga;;;
wĩidga;;Nom;í-á;textile;textile, fabric;;;Travel;;
wiidi;2;Verbe;;allumer;to light up, kindle, put on the light, switch on the light, turn on light, illuminate.;;widsi;;;
wiifu;;Nom;;cicatrice;scar, a tribal mark, decorative scarification;wĩifu;wi, wiya;Adornment;;
wĩifu;;Nom;;cicatrice;scar;wiifu;wĩ, wi, wiya;Body;gĩdri;
wĩigi;;Verbe;;filer;to spin (thread).;;;;;
wĩiri;;Nom;ĩ́-ì;corde;string, rope, cord, thread;;wĩya;;loɛtga;
wiisgu;;Nom;í-ú;pleurs;crying;;;;;
wiisi;2;Verbe;í-ì;pleurer (en poussant des grands cris);to bawl, cry loudly, weep (crying out loudly);;;;;
wilg sẽn yɩla;;expression;;rapporter;to report, tell, give an account;;;;togse1, maane2;
wilg zĩiga;;expression;;situer, montrer l'endroit, localiser;to locate, to place, to situate.;;;;;
wilga;1;Nom;í;composante, membre, quartier;component of, constituent, element of, member, area, district;;wilsi;Body;;
wilga;2;Nom;í;pétiole;petiole, leaf stalk;;;Parts of a plant;yʋlga2;
wilgda;;Nom;ì-á;marque, démonstratif;mark, demonstrative;;;;;
wilgdga;;Nom;ì-à;démonstratif;demonstrative pronoun;wilgda;;;;
wilgi;;Verbe;ì;montrer, informer, annoncer, renseigner, déclarer, distinguer, présenter, afficher;show, indicate, inform, demonstrate, report announce, declare, to supply information, to present;;wilsi;;tabende2;
wilg-m-menga;;Nom;ì-á;vanité, orgueil;false pride, vanity, conceit;;wilg-m-mense;;wak-m-menga, wakre, wagelle2;
wilgri;;Nom;ì-í;le fait de montrer, signalisation, indications;showing, informing, signalling, markings.;;;;;
wili;1;Verbe;ì;surpasser, dominer;outgrow, trump, gain advantage over, outnumber, surpass, dominate, exceed, overcome;;;;;
wili;2;Verbe;í;être en déséquilibre parce que trop lourd d'un côté;be in imbalance because one side is too heavy;wind;;;zuli3;
wilinga;;Adjectif;í;à l'écart, isolé;off, aside, detached, isolated, alone, secluded;;;;;
wilinwiiga;;Nom;ì-á;arbuste (espèce);shrub sp;;wilinwiisi;Bush, shrub;garenwiiga;
willa;;Nom;ì-á;branche;branch, bough;willi;willi, wila;Parts of a plant;;
willi;;Adjectif;í;replet, bien gros et disproportionné;roundish, chubby, big and disproportionate;;;;;
wilpenduugu;;Nom;;plante (espèce);plant sp;;wilpenduusi;Grass, herb, vine;;
wilpeoolgo;;Nom;;hippotrague, antilope chevaline;roan antelope;wilpeelgo, walpeoolgo, warpeelgo;wilpeendo;Mammal;;
wĩnaafɩka;;Nom;;hypocrite et calomniateur;hypocrite and slanderer;;;;munaafɩka;
wĩnd-baafẽ tẽnga;;Nom;;pays tropical, tropique;tropical country;;;Country, Land;;
wĩnd-dɩʋtg zĩ-kʋʋdgẽ;;expression;;pôle nord;North Pole;;;Land;;wĩnd-goabg zĩ-kʋʋdgẽ, wĩnd-goabg zĩ-kʋʋdgẽ
wĩndg goabga;;Nom;;sud (lit;;;;;wĩn-goabga, goabg baobgo;
wĩndg pukr n tãag wĩnto-sʋka;;expression;;matinée;morning till noon.;;;;;
wĩndg rɩɩbo;;Nom;;déjeuner;lunch;;;Food;;
wĩndg sẽn kẽ;;expression;;au coucher du soleil;at sunset;baag bãng a soaba;;;zĩ-sobdo;
wĩndga;;Nom;ĩ́-á;soleil, ardeur du soleil;sun, heat of the sun;;wĩndsi;Sky;;
wĩnd-goabg zĩ-kʋʋdgẽ;;expression;;pôle sud;South Pole;;;Land;;wĩnd-dɩʋtg zĩ-kʋʋdgẽ, wĩnd-dɩʋtg zĩ-kʋʋdgẽ
wĩn-dɩtgo;;Nom;;nord;north.;wĩn-dɩʋtgo;;;;
wĩn-dɩʋtg ãdga;;Nom;;étoile polaire;pole star;;;Sky;;
wĩn-dɩʋtg rul-paadse;;expression;;latitude nord;north latitude;;;Land;;
wĩn-dɩʋtg taoore;;expression;;nord-ouest;north-west;;;Land;;
wĩn-dɩʋtg yaanga;;expression;;nord-est;north-west;;;Land;;
wĩn-dɩʋtgo;;Nom;í-ó;Nord;North.;;;;;
wĩn-goabg ãd-pika;;Nom;;croix du sud, étoile d'Afrique;Southern Cross;;;Sky;;
wĩn-goabg rul-paadse;;expression;;latitude sud;south latitude;;;Land;;
wĩn-goabga;;Nom;í-óa-á;Sud;South;;;;wĩndg goabga, goabg baobgo;
wĩn-goabga taoore;;expression;;sud-ouest;south-west;;;Land;;
wĩn-goabga yaanga;;expression;;sud-est;south-east;;;Land;;
wĩnigi;;Verbe;ì;frissonner;shudder;;wĩnisi;;;
wĩn-kaoore;;Nom;í-áo-é;moment où le soleil amorce sa descente;moment when the sun begins to descent.;wẽn-kaoore;;;;
wĩn-taoor bĩin-lugse;;expression;;longitude ouest;west longitude;;;Land;;
wĩn-taoore;;Nom;;Ouest;West;;;;poorẽ baobgo, nintaoore, nintaoore, nen-taoore;
wĩnto-liullgu;;Nom;;éclipse de soleil;solar eclipse;;;Sky;;
wĩntoog bobelle;;Nom;;planète;planet;;;Sky;;
wĩntoog sẽn be daare;;expression;;ensoleillé;sunny;;;Weather;;
wĩntoogo;;Nom;;ardeur du soleil, soleil;heat of the sun, sun, hot weather;;wĩntoodo;Weather, Sky;;
wĩnto-sʋka;;Nom;í-ò-ʋ́;midi;noon, midday;;wĩnto-sʋgse;;;yʋn-sʋka
wirbga;;Adjectif;í;rabougri;stunted;;wirbsi;;kuitri;
wirmi;;Verbe;ì;arrêter de croître;stop to grow, not growing any more;;;;;
wisãoore;;Nom;;plante (espèce), thé de Gambie;plant sp;wisão;wisãoa;Grass, herb, vine;;
wisdu;;Nom;;encens, parfum;incense, perfume, fragrance;wusdu, wusna, wusla;;;tɩdare;
wisi;;Verbe;ì;enfumer, embaumer, parfumer;to fumigate, smoke out, embalm, to put scent on;wusi;;;;
wiski;;Nom;;whisky;whisky;;;;;
witga;;Adjectif;í-á;allumé, éclairant;lit, lit up, lightened, shining brightly, illuminated;;witsi;;;
wiuu;;Adverbe;;touffu, ébouriffé;leafy, bushy, tufted, untidy, tousled;;;;;
wiuugu;;Nom;í-ù;varan du sable, gueule tapée;Savannah monitor, monitor lizard;;witu, wiidu;Reptile;;
wɩ;;Verbe;ɩ̀;crâner, faire fièrement l'important;boast, act up, show off;;;;;
wɩbga;;Nom;ɩ́;épervier, petit rapace;hawk;;wɩbse;Bird;;
wɩbge;;Verbe;;causer un sérieux préjudice à quelqu'un en trompant intelligemment sa vigilance;cause serious harm /damage to somebody by cleverly diverting his vigilance;;;;;
wɩde;;Verbe;ɩ́;médire, critiquer;speak ill of sb., backbite, criticize, disparage;;;;;
wɩdga;;Nom;ɩ́-à;critique, médisance;criticism, piece of gossip, back-biting, slander.;;wɩdse;;;
wɩdge;;Verbe;ɩ́-è;souffler mot, dire quelque chose à propos;utter a sound, say something about, give a hint;;wɩdse;;;
wɩdme;;Verbe;ɩ̀;déborder d'un récipient, se répandre;spill over, overflow, spread out, shed, run over;;;;;
wɩgemde;;Verbe;;raidir ses muscles pour fournir un effort;stretch /stiffen one's muscles to make an effort;;;;;
wɩɩ;;Adverbe;ɩ́;lueur rougeâtre;reddish firelight, faint light, glint.;;;;;
wɩɩbe;;Verbe;ɩ̀;transgresser un tabou / interdit, commettre quelque chose d'abominable, un sacrilège;transgress a taboo / interdiction, do something horrible, a sacrilege;;;;;
wɩɩde;;Verbe;ɩ̀;faire disperser les gens;to dismiss, disperse, send people away, cause the people to scatter;;;;;
wɩɩga;;Nom;ɩ́-à;sifflet, flûte;whistle, flute;;wɩɩse;Musical instrument;;
wɩɩge;;Verbe;ɩ́-è;s'efforcer;strive, endeavour to;;;;;
wɩɩle;;Verbe;ɩ̀;rougir ou devenir orange (fruit mûr);turn red or orange (ripe fruit), redden;;;;;
wɩɩlwɩɩla;;Nom;ɩ́-ɩ́-à;canard (espèce), dendrocygne veuf, siffleur;duck sp;;wɩɩlwɩɩlɩ;Bird;minmini;
wɩɩre;;Nom;ɩ́;danse particulière à l'occasion de la sortie des masques;kind of dance when the masks are coming out.;;;;;
wɩɩse;1;Verbe;ɩ́-è;ramasser / collecter du bois mort;gather dried wood;;;;;
wɩɩse;2;Verbe;ɩ́-è;éclairer, diriger la lumière sur;shine on, throw light on, enlighten, shed light on, to shine a light on, illuminate;;;;;
wɩɩ-wɩɩ;;Adverbe;ɩ́;qui éclaire par-ci, par-là;that sheds light here and there.;;;;;
wɩla;1;Adverbe;ɩ́;debout tout seul, en équilibre;standing alone, well-balanced;wɩlle;;;kawɩla;
wɩla;2;Adverbe;ɩ́;plein à déborder;full to spill over, completely full;;;;;
wɩla;3;Adverbe;ɩ́-á;se dissiper, disparaître complètement;clear, disappear completely;;;;;
wɩle;;Verbe;ɩ́;briller, luire;to shine, glitter, gleam, give light;;;;;
wɩlge;;Verbe;ɩ̀;se dissiper;clear, disappear;;wɩlse;;;
wɩlle;;Adjectif;ɩ́;complètement vide;completely empty;;wɩla;;;
wɩlma;;Nom;;langue secret des masques;secret language of the masks;;;;;
wɩlse;;Verbe;ɩ̀;remplir jusqu'aux bords;fill to the rims, to fill sth;;;;;
wɩma;;Adverbe;ɩ́;idée de chaud, douillet;warm and cosy, snug;wɩmm;;;;
wɩnge;1;Verbe;ɩ́-è;chauffer;warm up, get hot, heat;;wɩmse;;;
wɩnge;2;Verbe;ɩ́-è;faire vite, se presser, se dépêcher;hurry up, hasten, rush;;;;;
wɩ-pɛɛbda;;Nom;;joueur de flûte;flute player;;;Musical instrument;;
wɩrme;;Verbe;ɩ̀;être dépourvu de feuilles;be without leaves;;;;;
wɩrse;;Verbe;ɩ̀;manger complètement les feuilles en épargnant les nervures;eat the leaves completely but sparing the nerves;;;;;
wɩsbre;;Adjectif;ɩ́;pas souple ou élastique, cassant;not elastic or supple, not flexible, breaking easily;;wɩsba;;;
wɩse;;Verbe;ɩ́;plaisanter;joke;;;;;
wɩsenga;;Adjectif;ɩ́;éveillé, dégourdi;awake, bright, clever, smart;;wɩsemse;;yẽesenga;
wɩsg yɛsa;;Verbe;;réchauffer;reheat, heat up again, warm up.;;;;;
wɩsga;;Nom;ɩ́-à;plaisanterie;joke, jest, pleasantry;;;;yogse1;
wɩsge;1;Verbe;ɩ̀;perdre sa souplesse ou son élasticité, devenir sec, cassant;loose one's suppleness or elasticity, become dry, breaking easily;;;;;
wɩsge;2;Verbe;ɩ̀;s'y mettre, faire énergiquement, produire l'effort qu'il faut;to get going, do energetically, produce the required effort;;;;;
wɩsgre;;Nom;;éveil;awakening.;;;;;
wɩʋʋgo;;Nom;;espace, intervalle, vide;space, area, interval, void, emptiness.;;;;;
wɩʋʋsgo;;Nom;ɩ́;action de ramasser, ramassage;gathering, collecting;;;;booge1;
wõ;1;Verbe;ò;bourdonner, virevolter autour en grand nombre;buzz, hum, drone, twirl around in large numbers;;;;;
wõ;2;Verbe;ó;faire sortir en tirant;get out by pulling, to extract, pull sth;;wõose;;;
woabga;;Nom;óa-à;estropié, boiteux;hobbled, a lame person, cripple;;wobse;Disease;kar-keoko1;
woaka;;Adjectif;òa-á;pas totalement couvert;not completely covered;;wogse;;;
wob-bɛrenga;;Nom;ó-ɛ́-á;chanvre d'éléphant;elephant hemp;wobg bɛnenga;wob-berense;Grass, herb, vine;;
wobda;;Nom;;rebouteux;bone-setter;;;Disease, Worker;;
wobe;1;Verbe;ó;cueillir;to pick, gather, tear off, pluck (as: fruit, leaves);;;;;
wobe;2;Verbe;ó;rebouter;bone-setting, treat a patient the traditional way;;;Disease;;
wõbe;;Verbe;ò;mâcher, croquer;eat, crunch;wãbe;;;;
wobelle;;Adverbe;ó-é-é;en boitant;limping;;;;;
wobendo;;Nom;ó-é-ó;infirmité d'un membre inférieur;infirmity of leg;;;Disease;;
wobg-beren-daaga;;Nom;;espèce de plante;kind of plant;;;Grass, herb, vine;;
wobg-bɛrenga;;Nom;;espèce de plante;kind of plant;;;Grass, herb, vine;;
wobge;1;Verbe;ó-è;masser, rebouter;massage, bone-setting;;wobe, wobse;;;
wobge;2;Verbe;;faire descendre ce qui adhère en raclant avec la main;take away what sticks using your hand;;woobe, wobse;;;
wobgo;;Nom;ó-ò;éléphant;elephant;;wobdo;Mammal;;
woble;;Verbe;ó-è;rendre boiteux;make sb;;;;;
wob-nao;;Nom;;éléphantiasis;elephant foot (swollen);wob-naoore;wob-naoa;Disease;;
wob-nemse;;Nom;ó;disproportion, hors de proportion;disproportion, out of proportion;;;;;
wob-nugu;;Nom;;trompe;proboscis;;;;gõonde;
wobre;;Nom;ó-è;attelle;splint.;;woaba;;;
wob-sãnde;;Nom;;espèce de liane;kind of liana;;;Grass, herb, vine;;
wob-sẽonego;;Nom;;plante grimpante sans feuilles (espèce);climbing plant sp without leaves;wob-sẽnsẽongo;wob-sẽndo;Grass, herb, vine;wob-zãre;
wob-sɛga;;Nom;;espèce de plante;kind of plant;;;Grass, herb, vine;;
wobsre;;Adverbe;ó-é;en boitant;limping;;;;;
wob-yaade;;Nom;;espèce de plante;kind of plant;;;Grass, herb, vine;;
wob-yãado;;Nom;;espèce de liane;kind of liana;;;Grass, herb, vine;;
wob-yãoogo;;Nom;;plante (espèce);climbing plant sp;wobg yãado;wob-yãado;Grass, herb, vine;;
wob-zãre;;Nom;;liane (espèce);liana sp;;wob-zãya;Grass, herb, vine;wob-sẽonego;
wõde;1;Verbe;ó;pétrir, malaxer;knead;;;;nage1;
wõde;2;Verbe;ó;battre copieusement, frapper sévèrement, froisser;to knead, mix thick substance, hit, beat, thresh severely, harshly, crease, crumple;;;;;
wõde;3;Verbe;;fabriquer du beurre de karité ou du savon;manufacture Shea butter or soap;;;;;
wõdge;;Verbe;;laver à la main;wash by hand;;wõde;;;
wogdo;;Nom;;le froid;coolness, the cold;;;Weather;waoodo;
woge;;Verbe;ò-è;rendre long, prolonger;prolong, lengthen, make longer.;;;;;
wõge;1;Verbe;ó;faire du bruit;make noise.;;;;;
wõge;2;Verbe;ó;se frayer un chemin et aller en profondeur;clear a way to get deep inside;;;;vaage3;
wõge;3;Verbe;ò;être plié en quatre (en signe de respect), être prosterné;bow down deeply (as sign of respect /reverence);;;;võabende, vãba;
wogelle;;Adverbe;ó-é-é;en longueur;in length;;;;;
wogemde;;Verbe;ò-è-é;se faire tout petit, devenir moins volumineux;make oneself very small, become less voluminous, to shrink;;;;;
wogle;1;Verbe;ó-è;rendre long, prolonger;to prolong, lengthen sth., make longer;;;;;
wogle;2;Verbe;ò;fermer (pas complètement), rabattre (une porte);close (not completely), push back (a door);;;;page1;
wogle;3;Verbe;ó-è;parler indistinctement (ex;;;;;;
woglem ko;;expression;;taille en Ko (kilo bits);size in KB;;;computer / digital;;
wog-woge;;Adverbe;ò;mal fermé, non hermétique;not well closed, not airtight, not tightly;;;;sãnsãoodo;
wõg-wõge;1;Adverbe;;en profondeur, tréfonds;in depth, deeply, to the innermost.;;;;;
woke;;Verbe;ò;entrouvrir;open slightly;;wogse;;;
woko;;Adjectif;ó-ò;long, grand;long, big, tall;;wogdo;;;
wokomsɛɛre;;Nom;ó-ó-è;haut-commissaire;government representative, senior civil servant, government official;;;Government, Worker;kũmandaoogo;
wolfo;;Nom;ó;de l'ethnie Wolof (Sénégal);from the Wolof ethnic group (in Senegal);;wolf-rãmba;Community;;
wolfre;;Nom;;langue Wolof (Sénégal);Wolof language (Senegal).;;;;;
wolge;1;Verbe;ò;prendre une partie qui surnage sans troubler le liquide;carefully take away some of what is swimming on top of a liquid;;wolse;;zolge;
wolge;2;Verbe;ò;ramasser, racler en prenant ce qui est au-dessus;gather, collect and take away what is on top;;woole;;;
wom biisi;;expression;;produire des fruits;produce fruits.;;;;;
womb zeongo;;Nom;ó éo-ò;rendement;yield, output, efficiency;;;;sẽn paame;
wombo;;Nom;;production de fruits;fruit production;;;;;
wome;1;Verbe;ò;s'attrouper autour, assaillir;troop together, attack, assault;;;;;
wome;2;Verbe;ó;produire, donner des fruits;yield, produce fruit;;;;;
wom-ligdi;;Nom;;espèce de plante;kind of plant;;;Grass, herb, vine;;
wom-sɛɛga;;Nom;ó-á;figuier (espèce) produisant des fruits au niveau du tronc;fig tree sp bearing fruit at the trunk;;wom-seese;Tree;kãnkãsĩiga;
wõneg zʋ-peemde;;expression;;girouette;weather vane, weathercock;;;Weather;;
wõneg zʋ-wukdga;;Nom;;manche à vent;air sock;;;;sɩlg tɩʋko;
wõnego;1;Nom;;rollier d'Abyssinie;Abyssinian roller;wo-noogo, wonoogo, wonego;;Bird;wẽlgo;
wõnego;2;Nom;ó-é-ò;sosie, ressemblance;clone, double, look-alike;wẽonego;;;;
wõnge;;Verbe;;puiser;draw;;;;tooge1, yõnge;
woo;1;interj;ò;entendu, d'accord;OK;;;;;
woo;2;interj;ó;expression indiquant qu'on vient de se rendre compte de quelque chose, à bon;expression indicating that one has just noticed / realized something, wow.;;;;;
woode;;Verbe;ó-è;se réchauffer près du feu;worm up close to the fire, to warm oneself (at a fire);wʋʋde;;;;
wooge;;Verbe;ò;diminuer une chose, réduire;lessen something, reduce, diminish, make sth;;woose;;booge1;
wõoge;;Verbe;ó-ò;faire sortir en tirant, se retirer;to extract sth;;wõ, wõose;;fooge1;
woogo;;Nom;ò-ó;grand hangar ayant deux pentes;big shed having two roof slopes /sides;;woodo;Building;;
woogre;;Nom;ò-é;le fait de diminuer une chose;diminishing / reducing one thing.;;;;;
wõonego;;Nom;;espèce de plante;kind of plant;;;Grass, herb, vine;;
woose;2;Verbe;ò;démarier, transplanter;transplant;;;Agriculture;sʋgse;
woose;;Verbe;ó-è;crier;yell, yelp, scream, shout, to cry out, cry aloud;;;;kaase1;
wõose;1;Verbe;ó-è;gémir;to groan, whine, moan, wail;;;;ũusi, õose, kũsi1;
/ self out (many instances), wõosgo;;Nom;;gémissement;moaning, groaning;;;;;
wõrbo;;Nom;ó-ò;asservissement;enslavement, bondage, subjection.;;;;;
wordinatɛɛre;;Nom;;ordinateur;computer;;;computer / digital;ordinatɛɛre;
wõre;1;Verbe;ó;soumettre, faire obéir de force, contraindre;compel sb;;;;nome2;
wõre;2;Verbe;;malaxer, rendre souple, mou ou poudreux;knead, make supple, elastic, soft or powdery;;;;nome1;
wõremde;1;Verbe;ó-é-è;casser en morceaux;break sth;;;;;
wõremde;2;Verbe;;soumettre, faire obéir de force, contraindre;compel sb;;;;;
wõrge;1;Verbe;ò;couper;cut sth;;wõrse;;gẽbge, kʋrge, kẽbge;
wõrge;2;Verbe;ó-è;briser;smash, break, shatter, wreck;;wõre;;;
wõrge;3;Verbe;ó-è;diminuer de beaucoup;diminish a lot, decline / lessen a lot;;;;;
wosge;;Verbe;ó-è;casser à l'endroit fourchu;break at the forked place, break at a fork, to break (a branch of a tree);;wose;;yasge;
wõsge;1;Verbe;ò;mettre de la cendre à filtrer pour obtenir de la postasse;to make lye, put ashes to filter in order to get potash, filter hot water over potash to make lye /spice water;;;;;
wõsge;2;Verbe;ò;se putréfier, se décomposer;moulder, rot, decay, decompose, putrefy;;;;;
wõsge;3;Verbe;ò;pleurnicher longuement;yammer, snivel, whimper for a long time;;;;;
wõsme;;Verbe;;être pourri, trop mûr;to be rotten, rotted.;;;;;
woso;;Nom;;patate;potato;;;;dãn-kale, nayũuri, nayũ-noodo, noaasa, yũuri1;
wostrali;;Nom;;Australie;Australia;;;Region;;
woto;;démonstratif;ò-ó;ceci, cela, comme ça, ainsi, exact;this, like that, exact, correct;;;;wã2, wãnda;
woto yĩnga;;expression;;à cause de cela, c'est pourquoi, donc;because of that, therefore, consequently;;;;;
wotoro;;Nom;ò-ó-ò;charrette;donkey cart;;;Agriculture, Travel;tereko, sarɛta;
wu;;Verbe;ù;bourdonner;buzz, whirr, drone, hum;;;;vũ;
wũ;;Verbe;;récurer (puits);dig deeper, clean out;;;;;
wubgi;;Verbe;ú-ì;moisir;go mouldy, get mouldy, to mould, mold;;;;;
wubi;;Verbe;ú;éduquer, élever;educate (children, animals), bring up, to raise;;;;;
wubri;1;Nom;ù-í;bergerie;sheepfold;;wuba;Animal husbandry;yãgre;
wubri;2;Adjectif;ù-í;gros;thick, big, fat;;;;;
wubri;3;Nom;;éducation (élevage);upbringing, nurture, nurturing;;;;gʋʋlgo;
wubsgu;;Nom;ú-ú-ú;poussière;dust.;;;;;
wubs-warga;;Nom;ú á-à;premier sarclage à un moment où le sol est encore sec;first hoeing when the soil is still dry;;wubs-warse;Agriculture;sapaol-warga;
wudgi;;Verbe;ù;courir, se dépêcher;to run, rush, hurry, go precipitately;;;;;
wudgri;;Nom;ù-í;le fait de courir;running.;;;;;
wudgu;;Nom;ù-ú;petits poils d'herbe provoquant des démangeaisons, balle, vannure;small grass elements provoking itches, chaff, husk;;;;ka-puum;
wudi;;Verbe;ù;sortir;to go out, go outside, leave, exit;;;;;kẽ1
wuga;;Adverbe;ù;bruit d'un choc violent, grand coup;noise of a violent crash / shock;;;;;
wũgi;1;Verbe;;creuser des trous dans un matière flasque / moue;dig holes in a flabby /soft matter;;wũ;;lʋge2;
wũgi;2;Verbe;;être tapi, caché;be crouched, cowered, squat, hidden;wũbindame;;;;
wuki;1;Verbe;ú-ì;enfler, gonfler, boursoufler, ballonner;swell, inflate, bloat;;wugsi;;pĩinigi, mode;
wuki;2;Verbe;ú-ì;bouder;sulk;;;;;
wuk-m-menga;;Nom;ù-è-á;vantardise, orgueilleux;boastfulness, bragging, proud;;wuk-m-mense;;;
wula;;Adverbe;ú;chaud et enfermé;hot and cooped up, sticky;;;;;
wul-faaga;;Nom;;brume;mist, fog;;;Weather, Sky;gulgubri, gãngãdo, wuswulli;
wulfu;;Adjectif;ú;petit (en parlant d'ouverture);small (opening);;;;munfu;
wulgu;;Nom;ú;brume, brouillard;haze, mist, fog, smog;wul-faaga;;Weather;gãngãdo, gãngãobgo, wuswulli;
wulli;;Adverbe;ú;chaud, étouffant;hot, sticky, suffocating, sultry, sweltering, airless;;;;;
wulmi;;Verbe;ù;chauffer, étouffer;to heat, warm a space / the environs, warm up, stoke, suffocate;;;;;
wũmbla;;Nom;ù-á;petite calebasse;small calabash;wʋmbla;wũmbli;Container;;
wũnugi;;Verbe;ú-ì;couver, faire un accouvage;to brood, make brooding;;wũnusi;;;
wũnusi;;Verbe;ú-ú-ì;s'infecter, faire du pus;to get infected, ulcerated (wound does), produce pus / matter;;;;wũusi1;
wup;;Adverbe;ù;bruit de choc contre le sol;noise of crash to the ground;wura;;;pip;
wupi;;Adverbe;ù;juste, correcte;just, correct, right;;;;mupi;
wurbu;;Nom;;grondement;rumble, roar, growl.;;;;;
wurd-wurdi;;Nom;ú-ú;bousculade, précipitation;jostle, hustle, scrum, precipitation, rush.;wur-wuri;;;;
wurgi;1;Verbe;ú-ì;trouer, perforer, défoncer;to pierce, bore, drill a hole, make a hole, punch, perforate, smash in;;;;;
wurgi;2;Verbe;ú-ì;écorcher, blesser;flay, abrade, scrape, hurt, wound;;wuri;;;
wuri;2;Verbe;ù;se précipiter vers, forcer le passage, presser (foule en débandade);rush, race, go precipitately (of a crowd);;;;;
wuri;3;Verbe;ù;gronder (tonnerre, ventre);to rumble (stomach or thunder), roar, brew of a storm (thunder, belly);;;;rãmbe3, rãmbe3;
wurs;;Nom;;ours;bear;;;Mammal;;
wurungu;;Adjectif;ú-ú-ú;troué, perforé, défoncé;sth;wʋrengo;wurundu;;;
wurungu;2;Nom;;trou, perforation;hole, perforation.;;;;;
wur-wuri;;Adverbe;ù;bruit de grondement du tonnerre;noise of rumbling thunder;;;;;
wusa;;Adverbe;ù;évocation d'une sortie brusque avec force;indicating a sudden and energetic coming outside;;;;purss;
wusdu;;Nom;;espèce de plante;kind of plant;;;Grass, herb, vine;;
wuswulli;;Nom;ú;brouillard;fog, mist;wus-wulli;;Sky;gãngãobgo, gulgubri, wulgu, wul-faaga, gãngãdo;
wuu;;Adverbe;;très gros, immense;very big, immensely, enormously, colossal;;;;;
wũudi;;Verbe;;porter des chaussures, chausser;wear shoes, put on shoes;;;;widi1;
wũugi;;Verbe;í-ì;récurer (puits);clean out (well);;wũ;;;
wuuli;;Verbe;ú-ì;huer;jeer, to boo, shame sb;wuugi;;;;
wũundi;;Verbe;ú-ì;se blottir, se cacher;curl up, nestle, hide;;;;;
wũuni;;Verbe;ú-ì;grogner, bougonner, gronder;snarl, growl;;;;;
wũusi;1;Verbe;;s'infecter;to get infected, ulcerated (wound does);;;;wũnusi;
wũusi;2;Verbe;ú-ì;beugler;low, bellow;;;;muuni;
wuu-waa;;Nom;ù-á;oreillons;mumps;;;Disease;kulkuluudu, koenkoende;
wʋbdo;;Nom;;vomissure, vomissement;vomiting, vomit;;;Disease;yãgsa;
wʋbe;;Verbe;ʋ̀;vomir;vomit;wʋke;;;wʋke3, tĩ1, yãgse;
wʋbre;;Nom;;vomissement;vomiting, vomit.;;;;;
wʋgbo;;Nom;;tissage;weaving.;;;;;
wʋgda;;Nom;;tisserand;weaver;;;Worker;sʋn-wʋgda, sʋlga2;
wʋgda sʋnd;;expression;;tisserand;weaver;;;;;
wʋgdga;;Nom;ʋ́-á;élément grammatical;grammatical element;;;Grammar;;
wʋge;;Verbe;ʋ́;tisser, tresser, tricoter;weave, plait, twine, knit;;;;;
wʋgemde;;Verbe;;se détacher (peau);detach;;wʋgme;;;
wʋgle;;Verbe;ʋ́-è;mâchonner;to chew, munch;wʋglme;;;;
wʋke;1;Verbe;;ramasser;to collect, gather things together;;wʋgse;;;
wʋke;2;Verbe;ʋ́-è;divulguer;divulge, reveal, leak information out;;;;;
wʋke;3;Verbe;;vomir;vomit;wʋbe;;;wʋbe;
wʋkemde;;Nom;ʋ́;plante rampante (espèce);climbing plant sp;;wʋkma;Grass, herb, vine;;
wʋkma;;Nom;;espèce de plante;kind of plant;;;Grass, herb, vine;;
wʋlge;;Verbe;ʋ́-è;faire tremper pour ramollir, humecter, mouiller;soak to make softer, damp, moisten, dampen, to wet;;wʋʋle;;;
wʋma;1;Adverbe;;profondément;deeply.;;;;;
wʋma;2;Adverbe;ʋ́;entièrement, complètement;entirely, completely;;;;;
wʋmb yalg wilgda;;Nom;;ouïe;sense of hearing.;;;;;
wʋmbo;;Nom;ʋ́;action d'entendre;hearing, understanding.;;;;;
wʋmdre;;Nom;ʋ́;son;sound;wʋmdse;;;rãamde;
wʋme;1;Verbe;ʋ̀;entendre;hear;;;;;
wʋme;3;Verbe;ʋ̀;sentir (ex;;;;;;
wʋme;4;Verbe;ʋ́;cuir au four;cook in the oven / stove;wusi;;;;
wʋmm;;Adverbe;;doucement, calmement;softly, gently, smoothly, calmly;;;;;
wʋm-taaba;;Nom;;collaboration, entente;collaboration;;;;zems-taaba;
wʋndɩ;;Nom;;jupe;skirt;;;Clothing;;
wʋndlem;;Nom;ʋ́-é;le fait d'être sourd, surdité;being deaf, deafness;;;Disease;;
wʋnga;;Nom;ʋ́-à;sourd, malentendant;deaf person, deaf;;wʋmse, wʋnse;Sick, Person;tʋb-kɩda;
wʋnge;;Verbe;;assourdir;to make sb;;;;;
wʋrbo;;Nom;;récolte du riz;rice harvest;;;Agriculture;;
wʋre;;Verbe;ʋ́;couper (herbe);cut (grass);;;;;
wʋsg n yɩɩda;;expression;;maximale;maximum.;;;;;
Sẽn zẽk n yɩɩda, sẽn bedem wʋsge;;Verbe;ɩ́-è;être nombreux;be numerous, be many;;;;;
wʋsgo;;Adverbe;ʋ́;beaucoup, nombreux, trop, très, abondant;much, a lot, plenty, abundant, many;wɩsgo;;;yagre1;
wʋʋga;1;Nom;ʋ́-à;varan du Nil;Nile monitor lizard;;wʋʋse;Reptile;;
wʋʋga;2;Nom;ʋ́;fourreau;sheath, scabbard.;wʋʋgo;wʋʋse;;;
wʋʋge;;Verbe;;mouiller, être ramolli par le séjour dans l'eau;wet (get), get softer through soaking in water;;;;;
wʋʋla;;Adverbe;ɩ́-à;mal lavé (en parlant du corps);not well washed (speaking of the body);wʋla;;;;
-y;;Verbe;;particule de l’impératif (injonctif pour la deuxième personne pl.);imperative plural particle;yã;;;;
Come! y;;Pronom;ì;vous;"you (pl.) Y wa y zãng fãa bɩ? Vous venez tous ou bien ? Will all of you come? 2 • votre; your (pl.)";yãmb;;;;
ya;1;Verbe;à;être fatigué, se fatiguer;be tired, get tired;;yaada;;;
ya;2;Verbe;à;est (verbe copulatif);to be (equative), to be sth, is (copula);;;;;
ya;3;auxiliaire;à;enfin, finir par, finalement;finally, ultimately, after all;;;;yaase2;
yã;1;Verbe;á;voir, constater;see, take note;yãe;;;yãnde2;
yã;2;Pronom;á;vous (post verbal), forme moyenne du pronom 2ème personne du pluriel;you (pl.) after verb;;;;;
ya tɩ;;expression;à;dire que (avec insistance ou dire souvent que);say that (insistingly or often say that);;;;;
ya tɩlɛ tɩ;;expression;;il faut que, on doit;it is imperative that, one must;ya tɩlae tɩ;;;;
yaa;1;Verbe;;être, c'est;to be, it is;ya;;;;
yaa;2;interj;à;particule utilisée pour maintenir la communication avec l'interlocuteur, «oh»;particle used to maintain the attention of the interlocutor, «right»;;;;;
yaa;3;Adverbe;;évoque ce qui est bâillant, grandement ouvert (bouche);indicates yawning, largely open (mouth);;;;;
yaab tʋb-ragẽega;;Nom;;arrière grand-parent;great-grandparent;;;Relationships;;
yaab tʋb-ragẽ-poaka;;Nom;;arrière grand-mère;great-grandmother;;;Relationships;;
yaab tʋb-ragẽ-raoogo;;Nom;;arrière grand-père;great-grandfather;;;Relationships;;
yaab willa;;Nom;á- ì-á;ascendance, généalogie;ancestry, genealogy.;;;;;
yaaba;;Nom;á-á;grand-parent, ancêtre, aïeul, ascendant;grandfather or grandmother, grandparent, ancestor;;yaab-rãmba;Relationships;;
yãabo;;Nom;á-ó;le fait de voir, vision;seeing, vision;;;;;
yaab-poaka;;Nom;á;grand-mère;grandmother;;yaab-pogse;Relationships;;
yaab-raoogo;;Nom;á;grand-père;grandfather;;yaab-raado;Relationships;;
yaab-yẽnde;;Nom;á;dent de sagesse;wisdom tooth;;yaab-yẽna;Body;yaang yẽnde;
yãade;;Verbe;á;marcher en écartant les jambes;walk having the legs far apart;;;;;
yaadem;;Nom;á;enjambée, écartement de jambe, envergure, largeur;stride, wingspan, scope, width, breadth, distance, broadness;;;;;
yãadem;;Nom;á-é;enfance;childhood, infancy;;;;;
yãadem datem-wẽnga;;expression;;passions de la jeunesse;passions of youth.;;;;;
yãadem-bila;;Nom;;enfant qui souffre de malnutrition due à un sevrage précoce et brusque;child suffering from malnutrition due to stopping breastfeeding too soon and too abruptly;;yãadem-biya;Disease;;
yaadga;;Nom;á-á;habitant du Yaatenga;habitant of the Yatenga region;;yaadse;Community;;
yaadɩ;;Nom;á-ɩ́;viande flasque;meat that is flabby, droopy.;;;;;
yaado;;Nom;à-ó;cimetière, tombes;cemetery, tombs;;;Body;;
yaadre;;Nom;á-é;langue parlée par les yaadsé, dialecte du mooré;Yaadre language, Moore dialect.;;;;;
yãadre;;Nom;á-é;enfantillage;childishness.;;;;;
yãad-tʋʋma;;Nom;;enfantin;childish, childlike.;;;;;
yaafa;;Nom;à-á;grâce, pardon;grace, pardon, forgiveness, sorry, excuse;;;;kabre, maan-m sugri;
yaafe;;Verbe;à;pardonner, laisser passer;pardon, not take into account, to excuse sb., let them go by;;;;maan sugri;
yaafo;1;Nom;á-ó;termite (espèce);termite sp;yiifu, yiuufu, yiuuri;yiu;Insect;yiifu;
yaafo;2;Nom;;éphémère;mayfly, ephemerides;yiuufu, yiifu;yiu, yiuwa, yu;Insect;yuufu;
yaaga;;Nom;á-à;panier, corbeille;basket;yãaga;yaase;Container;gũndgu, tɛɛga;
yãaga;1;Nom;ã́-à;gamin, enfant, gosse;brat, tiny tot, child, kid, brat;;yãase;;;
yãaga;2;Nom;á-à;petite natte servant à piéger les poissons;small mat used to catch fish;;yãase;Tool;;
yaage;1;Verbe;à;sortir une chose d'un liquide, enlever d'un liquide;to fish / scoop sth;;ya, yaase;;;
yaage;2;Verbe;á-è;écarter, espacer;to ward off, avoid, put aside, put away, open, space out;;yaase;;yange1;
yãage;2;Verbe;á-è;étirer une chose élastique, tirer;stretch an elastic thing, pull;;yã;;;
yaagre;1;Nom;á-é;le fait d'écarter;taking aside, putting away / aside, opening up.;;;;;
yaagre;2;Nom;à-é;le fait de sortir une chose d'un liquide;taking something out of a liquid.;;;;;
yãagre;;Nom;á-é;le fait d'accompagner;accompanying, escorting, coming along with.;;;;;
yaale;1;Verbe;à;réduire à la misère, perdre sa valeur;reduce to misery, lose the value;;;;;
yaale;2;auxiliaire;;cependant, et pourtant;however, even so, yet;;;;yaoole3;
yaalga;;Adjectif;á;sans valeur, sans dignité, sans importance, vulgaire;worthless, without dignity, unimportant, vulgar, coarse, no-good, no-count;;yaalse;;yalenga2;
yaalgo;;Nom;à-ó;le fait d'embêter;annoying, bothering;;;;;
yaal-yaale;;Adverbe;á;un petit peu, comme-ci comme-ça;a little bit, like this like that, back and forward;;;;yood-yoodo;
yaam-bila;;Nom;à-í;rein;kidney;;yaam-biisi;Body;yiimdi;
yaamde;1;Verbe;á-è;bâiller;to yawn;;yaamse, yaame;;;
yaamde;2;Verbe;à;détacher à l'endroit fourchu en tirant;detach at the forked place by pulling;;yaame;;;
yãamde;;Nom;á;plantes, feuilles cueillies, écorces dont on fait une décoction, décoction, tisane;plants, gathered leaves, bark of which one makes a brew, decoction;;;;;
yaam-sabga;;Nom;;espèce de plante;kind of plant;;;Grass, herb, vine;;
yaamse;1;Nom;á;fatigue;tiredness, fatigue, wariness;;;;;
yaamse;2;Verbe;à;dire «salut» pour saluer quelqu'un le soir ou quelqu'un que l'on revoit dans la même journée;Say «hi» to somebody in the evening or to somebody for the second time in the same day;;;;;
yaamse;3;expression;;salutation du soir ou à une deuxième rencontre;greeting for the evening or for a second encounter;;yaams-yaamse;;;
yaams-yaamse;;interj;;espèce de salutation (deuil);kind of greeting (bereavement).;;;;;
yãanem;1;Nom;;malnutrition due à un sevrage brusque par suite d'une nouvelle grossesse;malnutrition due to a sudden weaning in case of new pregnancy;yãadem;;Disease;;
yãanem;2;Nom;á;oxydation;oxidation.;;;;;
yaang yẽnde;;Nom;á;dent de sagesse;wisdom tooth;;;Body;yaab-yẽnde;
yaanga;1;Nom;á-à;Est, levant;east, Orient;;yaanse;;;
yaanga;2;Nom;á-à;fond;ground, far end, bottom;;yaanse;;;
yãanga;1;Adjectif;á-á;femelle adulte, femelle ayant mis bas;female (adult);;yãamse, yãanse;;;raoogo1
yãanga;2;Adjectif;á-á;grave, profonde (voix);deep (voice);;yãamse, yãanse;;;
yaangintĩimdi;;Nom;;horizon;horizon, skyline;;;Land;nenem toaaga, sa-gãn-noore;
yaare;1;Adverbe;à-é;par / au hasard, fortuitement;by chance, luck, at random;;;;;
yaare;2;Adverbe;;sans but précis, non planifié;aimlessly, unplanned;;;;;
yaare;3;Nom;;absence de gêne et de retenue, désordre, chaos;absence of discomfort and self-control,mess, untidiness, chaos;;;;;
yaare;2;Adjectif;à-é;sans gêne;without discomfort, without inhibition;;yaya;;;
yaare;3;Nom;à-è;petit marché;small market.;;yaar-dãmba;;;
yaarem;;Nom;;gros cristaux de sel;big salt crystals, rock-salt.;;;;;
yaas noore;;Verbe;;provoquer, importuner;provoke, pester;;;;no-baoosem;
yaase;1;Verbe;à;s'arrêter;stop, to pull up;yãase;;;yalse;"zaoonde; synonyme: yalse"
yaase;2;Verbe;;enlever d'un liquide;take away from a liquid;;;;ya4;
yãasenga;;Adjectif;à-è-á;rugueux, dentelé;rough in texture, coarse, indented;;yãasense;;;
yaas-gõmde;;Nom;á-ò-é;angle aigu;acute angle, pointed angle;;;Mathematics;;
yaasr sʋg-pʋɩtga;;Nom;á ʋ́-ʋ́ɩ-á;bissectrice;angle bisector, bisecting line of an angle;;;Mathematics;;
yaas-raeere;;Nom;á-àe-é;angle obtus;obtuse angle;;;Mathematics;;
yaasre;;Nom;á-é;fourche, endroit où prend naissance une branche;bifurcation, place where a branch goes away;;yaasa;Mathematics;;
yaas-sasre;;Nom;;angle plat;flat angle;;yaas-sasse;Mathematics;;
yaas-selle;;Nom;;angle droit;right angle;;;Mathematics;yaas-susga;
yaas-sus-bẽesdga;;Nom;;équerre;set-square;;;Mathematics;yaas-sus-makdga;
yaas-susg kog-tãabga;;Nom;;triangle rectangle;rectangular triangle;;;Mathematics;;
yaas-susga;;Nom;á;angle droit;right angle;;;Mathematics;yaas-selle;
yaas-sus-makdga;;Nom;á-ù-á-à;équerre;set-square;;;Mathematics;yaas-sus-bẽesdga;
yaas-susus yaremde;;Nom;á;rectangle;rectangle;;;Mathematics;;
yaas-tots rulga;;Nom;á ò ú-à;diagonale;diagonal;;;Mathematics;;
yaba;;Nom;;bananier;banana palm;;yabse;Tree;banand tɩɩga;
ya-bãka;;Nom;à-á;grand trou à la surface du tombeau;big hole at the surface of the tomb.;;ya-bãgse;;;
yab-biiga;;Nom;;banane;banana;;yab-biisi;Food;;
yãbe;;Verbe;á;pleurer, crier, bêler;weep, cry, bleat, complain;;;;;
yã-beed soaba;;Nom;;glouton;glutton.;;;;;
yã-beedo;;Nom;;gourmandise, gloutonnerie;greed, greediness, gluttony;;;;yãoodo1;
yãbga;;Nom;à-á;ceinture ornementale d'un danseur de «warba»;ornamental belt of «warba» dancer;;yãbse;Adornment;;
yãbge;;Verbe;;écarter;force apart, splay;;yãabe;;;
yãbre;1;Nom;;chancre;canker;;yãba;Disease;ãbre;
yãbre;2;Nom;á-è;pleurs, le fait de pleurer;crying, weeping;;;;kɛlenga, kũnkũma;
yãbse;;Verbe;;faire pleurer;to make sb;;;;;
ya-bulga;;Nom;à-ú;tombe étroite dont l'ouverture est circulaire;narrow tomb with circular opening.;;ya-bulsi;;;
yãda-yãda;;Adverbe;à;manière de marcher (comme un canard);manner of walking (like a duck);;;;pãa-pãa;
yadbre;;Adjectif;à;exagérément large (en parlant de la bouche);very wide (speaking of mouth);;yadba;;;
yadge;;Verbe;;étaler, mettre à sécher;spread, put to dry;yɛdge;;;rɩɩme, rɩɩme;
yãdge;2;Verbe;;aggraver;aggravate, worsen;;;Disease;;booge1, sãooge, yolse
yãdge;;Verbe;ã̀;attiser;fan the flames, feed (the fire);;;;;
yãdgre;;Nom;;aggravation;aggravation, amplification;;;Disease;;yolsgo
yae;;interrogatif;à;où?;where? Fo dabda yae? Où vas-tu? Where are you going?».;yɛ;;;;
yaẽ;;Verbe;;serait, était (irréel);would be, were;yaeẽ;;;;
yag zĩri;;expression;;mentir, dire un mensonge;to lie, to tell a lie;;;;;
yãga;;Adverbe;à;de manière cafouillé, enchevêtrée;messy, chaotic, confusing, entangled;;;;;
yag-biiga;;Nom;à-í;banane;banana;;yag-biisi;Food;;
yagbo;1;Nom;á-ò;mensonge, le fait de mentir;lie, lying;;;;pʋ-yagbo;
yagbo;2;Nom;á;façonnage de la poterie;fashioning pottery.;;;;;
yãgbo;1;Nom;á;le fait de se presser, vitesse;being in a hurry, speed;;;;;
yãgbo;2;Nom;á-ò;le fait de briller;shining.;;;;;
yãgbre;;Adverbe;á-é;rapidement, vite;rapidly, speedily, swiftly, fast, quickly;;;;;
yagda;1;Nom;á-á;menteur;liar;;yagdba;;ko-wãada, pʋ-yagda, zĩrẽ-be-neda;
yagda;2;Nom;;potière, potier;potter.;;yagdba;;;
yãgda;;Nom;;celui qui est trop pressé;the one who is in a hurry;;;;;
yãgdem;;Adjectif;;urgent, empressement;urgent;;yãgdɩ;;;
yagdga;;Nom;á;joue;cheek;yegdga, yɛgdga, yagdre;yagdse;Body;yegre1, yagre2, yɛgdga;
yagdo;1;Nom;á;poterie, argile;pottery, clay.;;;;;
yagdo;2;Nom;á;corpulence;corpulence, stoutness;;;;;
yagdre;;Adverbe;á-é;tôt le matin;early in the morning;;;;;
yage;1;Verbe;à;modeler, façonner la poterie, mouler;to pot, be a potter, mould clay pots, make pottery, to model;;;;;
yage;2;Verbe;á-è;mentir;lie, tell a lie, slander;;;;porme;
yãge;1;Verbe;á;briller beaucoup, éblouir, luire;to flash, make lightning, shine, glitter, dazzle, glow;;;;;
yãge;2;Verbe;à;dépêcher, être pressé, se presser, urger, hâter, précipiter;to be in a hurry, hasten, rush, be busy;;;;;
yãge;3;Verbe;á;clôturer;to enclose an area, closing in, make an enclosure (enclosed space);;;;;
yagemde;;Verbe;à;rester accroché;to hang, be hanging (as: on a hook), stay hooked on, remain hung up;;;;;
yãgemde;;Verbe;á-è;faire un éclair;to make a flash of lightning, flashing of lightning;;yãge;;;
yagenga;;Nom;á-é-á;descendant, petit-fils ou petite-fille, neveu, nièce;descendant, grandchild, grandson, nephew, niece;;yagense;Relationships;pʋɩgdenga;
yagen-taaga;;Nom;;personne ayant les mêmes grands-parents;person having the same grandparents.;;yagen-taase;;;
yagen-tʋb-ragẽega;;Nom;;arrière petit-enfant;great-grandchild;;;Relationships;;
yagen-tʋb-ragẽ-poaka;;Nom;;arrière petite-fille;great-granddaughter;;;Relationships;;
yagen-tʋb-ragẽ-raoogo;;Nom;;arrière petit-fils;great-grandson;;;Relationships;;
yagen-willa;;Nom;;descendance;descendant, offspring, descendants, successor;;;Relationships;yagense;
yagle;;Verbe;;accrocher, suspendre;to hang sth;;;;;yake1
yaglem;;Nom;à-é;voisinage;neighbourhood, vicinity, proximity;;;;yakemdo, yak-n-taaga;
yãgme;1;Verbe;à-è;amalgamer;amalgamate, mix, mingle, intermix;;;;;
yãgme;2;Verbe;à-è;marcher vite, accélérer;walk quickly, fast, speed up, accelerate;;;;;
yãgne;;Verbe;;être pressé, se presser;hurry up, rush, speed up, be busy.;;;;;
yãgnem-yãgnem;;Adverbe;à;d'un pas pressé;walking in a rush.;;;;;
yãgnem-yãgnem;2;Nom;;pluralité, pluriel;plurality, plural.;;;;;
yagre;2;Nom;á-è;joue;cheek;yegre;yaga;Body;yɛgdga, yagdga;
yãgre;;Nom;á-è;clôture, enclos;closing, enclosure, pen;;yãga;;bãgre1, zĩig sẽn gũbgi, wubri1;
yãgsa;;Nom;;vomissure;vomiting, vomit;;;;wʋbdo;
yã-gʋlenga;;Nom;;gros intestin;large intestine;;;Body;yã-raoogo;
yãg-yãge;;Adverbe;à;avec précipitation;hasty, in a rush;;;;;
yãg-zugu;;Nom;;sinusite;sinusitis;;;Disease;;
yãk noore;;expression;;décider;to decide, make up one's mind.;;;;;
yaka;1;Nom;à-á;voisin, ton prochain;neighbour, fellow human being;;yagse;;;
yaka;2;Nom;á;argile;clay;;;;;
yaka;3;Adjectif;á;fourchu;forked;;yagse;;;
yaka;4;Adjectif;á-à;nombreux;numerous, many, plenty, in numbers.;;;;;
yãka;;Nom;ã̀-á;gazelle à front roux;red-fronted gazelle;;yãgse;Mammal;;
yãk-beendem;;Nom;á-é-é;décomposition soustractive;subtraction decomposition;;;Mathematics;;
yake;1;Verbe;à;décrocher, enlever ce qui est suspendu;take down (sth;;yagse;;;yagle
yake;2;Verbe;à;se rejoindre, se recouper;rejoin;;;;;
yake;3;Verbe;;se lever tôt;get up early;yage;;;;
yãke;;Verbe;ã́-è;enlever une chose, trier, choisir, désigner, voter;take away one thing, choose, pick out, elect, select, sort out;;yãgse;;;
yakemde;1;Nom;á;écartement d'angle des pieds ou des mains;opening angle / distance between feet or hands;;yakma;;;
yakemde;2;Nom;á;syllabe;syllable;;;;;
yakemdo;;Nom;;voisinage, proximité;neighbourhood, vicinity, proximity;;;;yaglem;
yãkem-yãkem;;Adverbe;;bruit de mastication;noise of chewing / crunching;;;;;
yã-kinkirga;;Nom;à-ì-í-à;appendice;appendix, appendicitis.;;yã-kikirsi;;;
yak-n-taaga;;Nom;à-á-á;co-voisin;fellow neighbour;;yak-n-taase;;yaglem;
yak-n-taare;;Nom;à-á-é;cohabitation;flat share, share house / apartment / flat;;;;;
yako;;Nom;;forme;form, shape.;;;;;
yakre;;Nom;à-é;le fait d'enlever ce qui est suspendu;taking down something hooked up.;;;;;
yãkre;;Nom;á-é;le fait d'enlever une chose, retrait;taking one thing, withdrawal;;;;;
yalẽ;;Nom;à-é;nature, essence, caractère, âme;nature, essential, being, character, soul;;;;halhaale;
yalẽ wilgda;;Nom;à-é ì-á;adjectif qualificatif;adjective;yalg wilgda;;;;
yalem;1;Nom;á;un idiot;idiot, fool, silly person.;;;;;
yalem;2;Nom;à-é;largeur, étendue, superficie, surface;width, distance across, breadth, size, expanse, dimension, extent, surface.;yarem;;;;
yalemdo;;Nom;á-ó;sottise, idiotie, le fait d'être idiot, bêtise;foolery, silliness, folly, idiocy, stupidity;;;;zolemdo;
yalenga;1;Adjectif;à-á;large, étendu, vaste;broad, wide, spacious, vast, huge;;yalemse;;;
yalenga;2;Adjectif;á;sans valeur, sans importance;worthless, without importance, unimportant, no-good, no-count;;yalemse;;yaalga;
yalenga;3;Nom;à-é-á;adjectif;adjective;;yalense;Grammar;;
yaleng-yalenga;;Adverbe;á-é-á-é-á;facilement, sans complication, sans besoin d'aller loin;easy, without complication, no need to go far away.;;;;;
yalg wilgda;;Nom;á ì-á;organe de sens;sense organ, organ of perception, sensory organ;;;Body;;
yalga;;Nom;á-à;qualificatif;determinative, determiner.;;;;;
yalge;;Verbe;;élargir, agrandir;to widen sth., broaden, expand, enlarge, extend;;;;;
yalgenfo;;Nom;á;poisson (espèce);fish sp;yagemfo;yalgma;Fish;ka-noore;
yalgen-sablga;;Nom;;poisson (espèce);fish sp;;yalgen-sablse;Fish;;
yalle;;Nom;á;blatte, cafard;cockroach, beetle, roach;;yala;Insect;kakenyalle, kak-yalle;
yalma;;Nom;á-à;un idiot, bête;a fool, idiot, stupid person;;yalemse;;zalle2, zolgo, beoko2;
yalme;1;Verbe;á-è;maltraiter, martyriser, torturer;mistreat, ill-use, maltreat, torture;;;;;
yalme;2;Verbe;;être large, étendu, spacieux;to be wide, be large, vast, spacious;;;;;
yalme;3;Verbe;á-è;faire la misère, mener une vie de misère;live a miserable life, being miserable.;;;;;
yalse;;Verbe;à;se tenir debout;stand upright;;;;"yaase1; antonyme: zaoonde";zaoonde
yalsg zĩiga;;Nom;;lieu de stationnement;parking space, car park, parking lot, stationing.;;;;;
yalsgo;;Nom;à-ó;arrêt, le fait de s'arrêter, rupture, division, séparation brusque d'une chose solide;stopping, cessation, stop, breach;;;;;
yals-n-gɛsga;;Nom;;bilan;balance sheet, outcome, assessment, report;;;;laog-geelgo;
yam;1;Nom;á;intelligence, ruse, astuce, perspicacité, sagacité, sagesse, pensée;intelligence, wisdom, wile, craft, ruse, cleverness, dodge, perspicaciousness, knowingness, power of deduction, mind, sense, idea;;;;;
yam;2;Nom;á;vésicule biliaire, bile;gall bladder, bile;;;Body;;
yam bʋgsg soaba;;Nom;;sage;wise person.;;;;;
yam daabo;;Nom;;intention;intention.;;;;;
yam tʋntʋmda;;Nom;;intellectuel;intellectual;;;;yẽesem-dãmba, seb-mita;
yam wekr sõasga;;expression;;causerie-conscientisation;awareness talk;;;Language and thought;;
yam yiisgu;;Verbe;;dégoûter, faire perdre l’appétit, fait d’avoir marre;disgust, make loose one's appetite;;;;yidg yam1;
yama;;Adverbe;á;à côté, à proximité;next to, close by, near, nearness.;yambã, yambẽ;;;;
yãma;;Adverbe;;tout neuf;completely new;;;;yoama;
yãmaku;;Nom;;gingembre;ginger;yãama-ku;;Food, Grass, herb, vine;;
yãma-yãma;;Nom;à;ordures, saletés, bric-à-brac;thrash, rubble, waste, refuse, garbage, dirt, litter, lumber, rubbish, miscellaneous, odds-and-ends;yama-yama;;;;
Yãmb baoobã ka wom biis ye;;expression;;Votre recherche n'a donné aucun résultat;Your search yielded no results;;;computer / digital;;
Yãmb koɛɛgã tʋmame tɩ kẽnge;;expression;;Votre message a été envoyé;Your message has been sent;;;computer / digital;;
yamba;;Nom;à-á;esclave;slave;yɛmbga;yembse;;yɛmbga;
yãmba;;Pronom;ã́-à;vous;you (pl.) Yãmb n yeele;yãmb;;;;
yambẽ;;Adverbe;;à côté, à proximité;next to, near by, close by;yama;;;;
yãmbe;;Verbe;à;occuper, encombrer;occupy, to cause an obstruction;yãmbge;;;;
yãmbgo;;Nom;;occupation;occupation.;;;;;
yambo;;Nom;á;fourrage, foin;fodder, hay.;;;;;
yãmbse;1;Verbe;;vouvoyer;to address somebody formally;;;;;
yãmbse;2;Verbe;á-è;faire convoiter;cause to covet, hanker;;;;;
yam-dãmba;;Nom;;sages;wise people;;;;yẽesem-dãmba;
yam-daoogo;;Nom;;astuce (souvent pour avoir les autres);cleverness, artfulness, dodge, clever trick.;;;;;
yãmde;;Nom;á;chaîne, collier;chain, necklace.;;yãma;;;
yamdga;;Adjectif;á-á;intelligent, éveillé;intelligent, clever, awake;;yamdse;;;
yamdo;;Nom;á;foin, fourrage;hay, fodder;;;;wãmneg zĩiga, kɩʋʋngo;
yãme;;Verbe;;picoter, grouiller, fourmiller;tingle, prickle, sting, smart;;;;;
yam-koom;;Nom;a-òó;bile;gall;;;Body;;
yamleo-gõaada;;Nom;á-éo-ó-á;touriste;tourist.;;yamleo-gõa adba;;;
yamleo-gõore;;Nom;á-éo-ó;tourisme;tourism, sightseeing;;;;gõodem;
yamleoog tʋmda;;Nom;;volontaire;volunteer;;;Worker;;
yamleoogo;;Nom;á-éo-ó;désir, envie, passion, volonté, appétit, plaisir;want, lust, wish, desire, passion, enjoyment, enthusiasm, will, craving;;yamleedo;;tɩlass;
yãm-lorgo;;Nom;;espèce de figuier;kind of fig tree;;;Tree;;
yampaleoogo;;Nom;;désintéressement;unselfishness, disinterestedness, altruism.;yam-yiibu;;;;
yam-sãbse;;Nom;;espèce de plante;kind of plant;;;Grass, herb, vine;;
yamsem;;Nom;à-é;sel;salt;;;Food;;
yams-neere;;Nom;;pierre à lécher;lick-block;;;Animal husbandry;kug-lɛlemdga;
yams-nifu;;Nom;;trou laissé par une épine dans le pied;hole caused by a thorn in the foot;;yams-nini;Disease;;
yam-soaba;;Nom;;sage (personne);wise person.;;yam-dãmba;;;
yams-sɩɩdo;;Nom;à;sucre;sugar;yamsem sɩɩdo;;Food;;
yam-wãbda;;Nom;;herbivore;herbivore.;;;;;
yãm-yãme;;Adverbe;á;picotement;stinging, smarting, tingling;;;;;
yam-yĩmsim;;Nom;á-í-í;amnésie, perte de mémoire;loss of memory, amnesia;;;;yĩmsgu;
yam-yoogo;;Nom;;hésitation;hesitation, hesitancy.;;;;;
yãnde;1;Nom;à-é;honte;shame, disgrace;;;;;
yãnde;2;Verbe;;voir;to see;;;;yã1;
yãnde;3;Nom;á;maladie de la peau qui fait des tâches claires;skin disease that causes clear blotches;yãmde, yãndfo;;Disease;yẽndre;
yandem;;Nom;;espèce de plante;kind of plant;;;Grass, herb, vine;;
yandge;;Verbe;à;enjamber en écartant les jambes;to stride, straddle, step over;;;;;
yãndme;;Verbe;à;marcher en écartant les jambes;walk with splaying legs;;;;;
yãnd-tɩɩga;;Nom;;arbre (espèce);tree sp;;;Tree;bale-sãoogo, kʋmbrsaka;
yange;1;Verbe;à;écarter;to spread things apart, set at an angle, put away, put aside, force apart, splay;;yamse;;yaage2;
yange;2;Verbe;á-è;s'approcher de la bonne cuisson, cuire presque suffisamment, arriver à point;get close to cooked enough, almost cooked enough.;;;;;
yãnglga;;Adjectif;à-ə́-à;haut sur pattes et squelettique;high on its feet and skeleton-like;yãonglgo;yãnglse;;zʋnglgo;
yãnme;;Verbe;á-è;marcher à quatre pattes;creep, crawl on all fours;;;;;
yao;1;Nom;á;cadet (frère ou sœur), frère ou sœur cadet(te);younger sibling;yaoa;yapa, yaopa;Relationships;;
yao;2;Verbe;á;payer;to pay, pay for;;;Money;;
yao;3;Verbe;áo;s'approcher du but;get closer to the aim;;;;;
yão;1;démonstratif;;ce, celui-ci, celle-ci;this, this one;;;;ada;
yão;2;Nom;áo;met fait de farine de mil et de feuilles cuit à la vapeur;dish with millet flour and leaves (steamed);;;Food;kʋɩlʋ, kʋɩlʋ;
yao samde;;expression;;rembourser;pay back, repay, reimburse, redeem a loan;;;;lebs samde;
yaoa;;Nom;;petit frère, petite sœur cadet, cadette du même sexe;younger sibling or cousin of the same sex, junior sibling;yao;;Relationships;;kẽema
yãoã;;Pronom;à-á;celui-ci, celle-ci;this one;yãoondã, yãwã;;;kada;
yão-beedo;;Nom;ào-é;gloutonnerie;gluttony;;;;katem;
yao-bi-pugla;;Nom;á-ú-á;sœur cadette;younger sister;;yao-kom-pugl i, yap-kom-bipugla;Relationships;;
yao-bi-ribla;;Nom;á-í-á;frère cadet;younger brother;;yao-kom-dibli, yap-kom-bidibli;Relationships;;
yaolengo;;Adjectif;ào-ó;large, vaste, étendu;broad, vast, spacious;;yalemse;;;
yaolsg gɩdgre;;Nom;;Panneau arrêt et stationnement interdits;no stopping;;;7;;
yaoob kaset sebre;;Nom;;reçu;receipt;;;Money;raab kaset sebre, raab kaset sebre, kaset sebre;
yaoobo;;Nom;áo-ò;le fait de payer (de remettre de l'argent);paying.;;;;;
yaood dɛɛgda;;Nom;;collecteur de taxes ou d'impôts, péager;tax collector.;;yaood dɛɛgdba;;;
yaoodo;;Nom;áo-ò;salaire, paie;salary, pay, wages;;;Money;;
yãoodo;1;Nom;ã́;gourmandise, gloutonnerie;greed, greediness, gluttony;;;;yã-beedo;
yãoodo;2;Nom;;boyaux, intestins, entrailles;guts, insides, intestines, entrails;;;Body, Parts of an animal;;
yaoofo;;Nom;áo-ó;éphémère, termite aillée;mayfly, winged termite;;yiu;Insect;;
yaooga;;Adjectif;ào-á;tardif, tardive;late, late-stage;yaoogo;yaoose;;;
yaooge;;Verbe;áo-è;rendre service à, secourir, aider;do a service to, relieve, help, assist, rescue sb;;;;;
yaoogo;;Nom;à-ó;tombe;grave, tomb.;;yaado;;;
yãoogo;1;Nom;áo;intestin, boyaux;intestine, guts, entrails, bowel;;yãado;Body;;
yãoogo;2;Nom;áo-ò;poitrine, thorax;chest, thorax;;yãado;Body;;
yãoogo;3;Nom;áo;gourmandise;greediness, greed, gormandising;;;City;;
yaool n waga;;Nom;;retardataire;latecomer;;;;yaool-n-waanga;
yaoole;1;auxiliaire;à-é;faire ensuite, après, continuer à faire;do next / , go on to ..., do ..;;;;;renge
yaoole;2;Verbe;a/o-e`;consoler, bercer, prendre soin (d'un enfant);comfort, console, lull, dandle, take care of (a child), soothe to sleep, amuse (an infant);;;;;
yaoole;3;auxiliaire;ào;cependant, et pourtant;however, even so, yet;;;;yaale2;
yaoolem;;Nom;;fin, final;end, final;;;;;
yaoolem daab wilgr sebre;;Nom;;testament;will, testament.;;;;;
yaoolge;;Verbe;áo-è;taxer, faire payer, condamner à payer;to charge sb., make sb;;;;;
yaool-n-waanga;;Nom;ào-à-á;retardataire;latecomer;;yaool-n-waan se;;yaool n waga;
yãoondã;;Pronom;ã̀-ó-ã́;celui-ci, celle-ci;this one.;yãoã, yãoonde;;;;
yãoone;;Verbe;;plier, rétrécir;fold, make smaller, shrink;;;;;yõdge2, põdge
yaoore;;Nom;ào-é;termitière (des termites dont les ailées sont comestibles);termite hill, termite mound, termite's nest;;yaoa;Insect;kẽnkẽbre, bɩmbɩʋlgo;
yaoore tãmbeko;;expression;;termitières;termite mound;;;;bɩmbɩlga;
yaoor-ma;;Nom;;reine (mère) termitière, reine des termites;termite queen;yaoor yaaba;yaoor-ma-rãmba;Insect;;
yãoose;;Verbe;ào;marcher en faisant des grands pas et en levant haut les jambes, marcher énergiquement et lestement;walk with big steps and lifting the feet high, walk energetically and agilely.;yãoosme;;;;
yão-roogo;;Nom;á-ó;cage thoracique;chest, ribcage, thorax;;;Body;;
yão-vabga;;Verbe;áo-à;à plat ventre;flat on one's stomach /chest, prostrated;yã-vabga;yão-vabse;;zãmbɛɛla, vãvãbdo;
yão-wʋʋga;;Nom;áo-ʋ́-à;fille ou femme ayant la poitrine plate, sans seins;girl or woman having a flat chest, without much breast volume.;yã-wʋʋga;yão-wʋʋse;;;
yao-zʋʋga;;Nom;;benjamin, le plus petit, le plus jeune, le moins important;the smallest, the least important, youngest;;;Relationships;nugẽ biiga;
yã-raoogo;;Nom;;gros intestin;large intestine;;yã-raado;Body;yã-sagbo, yã-gʋlenga;
yardo;;Nom;;confiance, foi;trust, belief, faith;;;;;
yare;1;Verbe;á;écarter très largement;to spread sth;yarge;;;;
yare;2;Verbe;à;faire pleinement confiance;trust fully;;;;;
yãremde;;Nom;;quadrilatère;quadrilateral, quadrangle;;;Mathematics;;
yãrem-pesre;;Nom;á;trapèze;trapeze;;;Mathematics;;
yãrem-pes-selle;;expression;;trapèze rectangle;rectangle trapezium;;;Mathematics;;
yarga;;Nom;á-à;fraction du peuple moose d'origine mandé;fraction of Mossi people of a Mande origin;;yarse;Community;;
yãrga;;Nom;á-à;tableau grille;table, chart, list;;;Mathematics;;
yãrge;1;Verbe;á-è;crier sur quelqu'un;shout at somebody;;yãre;;;
yãrge;2;Verbe;á-è;devenir rugueux;become rough;;yãre;;;
yãrsenga;;Adjectif;à-è-á;rugueux, dentelé;rough, indented, jerky;yãrsga;yãrsense;;;
yar-yãamde;;Nom;;plante (espèce);plant sp;;yar-yãama;Grass, herb, vine;tũmapʋwuka;
yãr-yãre;;Adverbe;à;qui a des aspérités;that is bumpy, uneven;;;;;
yã-sagbo;;Nom;;gros intestin;large intestine;;;;yã-raoogo;
yase;;Verbe;;se tenir debout, être là;stand, be there;;;;;
yasge;;Verbe;;casser à l'endroit fourchu en tirant;break at the forked place by pulling;yesge;;;wosge;
yasre;;Nom;á;position, taille;position, size;;;;rɩglgo;
yã-tõaanega;;Nom;;intestin grêle;small intestine.;yã-tõonega;yã-toonese;;;
yã-yã;;Adverbe;à;de manière saccadée;jerkily, fitfully;;;;gãg-gãge;
ye;1;numéral;é;un;one;yembre;;;yembo, sembo;
ye;2;auxiliaire;é;deuxième partie de la marque de la négation, ne ..;;;;Grammar;;
ye;3;auxiliaire;é;encore, de nouveau;again, still, once more;yeb;;;le1, lebe2;
ye;4;auxiliaire;é;pourvu que, simplement;so long as, let's hope, simply;yeeg;;;we, fe;
ye;5;conjonction;é;que (conjonction de subordination avec «je»);that, subordination conjunction with «I»;;;;;
yẽ;1;Pronom;é;il, le , lui, (forme emphatique du pronom de 3ème personne singulier);he, she, him, her;a;bãmba;;yẽnda;
yẽ;2;Verbe;è;curer;cleanse;;;;;
yẽ;3;Verbe;è;produire, donner sous terre, multiplier;produce (as: a tuber, ground-nut) under the earth, grow in the soil, grow underground;;;;;
yẽ;4;Verbe;è;pêcher (en prenant le poisson directement à la main);fishing (by catching the fish with the hand);;;;;
yẽ;5;auxiliaire;é;quant à (forme d'insistance);in respect to, regards, as for, as to;;;;;
yẽ;6;Adverbe;;oui mais;yes but;;;;;
ye yaa;;interj;é-à;écoutez, votre attention s'il vous plaît;listen, your attention please;;;;;
yẽbe;;Verbe;è;coucher avec, avoir des rapports sexuels avec (vulgaire);sleeping with, have sexual intercourse with (vulgar), to fuck;;;;lagme;
yẽbga;1;Nom;ẽ́-à;crocodile, caïman;crocodile;;yẽbse;Reptile;;
yẽbga;2;Nom;é-à;espèce de maladie résultant d'une inflammation des ganglions du cou;kind of disease resulting from neck ganglion inflammation;;yẽbse;Disease;;
yẽbge;1;Verbe;é-è;entamer les bases d'une construction;begin the foundation of a construction, to lay foundation, to found;;yẽebe;;;
yẽbge;2;Verbe;è;faire à nouveau en reprenant au début;do again starting from the beginning, redo;;;;manege3, lebe2;
yẽbge;3;Verbe;è;pousser, encourager;push to do, encourage to do;;;;;
yẽbgre;;Nom;;bases, fondement, commencement, implantation;foundations, beginning;;;;tiligri, viuglg zĩigã;
yẽbre;1;Nom;é-è;fondation;foundation;yẽbgre;;;;
yẽbre;2;Nom;é-è;vulve (vulgaire);vulva (vulgar);;yẽba;Body;poglem, kɩnde, zigri2;
yẽbse;1;Nom;è-è;parotidites, maladie (espèce);parotitis, kind of disease;;;Disease;;
yẽbse;2;Verbe;è;faire saillir (vulgaire);copulate with a female;yẽblge;;;;
yedbre;;Nom;é;clavicule;clavicle, collar-bone;;yɛdba;Body;kedbre2;
yẽde;1;Verbe;è;obstruer, boucher;clog, block, plug up, fill up, restrict;yĩdi;;;pigi;
yẽde;2;Verbe;è;se passer après et en absence de;to happen after and in absence of;wẽdge;;;yõde2;
yẽde;3;auxiliaire;è;s'y mettre pour;do in order to.;;;;;
yẽdemde;;Adjectif;é;bouché, comblé;clogged, stopped, packed;;yẽdma;;;
yẽdga;;Nom;è-á;anus, cul, postérieur;anus, ass-hole, buttock, behind;;yẽdse;Body;sɛ-nifo, saeega2, saeega1;
yedge;;Verbe;è;couler le long de;to slide down sth., run down;yɛdge;yeede;;;
yẽdge;1;Verbe;è;compléter, ajouter pour atteindre le prix;supplement, complete to attain the full price;;;;;
yẽdge;2;Verbe;è-è;déboucher;unblock;;;;;
yẽd-killi;;Nom;è-í;fesse;buttock, cheek;;yẽd-kila;Body;parkilli, kɩgbre;
yẽd-kʋgdre;;Nom;;os iliaque;hipbone;;yẽd-kʋgda;Body;kɩɩl-kõbre;
yẽd-nifu;;Nom;è-í-ù;anus;anus, ass-hole;;yẽd-nini;Body;saeega1, sɛ-nifo, lɩd-nifu;
yẽd-nudimdi;;Nom;;rectum;rectum;;yẽd-nudma;Body;;
yẽdre;;Nom;;angoisse, peur, anxiété;anguish, fear, fright, anxiety.;;;;;
yee;1;Adverbe;é;particule d'insistance;particle stressing / emphasizing something;;;Grammar;;
yee;2;interj;é;«hé» dit à haute voix pour attirer l'attention;«Heh» said loudly to get people's attention;;;;;
yee;3;interj;é;utilisé dans les chants entre les morceaux de phrases;used to fill in in songs between bits of sentences;;;;;
yee;4;Adverbe;é;initiation du bruit que fait l'eau qui commence à bouillir;initiation noise of water that starts to boil;;;;;
yeebe;;Verbe;é-è;errer, vagabonder;err, roam, wander, tramp, moon around, ramble;;;;yeeme;
yeebgo;;Nom;;le fait d'errer, vagabonder;erring, roaming, tramping;;;;saabo1;
yẽedo;;Nom;é;pêche;fishing, fishery;;;Hunt and fish;zĩm-lobre;
yeeg;;auxiliaire;;pourvu que;as long as, let's hope that, provided that;ye;;;we, weeg, fe;
yẽega;;Nom;é;ongle;nail, fingernail;;yẽese;Body;;
yeege;;Verbe;è;(se) déshabiller;undress (self or sb.), take off clothes, remove a garment (single instance);;yeese;;;yeelge
yẽege;1;Verbe;è;curer;cleanse;;yẽ;;;
yẽege;2;Verbe;è;faire jour;to dawn, cracking of dawn;;;;;
yẽege;3;Verbe;;frôler, passer très près de;brush against, verge on, graze pass close by;;;;;
yẽege;4;Verbe;é;immobiliser quelqu'un en se mettant sur lui;immobilize somebody by being on top of him;;;;;
yeegre;;Nom;è-é;le fait de déshabiller;undressing.;;;;;
yeele;;Verbe;è;dire;to say.;;;;;
yeelge;;Verbe;è;(s') habiller, vêtir;to dress (self or sb.), clothe, to get dressed, to dress, to put on a garment;;;;yelge2;"yeege, yeese; synonyme: yelge2"
yeelgo;;Nom;è;le fait de dire;saying, speaking, telling;;;;yelsem;
yeelgre;;Nom;;habillement;clothing;;;Clothing;;
yẽemde;;Verbe;è;se racler la gorge;to clear one's throat;;yẽeme;;ẽemde;
yeeme;;Verbe;;errer, vagabonder;err, roam, moon around, ramble;;;;yeebe;
yẽene;;Verbe;é-è;insérer;insert;;;;;
yeere;;Nom;è-é;mâchoire;jaw, jawbone;;yɛya, yeese;Body;;
yẽere;;Nom;é-è;cadet, qui vient immédiatement après;younger brother or sister that comes immediately after / next, next brother or sister, sibling immediately next in birth-order.;;yẽya;;;
yẽesdga;;Nom;;mouchoir;tissue, handkerchief, hanky;;;;;yeelge
yẽese;1;Verbe;é-è;essuyer, effacer, nettoyer;wipe off, to wipe away, mop, towel, delete, erase, clean sth;;;;;
yẽese;2;Verbe;é-è;vouloir se décharger d'un travail sur quelqu'un d'autre;wanting to get somebody else to do the work;;;;;
yẽese;3;Nom;é;guillemets (griffes);quotation marks.;;;;;
yẽese;4;Verbe;;être éveillé, sage;be smart, intelligent, wise;;;;;
yẽesem;;Nom;è;fait d'être éveillé, dégourdissement, intelligence;alertness, being awaken, being bright, being smart, enlightenment, wakefulness;;;;;
yẽesem-dãmba;;Nom;;gens intelligents, intellectuels;intellectuals, intelligent people;;;Teach;yam tʋntʋmda, yam-dãmba;
yẽesem-soaba;;Nom;;personne intelligente;intelligent person, person full of understanding;;yẽesem-dãmba;Teach;;
yẽesenga;;Adjectif;è-á;dégourdi, éveillé, intelligent;smart, clever, bright;yẽesga;yẽesemse, yẽesense;;wɩsenga;
yẽesme;;Verbe;è;se rejeter mutuellement la responsabilité de l'exécution d'une tâche;to put on each other the responsibility to do a task;;;;;
yẽgdge;;Verbe;è;coincer;stick, clamp, jam, grip;yãgdge;;;;
yẽge;;Verbe;é;porter sur le dos ou le côté un enfant qui ne marche pas encore, s'occuper d'un nourrisson;carry on the back or on the side a child that doesn't walk yet, take care of a baby /nursling;;;;;
yẽgende;;Nom;é;racine;root;;yẽgna, yãga;Parts of a plant;yẽgre;
yegle;;Verbe;;(se) mettre à côté de;to put at the side of.;yɛgle;;;;
yẽg-lʋmbre;;Nom;è-ʋ́-è;tubercule;tuber;;;Food;;
yẽgme;;Verbe;é-è;marmonner;to mutter, mumble, buzz, hum, mutter;;;;;
yegre;1;Nom;é-è;joue;cheek;yagre;yɛga;Body;yɛgdga, yagdga;
yegre;2;Nom;;foyer;hearth, fire place for cooking.;yɩgre;;;;
yẽgre;;Nom;é;origine, original, source, provenance;origin;;;;sɩngdga, yẽgende;
yẽg-rɩtem;;Nom;è-ɩ̀-é;tubercules comestibles;edible tubers;;;Food;;
yeke;;Verbe;è;se rencontrer, intercepter;encounter, meet, intercept;;yegse;;;
yẽke;1;Verbe;;voler (oiseau);to fly (bird, bat);;;;yɩke;
yẽke;2;Verbe;è;prendre à la base;take at the base /root;;;;;
yekre;;Nom;è-é;le fait de rencontrer, rencontre;meeting, encountering.;;;;;
yel ka be;;interj;;il n'y a pas de problème;there is no problem;;;Language and thought;;
yel-bãnde;;Nom;;mystère, affaire particulière, extraordinaire, inouïe;mystery, special event, extraordinary case, unheard thing;;yel-bãna;;;
yel-beedo;;Nom;;malheur;woe, adversity, disaster, harm, difficult thing;;;;miskalle, yel-wẽnde;
yel-be-neda;;Nom;;malhonnête;dishonest person.;;;;;
yel-bũndi;;Nom;è-ú;proverbe, dicton, parabole;proverb, saying, adage, byword, dictum, parable;;yel-bũna;Teach;sɩɩlga, sɩɩlga;
yelbũndi;;Nom;è-ṹ;proverbe;proverb;yel-bũndi;yelbũna;;sɩɩlga;
yelge;1;Verbe;é-è;vanner, passer au vent;winnow, have the wind blow away the chaff;;yeele;;peme1;
yelge;2;Verbe;è;porter (vêtement);wear (clothes);;;;yeelge;
yẽlge;;Verbe;é-è;fondre;melt, smelt;;yẽene, yẽlse;;yẽnege;
yel-gɛta;;Nom;;superviseur;supervisor;yell gɛta;yel-gɛtba;;pʋg-n-gese;
yelgre;1;Nom;é-é;le fait de vanner, vannage;winnowing.;;;;;
yelgre;2;Nom;è-é;le fait de porter des vêtements;wearing clothes.;;;;;
yel-kels;;Nom;;curieux;curious person, inquisitive;;;;;
yell gɛta;;Nom;;superviseur, diacre;supervisor, deacon.;yel-gɛta;yell gɛtba;;;
yell soaba;;Nom;;responsable;responsible person, accountable person, person in charge.;;;;;
yell tɩɩm;;Nom;;solution;solution.;;;;;
yellã balbo;;Nom;é á-ò;analyse;analysis;;;;yellã wegsgo;
yellã tɩɩm;;Nom;é ɩ̀ɩ́;solutions proposées;proposed solutions, proposed suggestions.;yel-tɩɩm;;;;
yellã wegsgo;;Nom;;analyse;analysis;;;;yellã balbo;
yelle;;Nom;é;problème, affaire, chose, préoccupation, faute;problem, matter, thing preoccupation, mistake, word, business, palaver;;yɛla;;;
yel-lingdim;;Nom;;surprise, chose surprenante;surprise, surprising thing;;;;;
yelll;;Adverbe;è;mouvement de grande foule vers;moving of a crowd towards;;;;;
yel-pakre;;Nom;;problème, difficulté, danger;problem, difficulty, danger;;;;;
yelsem;;Nom;è-é;choses dites;things said;;;;yeelgo;
yel-solemde;;Nom;è-ó-é;chose mystérieuse, chose cachée, secret, mystère;hidden thing, mysterious thing, secret, mystery.;;yel-soalma;;;
yel-sõmde;;Nom;è-á;bienfait, bonne action;beneficial effect, good action;;yel-sõama, yel-sõmyã;;;
yel-sõm-maanda;;Nom;;bienfaiteur;benefactor.;;;;;
yel-sõm-minim;;Nom;è;reconnaissance;thankfulness, appreciation, acknowledgement, gratefulness;;;;zaamẽ bãngre;
yel-sõm-mita;;Nom;;personne reconnaissante;grateful person, thankful person;;yel-sõm-mitba;;sõm-mita;
yel-sõm-sãoog;;Nom;;bienfait incomplet;incomplete benefit;;;;;
yel-sõm-zɩta;;Nom;;ingrat (personne);ungrateful, unthankful person;;yel-sõm-zɩtba;;sõm-zɩta;
yel-sõm-zɩtem;;Nom;;ingratitude;ingratitude, ungratefulness;;;;sõm-zɩtem;
yel-wẽn maanda;;Nom;;pécheur (lit;;;yel-wẽn maandba;;;
yel-wẽnde;;Nom;è-é;chose interdite, péché, catastrophe;forbidden thing, sin, catastrophe;;yel-wẽna;;yel-beedo;
yel-wẽndlem;;Nom;;mauvais comportement;bad behaviour.;;;;;
yel-yoodo;;Nom;;bêtise;stupidity, mistake, nonsense.;;;;;
yembdo;;Nom;è-ó;esclavage;slavery.;;;;;
yembo;;numéral;é-ó;un (en comptant), 1;one (in counting), 1;;;;ye1, sembo, yembre;
yembre;;numéral;é-é;un, 1, unité, unique, seul;one, 1, unit, unique, only, alone, all on his own;;;;yembo;
yemb-sãnde;;Nom;;espèce de plante;kind of plant;yemb-yoaya;;Grass, herb, vine;;
yem-daoogo;;Nom;è-áo;esclave homme;male slave;;yem-daado;Person;;
yemde;;Nom;é-è;hippopotame;hippopotamus;;yɛma;Mammal;;
yem-poaka;;Nom;è-óa;esclave femme;female slave.;;yem-pogse;;;
yẽn logtore;;Nom;;dentiste;dentist;;;Worker;;
yẽn sẽsdga;;Nom;;rosse à dents;toothbrush;;;;;
yẽn-barga;;Nom;;incisive (dent);incisor (tooth);;yẽn-barse;Body;;
yẽnda;;Pronom;;il, elle, le, lui;he, she, him, her, it;yẽ;bãmba;;yẽ1;
yẽn-daoogo;;Nom;é-áo-ó;molaire, croc;molar, fang;;yẽn-daado;Body;kɩreng yẽnde;
yende;;Adjectif;é-è;seul, unique;single, unique, only, one-and-only, one;;;;yɛnga;
yẽnde;;Nom;ẽ́-è;dent;tooth;;yẽna;Body;;
yendlem;;Nom;é-é;singulier, singularité;singular, singularity, uniqueness, peculiarity.;;;;;
yẽndre;;Nom;;maladie de peau qui fait des tâches claires;skin disease that causes clear blotches;;;Disease;yãnde3;
yẽnege;;Verbe;ẽ́-è;fondre;melt, smelt;;yẽene;;yẽlge;
yenga;;Nom;;espèce d'arbre;kind of tree;;;Tree;;
yẽn-gãens;;Nom;;dents proéminentes;prominent teeth.;;;;;
yenge;;Verbe;é-è;basculer, aller çà et là;topple over, tilt up, overbalance, going here and there;;yeeme;;;
yẽn-gõdse;;Nom;;crocs (dents);tusk (tooth), fang;;;Parts of an animal;;
yẽnɩ;;Adverbe;;un tout petit peu;a little bit;yẽne;;;bilfri;
yẽn-kʋrsdga;;Nom;;canine, incisive;canine tooth, incisor tooth;;;Body;yẽn-sɩlenga;
yẽn-namse;;Nom;;gencives;gums;;;Body;nemse2;
yẽn-nemse;;Nom;é-é-è;gencive;gum;;;Body;;
yẽnnn;1;Adverbe;é;extra mince et filiforme;spindly, very thin;rẽnnn, sẽnnn;;;yẽn-yẽne, sẽn-sẽne;
yẽnnn;2;Adverbe;;se répandre en grand nombre;spread in large numbers;;;;;
yẽn-põosre;;Nom;;dent cariée, carie dentaire;decayed tooth, tooth decay;;yẽn-põaasa;Disease;;
yẽn-sɩlenga;;Nom;é-ɩ́-è-á;canine (dent);canine tooth;;;Body;yẽn-kʋrsdga;
yẽn-wãbdga;;Nom;;molaire;molar;;;Body;kɩreng yẽnde, kirga;
yẽn-yẽne;;Adverbe;;extra mince et filiforme;spindly, very thin;;;;yẽnnn1;
yẽnyẽoo;;Adverbe;é;minuscule;tiny, very small.;;;;;
yẽn-yĩidu;;Nom;;gingivite;gingivitis;;;Disease;no-noda;
yẽn-zabre;;Nom;;maux de dents;toothache;;yẽn-zaba;Disease;;
yẽogo;;Nom;;guib harnaché;bush-buck;yõogo;;Mammal;;
yẽoko;;Nom;éo;base;base, root;gẽkẽ;yẽgdo;;;
yẽoo;;Adverbe;éo;minuscule;tiny, very small;;;;;
yeoogo;;Nom;èo;variété de tubercule de nénuphar;kind of tuber of water lily.;;yeedo;;;
yẽoogo;;Nom;;bossu;hunchbacked.;;;;;
yer-bãnga;;Nom;è-á;anneau pour fixer les pioches sur la manche;ring for fixing the hoes on the handle.;yer-bãngo, yer-bãongo;yer-bãnse;;;
yerb-kongo;;Nom;è-ó;creux entre le cou et la clavicule;hollow / cavity between neck and collar-bone;;yerb-kondo;Body;;
yerbre;;Nom;é;clavicule;collar-bone, clavicle;;yɛrba;Body;;
yere;;Verbe;é;être vêtu, porter un vêtement;wear clothes;;;;;
yẽre;;Verbe;é;se déplacer en traînant son postérieur;move around dragging one's buttock;;;;;
yerge;;Verbe;é-è;griffer, écorcher;scratch sb., claw, flay, abrade;;;;;
yẽrge;1;Verbe;é-è;bouger, se déplacer;move, get around, displace;;yẽrse;;;
yẽrge;2;Verbe;;se traîner sur son postérieur;move forward sitting on your buttock.;;yẽrse;;;
yẽr-killi;;Nom;;fesse;cheek;;;Body;pabre1, parkilli, kɩgbre;
yerope;;Nom;;Europe;Europe;;;Region;;
yẽsd-n-taaga;;Nom;è-á-á;interlocuteur, dialoguer;interlocutor, speaker.;;yẽsd-n-taase;;;
yẽse;1;Verbe;ẽ̀;discuter, se concerter, négocier;discuss, consult each other, negotiate, plan;;;Insect;;
yẽsengo;;Nom;;tétée;feeding, nursing.;;;;;
yẽsga;;Nom;é;fourmi noire (dont la piqûre est douloureuse);black ant (painful bite);;yẽsse, yẽse;Insect;;
yesge;;Verbe;è;rompre ce qui faisait obstacle à ce que deux choses se rejoignent, décloisonner;break an obstacle of joining two things together;;yese;;;
yẽsgo;;Nom;;dialogue;dialogue;;;;gomd-n-taare, sõasga2;
yẽs-kõablenga;;Nom;;fourmi ailée;winged ant.;yẽs-kõabnenga, yẽs-kõbnenga;yẽs-kõablense;;;
yẽsme;;Verbe;è;téter;suck, draw milk;;;;;
yes-yese;;Adverbe;è;en parlant n'importe comment;speaking no matter how;;;;bes-bese;
yet tɩ;;expression;;dire que;say that;;;;;
yetẽ;;Verbe;è-é;en disant (que);saying (that);;;;;
yẽtga;;Nom;;bouchon;cork, stopper, plug, cap, top.;;;;;
yet-kãre;;Nom;è-á;verbe à l'infinitif;verb in its infinitive form;;;;kãre;
yet-wɛgenga;;Nom;è-ɛ̀-á;verbe irrégulier;irregular verb.;;;;;
yeynye;1;Adverbe;é-é;un à un, un après l'autre;one by one, one after another;;;;;
yeynye;2;Adverbe;è;uniquement, sans autre chose;solely, without something else.;;;;;
yɛ;1;interrogatif;ɛ̀;où?;where? Fo bee yɛ? Où es-tu? Where are you? synonyme: yɛɛlẽ, yɛɛnẽ, zĩ-bʋgo.;yae;;;yɛɛlẽ, yɛɛnẽ, zĩ-bʋgo;
yɛ;2;Verbe;ɛ̀;fatiguer;tire;;;;;
yɛdbre;;Adjectif;ɛ̀;large (en parlant de la bouche);wide (speaking of mouth);;yɛdba;;;
yɛdge;;Verbe;ɛ́-è;étaler, mettre à sécher;spread, , get wider / widespread, put to dry;yadge;yɛɛde;;;
yɛdgre;;Nom;ɛ́-é;action d'étaler;spreading out.;;;;;
yɛẽ;;auxiliaire;;pour, expressément à la recherche de, ou avec cela en tête;for, looking for;yaeẽ;;;;
yɛɛ;1;Adverbe;ɛ̀;largement ouvert, béant (souvent dans les insultes);largely open, widely open, gaping, yawning (often insulting).;;;;;
yɛɛge;;Verbe;ɛ́-è;effrayer, être effrayé;to frighten, scare sb;;yɛɛse;;;
yɛɛla;;interj;ɛ̀-á;bienvenue à toi, salut;welcome, greeting;;yɛɛlba;;bɛɛla2;
yɛɛlẽ;;interrogatif;;où ?;where? synonyme: yɛ1.;;;;yɛ1;
yɛɛma;;Nom;ɛ́;favoris;whiskers, man's hair that grow on his face;;;;;
yɛɛnẽ;;interrogatif;ɛ́-ê;où?;where? Fo rabda yɛɛnẽ? Où vas-tu ? Where are you going? synonyme: yɛ1.;yɛ;;;yɛ1;
yɛɛse;1;Verbe;ɛ́-è;crier, tempêter sur quelqu'un;cry, shout at somebody;;;;;
yɛɛse;3;Verbe;;être étonne, troublé, alarmé, frappé par, terrifier, effrayer;be astonished, troubled, alarmed, amazed, terrify, frighten, scare;;;;;
yɛɛsgo;;Nom;ɛ́-ó;étonnement, admiration;marvelling, amazement, astonishment;;;;;
yɛg lalga;;expression;;raser;shave.;;;;;
yɛgdga;;Nom;ɛ̀-á;joue, tempe;cheek, temple;yegdga;yɛgdse;Body;yegre1, yagre2, yagdga;
yɛge;;Verbe;ɛ́;côtoyer, longer;to go along, go alongside, follow the track of sth;yege;;;;
yɛgle;;Verbe;ɛ́-è;(se) mettre à côté de;to go beside sth., to put at the side of;yegle, yɛglge;;;;
yɛgse;;Verbe;ɛ́-è;agiter quelque chose de peu consistant, secouer;shake something, agitate;yegse;;;;
yɛka;;Nom;ɛ́;croisement;intersection, crossroads;;yɛgse;;;
yɛla sẽn gãneg to-to;;expression;;disposition;layout;;;;;
yɛmbga;;Nom;ɛ̀;esclave;slave;;yembse;;yamba;
yɛnga;;Adjectif;;seul, unique;single, unique, only;;;;yende;
yɛrge;;Verbe;ɛ́-è;mettre à sécher, étaler;put for drying, spread out.;;;;;
yɛsa;;Adverbe;ɛ̀-á;encore;again;yasa, yaasa, yesa;;;;
yɛsba;;Nom;ɛ́-á;oncle maternel;uncle (mother's side), mother's brother, maternal uncle;yasba;yɛs-rãmba;Relationships;ãsba;
yɛse;;Verbe;;se tenir là;be there standing.;;;;;
yɛsga;1;Nom;ɛ́-á;position, station debout;position, standing upright;;;;;
yɛsga;2;Nom;;condoléance, employée dans une formule de salutation lors d'un décès;condolence, used in the greetings in case of death.;;;;;
yɛsre;;Nom;;stature;stature.;;;;;
yɛta;;Nom;;parleur, celui qui parle;teller;;;;;
yɛtg toabga;;Nom;ɛ̀ òa-á;terminaison du verbe;verb ending;;;;;
yɛtg yʋ-peelle;;Nom;ɛ́-ʋ́-é;infinitive (forme);infinitive form;;;;yɛtg pʋdbo, kãre;
yɛtga;;Nom;ɛ̀-à;verbe;verb;;;Grammar;;
yɛt-lɛnga;;Nom;;auxiliaire;auxiliary;lɛnga;;Grammar;;
yi;1;Verbe;í;sortir;go out, come out, go somewhere, leave;yiẽ;;;zĩndi2;"kẽ1; synonyme: zĩndi2"
yĩ;;Verbe;ĩ́;ronger, arracher avec les dents, mordiller;eat away, eat into, take with the teeth, nibble, gnaw;;;;;
yi n base;;expression;;quitter;to leave, take off, to part, depart.;;;;;
yibeo-maasga;;Nom;;de bon matin;early in the morning;yibe-maasga;yibeo-maasse;;yibeo-mugri;
yibeo-mugri;;Nom;;de bon matin;early in the morning;;;;yibeo-maasga;
yibeoog fãa;;expression;;chaque matin;every morning;;;;yibeoog-yibeoogo;
yibeoogo;;Nom;í-éo-ó;matin;morning;;;;;
yibeoog-yibeoogo;;Nom;;chaque matin;every morning;;;;yibeoog fãa;
yibgi;;Verbe;í-ì;oublier;forget;yubgi;yibsi;;"yĩmi; antonyme: tẽese1, tẽege1, tẽede";tẽese1, tẽege1, tẽede
yibgri;;Nom;í-í;le fait d'oublier, l'oubli;forgetting, forgetfulness.;;;;;
yibirsa;;Nom;í-í-à;dépression nerveuse;nervous breakdown;yibirsi, yibirsim;;Disease;zu-leb-neda;
yibri;;Nom;í-ì;espèce de fruit sauvage servant à faire du poison;kind of wild fruit used to make poison.;;;;;
yibrugu;;Nom;;arbuste (espèce);kind of shrub;;;Bush, shrub;pargande;
yidg yam;1;Verbe;;dégoûter, faire perdre l'appétit;disgust, make loose one's appetite;;;;yam yiisgu;
yidg yam;2;expression;;dégoûter;disgust, make feel sick, sicken.;;;;;
yidg yelle;;expression;;résoudre;resolve, figure out.;;;;;
yidgi;;Verbe;í-ì;défaire, démêler;undo, unfasten, unpack, unravel, disentangle, dismantle sth;;yiidi;;fʋrge3;
yidgri;;Nom;;développement;development.;;;;;
yĩdgu;;Nom;;accident;accident.;yĩudgu;;;;
yĩdi;;Verbe;ì;atteindre involontairement, accidentellement;to happen on sth;yẽde;;;;
yĩgi;1;Verbe;ĩ́-ì;être à genoux;to kneel, be on the knees, bo in a kneeling position;;;;;
yĩgi;2;Verbe;í;mouvoir en ondulant le corps;to crawl, move by waving the body;;;;;
yĩgimdi;;Verbe;ĩ́-ì;s'agenouiller;to kneel down;;;;;
yĩgmi;;Verbe;;marcher sur les genoux;to crawl, creep, walk on one's knees, to crawl;;;;;
yĩgr-pẽre;;Nom;;poisson (espèce), carpe;fish sp;;;Fish;pẽtre;
yĩgsi;;Verbe;í-ì;hocher les épaules en signe de dédain;shrug of the shoulders to show contempt;;;;;
yiib yɩlende;;Nom;ì-é-é-é;double;double, dual;;;Mathematics;;
yiib-n-dɩtga;;Nom;ì-á;pair;pair, even (math.) Category: Mathematics.;;;Mathematics;;
yiib-n-lɛta;;Nom;;deuxième personne;second person;;;Grammar;;
yiib-n-tõatga;;Nom;;impair;odd;;;Mathematics;;
yiibu;1;numéral;ì-ú;deux, 2;two, 2;yiiblẽ;;;yi2;
yiibu;2;Nom;í-ù;le fait de sortir, sortie, levée;exit, coming out, getting out.;;;;;
yĩibu;;Nom;í-ù;le fait de ronger;eating into, gnawing.;;;;;
yiib-yiibu;;numéral;;deux à deux;two by two, two together, duo;;;;;
yiidu;;Adjectif;ì-ú;yeux presque fermés;eyes almost closed;diidu;;;;
yĩidu;;Nom;í-ù;antidote;antidote;;;;rõose5;
yiifu;;Nom;;termite (espèce);termite sp;yiuufu;yiu, yiuwa;Insect;yaafo1;
yiiga;;Nom;;espèce d'arbre;kind of tree;;;Tree;;
yiigi;;Verbe;ì;entrouvrir les yeux;slightly open the eyes;;yiisi;;;
yĩigi;1;Verbe;í-ì;mordre dans;bite into, to bite sth;;yĩ, yĩisi;;gasge, rũmi;
yĩigi;2;Verbe;í-ì;montrer les dents en retroussant les lèvres;show the teeth by drawing back the lips;yãnge;;;kãage2;
yĩigi;3;Verbe;í-ì;suinter, ne plus retenir l'eau;seep, ooze, drip, not keeping the water any more;;;;;
yĩigri;;Nom;í-í;le fait de mordre dans;biting into.;;;;;
yiimdi;;Nom;í;rognon;kidney;;yiima;Body;yaam-bila;
yĩimi;;Verbe;í-ì;devenir un besoin irrésistible, être dépendent de;become an irresistible need, be depended or addicted;;;;;
yĩin-biiga;;Nom;ì-í-á;ver de Guinée (le ver lui-même);Guinea worm (the worm itself);;;Small animals;yĩinfu;
yĩin-bila;;Nom;;microbe du ver de guinée;Guinea worm microbe;;yĩin-biisi;Disease;;
yĩinfu;;Nom;ì-ú;ver de Guinée;Guinea-worm, guinea-worm-swelling;;;Small animals, Disease;yĩin-biiga;
yiinga;;Nom;;veuve dominicaine;pin-tailed Whydah;;;Bird;;
yĩini;;Nom;;ver de Guinée (la maladie);Guinea worm (the disease);;;Disease;;
yiis buuudẽ;;expression;;bannir;banish, to ban.;;;;;
yiis faad rɩtb sʋka;;expression;;déshériter;disinherit.;;;;;
yiis paga;;expression;;répudier;repudiate (wife).;;;;;
yiis pʋga;;expression;;avorter;abort, miscarry, to have an abortion.;;;;;
yiisgu;1;Nom;ì-ú;le fait de glaner;gleaning;;;;yuusgu;
yiisgu;2;Nom;í-ú;le fait de faire sortir;getting out, making to come out.;;;;;
yiisi;1;Verbe;ì;faire sortir, renvoyer;to bridge/take sth./sb/ out, cause to come out, expel, send away;;;;;
yiisi;2;Verbe;ì;glaner;to glean;;;;;
yiisinga;;Adjectif;ì-ì-á;flou, pas claire;blurred, fuzzy, not clear;;yiisinsi;;libs-libsgu, libsgu;
yĩis-miiga;;Nom;;céphalophe à flancs rouges;red-flanked Duiker;;yĩis-miisi;Mammal;;
yĩisri;;Nom;ĩ̀-í;céphalophe de Grimm, biche;Duiker (common Grimm's);;yĩisa;Mammal;;
yikãada;;Nom;í-á-á;homme marié;groom, bridegroom, married man, head of family.;;yikãadba;;;
yikãadem;;Nom;í-á;mariage;marriage, wedding;;;;kãadem;
yi-kãadem tigri;;Nom;;fête de mariage, repas de mariage;marriage celebration, wedding feast, wedding meal;;;;;
yiki;;Verbe;ì;se lever, lever quelqu'un;get up, raise, move up, arise;;yigsi;;;
yikri;;Nom;;montaison;growth in hight of a plant;;;Agriculture;;
yĩlga;;Nom;;espèce d'arbre;kind of tree;;;Tree;;
yilgi;;Verbe;ì;tourner, faire tourner;go round, turn over, spin round, rotate, to turn self or sth;;yilsi, yilmi;;bilmi;
yĩlgi;;Verbe;;fouler, luxer, déboîter, raviver une blessure;strain, dislocate, revive a wound;;;;rãmbe1, yĩngi2;
yilgimdi;;Nom;í;pancréas;pancreas;;yilgma;Body;;
yilmi;;Verbe;ì;tournoyer;swirl, twirl, spin round, to turn self or sth;;;;gilgi, yilsi, gilmi;
yilsi;;Verbe;;tournoyer;turn round, twirl, spin round;;;;yilmi;
yĩmbu;;Nom;í;oubli, le fait d'oublier;forgetting.;;;;;
yimel adersã;;expression;;adresse courriel;e-mail address;;;computer / digital;yimellã;
yimellã;;Nom;;adresse courriel;e-mail address;;;computer / digital;yimel adersã;
yĩmi;;Verbe;ì;oublier, omettre;forget, omit, leave out;;;;"yibgi, yubgi; antonyme: tẽege1, tẽese1, tẽede";tẽege1, tẽese1, tẽede
yĩmsgu;;Nom;í-ú;oubli;forgetfulness, oblivion, laps of memory;;;;yam-yĩmsim;
yĩm-yĩmi;;Adjectif;;tout petit;very small;yũm-yũmi, yõm-yõme;;;kĩm-kĩmi2;
yĩnga;1;Nom;í;corps (vivant);body (living);;yĩnsi;Body;;
yĩnga;2;postposition;;à cause de, pour;for, because of;;;;;
yĩnga;3;Nom;;lèpre;leprosy;;;Disease;wãoodo, toom2;
yĩn-gãong-bãaga;;Nom;;dermatose, maladie de peau;dermatitis, skin disease;;yĩn-gãong-bãase;Disease;;
yĩn-gãongo;;Nom;;peau;skin;;yĩn-gãndo;;gãongo;
yĩngi;1;Verbe;í-ì;devenir terne (tissu);become colourless, blurred, drab, dull, unglamorous;;yĩnsi;;;
yĩngi;2;Verbe;;fouler, luxer, raviver une blessure;strain, dislocate, revive a wound;;;;rãmbe1, yĩlgi;
yĩngr ãdse;;Nom;;astres, étoiles du ciel;stars;;;Sky;;
yĩngr wilga;;expression;;membre supérieur;upper limb, upper member;;;Body;;
yĩngr yeere;;Nom;í è-é;mâchoire supérieure;upper jaw;;;Body;;
yĩngri;;Nom;í;en haut, en l'air;high up, upstairs, on high, in the air, up;;;;;
yĩngr-sõd-bila;;Nom;í-ó-í-á;numérateur;numerator;;;Mathematics;;
yĩngr-yĩngri;;Nom;ĩ́-ì;très haut;very high;;;;zãntgo, saasẽ-saasẽ;
yĩn-kõb-raado;;Nom;;squelette;skeleton;;;Body;kõb-wãngem, kõb-sãnga, kõb-tɩɩga;
yĩn-kʋɩɩre;;Nom;;déshydratation;dehydration;;;Disease;yĩn-wẽkre;
yĩn-maasem;;Nom;ì-á-é;santé, paix, tranquillité;health, peace, tranquillity;;;;laafɩ;
yĩn-pa-noom;;Nom;;(état de) maladie;being sick, not being well;;;Disease;yĩn-zabre, pa-keem;"laafɩ; synonyme: yĩn-zabre, pa-keem"
yĩnsa zabdame;;expression;;être malade;be sick, be ill;;;;bẽedame;
yĩn-sidga;;Nom;;frisson;shiver, quivering, thrill;;yĩn-sidsi;;;
yĩn-wẽkre;;Nom;;déshydratation;dehydration;;;Disease;yĩn-kʋɩɩre;
yĩn-wɩngre;;Nom;ĩ̀-ɩ́-é;fièvre, paludisme;fiver, malaria;;yĩn-wɩmsa;Disease;;
yĩn-wɩsgr tʋʋm maanda;;expression;;sportif;sporty type, athletic, sporty.;;;;;
yĩn-wɩsgr tʋʋmde;;expression;;gymnastique;gymnastics.;;;;;
yĩn-wɩsgre;;Nom;;sport;sport.;yĩn-wɩngr tʋʋma;;;;
yĩnyõaaga;;Nom;;ethnie burkinabè autochtone maintenant intégrée aux Mossi;one of the original people groups of Burkina Faso now integrated into the Mossi people;yõanyõaaga;yĩnyõose;Community;;
yĩn-zabre;;Nom;;malaise général (se sentir malade);general uneasiness, unease (not being in good health);;yĩn-zaba;Disease;yĩn-pa-noom, pa-keem;
yir gelle;;Nom;;bleu;blue;;;Colour;bʋla1;
yir paga;;Nom;í-à-á;deuxième femme, parente de la première;second wife who is a relative of the first one.;;yir pagba;;;
yir rãmba;;Nom;;famille;family.;;;;;
yir rũnga;;Nom;;animal domestique;domestic animal;;yir rũmsi;;;
yir soaba;;Nom;í-òa-á;chef de famille;head of the household.;;yir sob-n-dãmba;;;
yirbi;;Verbe;;étourdir;to stun, daze, to make somebody's head spin.;;;;;
yirga;1;Nom;ì-á;oiseau (espèce), moineau, amarante commun;bird sp, sparrow;;yirsi;Bird;koobre1, koobre4;
yirga;2;Nom;;étourdi;scatterbrain, absent-minded, unthinking.;;;;;
yirgi;;Verbe;ì;être étourdi, étourdir;feel giddy, daze, dizzy;;;;;
yirgu;;Nom;;aventure;adventure.;;;;;
yiri;1;Nom;í-ì;maison, demeure, domicile, concession;house, dwelling, habitation, residence, compound;;yiya;Building;;
yiri;2;Verbe;ì;perdre la tête, devenir étourdi;loose one's head, become dizzy;;;;;
yir-soamba;;Nom;;lapin;rabbit;;;;soaamba;
yisãns koosg zĩiga;;Nom;;station d’essence;gas station;;;Building;;
yisga;;Nom;í-à;corde de tambour;string of drum.;risga;yissi;;;
yisgi;;Verbe;;se lever;arise, get up.;yiki;;;;
yisri;;Nom;;cédille;cedilla;;;Grammar;;
yitga;;Nom;;sortant;outgoing;;;;;
yĩtli;;Nom;;petit bouton, grain de beauté;small pimple / spot, birthmark;yĩtri;;;nutla;
yiu;;Nom;í;termites aillées, éphémères;winged termites, mayfly;yu, yiuwa;;Insect;;
yĩudgu;;Nom;ìu-ú;accident, chose arrivée dont on a été la cause sans le vouloir;accident, thing happened of which one is the cause without having had the intention;;;;yõsgre;
yi-vɩʋʋgo;;Nom;;maison inhabité;uninhabited house.;;;;;
yĩ-wɩsgr fuugu;;Nom;;habit de sport;sportswear;;;Clothing;;
yi-wɩsgr zaka;;Nom;;stade;stadium;yi-wɩsgr zaka;;Building;;
yɩ;1;Verbe;ɩ̀;agir, faire, se produire;act, do, happen;;;;;
yɩ;2;Verbe;ɩ̀;être (souhait);be (wish);yɩɩ;;;;
yɩ sabaado;;expression;;occasionner;to cause, to occasion.;;;;;
yɩb;;auxiliaire;ɩ́;avoir l'habitude;do usually, customary, habitual;;;;nib, ni3, mi2;
yɩbrengo;;Nom;;vautour, charognard;vulture;yɩbrgo;yɩbrendo;;yɩʋbrgo, dʋgre;
yɩbrgo;;Nom;;charognard, vautour;vulture;yɩbrengo;;Bird;dʋgre;
yɩdbre;;Adjectif;ɩ̀;divisé en deux, fourchu, qui présente deux saillies;divided into two, forked, with two lugs;;yɩdba;;;
yɩgbo;;Nom;ɩ́-ò;le fait de voler (ailes);flying.;;;;;
yɩgde;;Adjectif;;volant;flying;;;;;
yɩgelle;;Adjectif;ɩ́-é-é;gros;corpulent, big, thick;;yɩgla;;;
yɩgre;;Nom;ɩ́;pierre;stone, rock;;yɩga;;bug-toaalga, kugri1;
yɩɩ;;Verbe;ɩ̀;c'était;it was, were;yɩ;;;;
yɩɩbre;;Adjectif;ɩ́;double;double, dual, twice;yɩɩbse, yiibga, yiibri;yɩɩba;;;
yɩɩbse;;Nom;;paire;pair, double, couple;yiibga, yiibri;;Mathematics;;
yɩɩb-taas kog-tãabga;;expression;;triangle isocèle;isosceles triangle;;;Mathematics;;
yɩɩb-taas-yãrem-pesre;;expression;;trapèze isocèle;isosceles trapezoid;;;Mathematics;;
yɩɩb-ta-mumdi;;Nom;;parallélépipède;parallelepiped;;;Mathematics;;
yɩɩde;;Verbe;ɩ́-è;dépasser, être plus que, mieux que (comparative);go beyond, be more than, to be better than;;;;;
yɩɩdem;;Nom;ɩ́;supériorité;superiority.;;;;;
yɩɩdgre;;Nom;;progrès, dépassement;progression, advancement;;;;;
yɩɩga;;Adverbe;ɩ́-à;loin;far, remote, distant;;;;zãorgo, zãrga;
yɩɩgdse;;Nom;ɩ̀-è;guillemets (chevrons);quotation marks;;;;;
yɩɩge;1;Verbe;ɩ́-è;devenir plus que, surpasser;become more than, outgrow;;;;;
yɩɩge;2;Verbe;ɩ̀;tenir avec des pinces;hold with pincers, pliers, tongs;yeege;yɩɩse;;yɩʋʋge;
yɩɩgre;;Nom;ɩ́-é;le fait de devenir plus que;becoming more than.;;;;;
yɩɩg-yɩɩga;;Adverbe;ɩ́-ɩ́-à;très au loin;very far away;;;;;
yɩɩle;;Verbe;ɩ́-è;chanter;sing;;;;;
yɩɩlgo;;Nom;ɩ́-ó;le fait de chanter;singing.;;;;;
yɩɩlle;1;Nom;ɩ́-é;chant, cantique;song.;;yɩɩla;;;
yɩɩlle;2;Nom;ɩ́-é;corne;horn;;yɩɩla;;;
yɩɩnda;;Nom;;chanteur;singer;;;;yɩɩn-yɩɩnda;
yɩɩn-sõamya;;Nom;;psaumes;psalms.;;;;;
yɩɩn-yɩɩnda;;Nom;ɩ́-á;chanteur, musicien;singer, musician;;yɩɩn-yɩɩndba;;yɩɩnda;
yɩɩre;;Nom;ɩ̀-é;angoisse, inquiétude, soucis, anxiété;fear, anxiety, qualm, worry;;;;zʋ1;
yɩk pɛlenga;;expression;;inquiéter;trouble, worry, bother, threaten.;;;;;
yɩke;;Verbe;ɩ́-è;s'envoler, voler;to fly away, fly off;;;;yẽke1;
yɩkre;;Nom;ɩ́-é;le fait de s'envoler, saut;flying away, jumping.;;;;;
yɩl wilgda;;Nom;;rapporteur;tell-tale, tattle-tale, reporter.;;;;;
yɩlẽ;;auxiliaire;;puisse (but), pour que, afin que;may (aim), in order that;yɩl;;;;
yɩlem;;Verbe;;dépasser un multiple de 10, dépasser largement un nombre donné;go beyond a multiple of 10, overshoot a large number;;;;zage2;
yɩlemd baoobo;;Nom;;hygiène;hygiene.;;;;;
yɩlemde;;Adjectif;ɩ́;propre, potable;clean, pure, drinkable;yɩlgemde;yɩlma;;yɩlenga2, yolemde1;
yɩlemdem;;Adjectif;;unique, une seule fois;unique, one single time, once;;;;vũka2;
yɩlemdga;;Nom;ɩ̀;multiplicateur;multiplier;;;Mathematics;;
yɩleng sẽn tũud ne bẽgnega;;expression;;multiplication avec retenue;multiplication with withholding;;;Mathematics;;
yɩleng ware;;expression;;exercice de multiplication;multiplication exercise;yɩleng maan-n-bãngre;;Mathematics;;
yɩleng wilga;;expression;;facteur d'un produit;factor of a product;;;Mathematics;;
yɩlenga;1;Nom;ɩ̀-é-à;multiple;multiple;;;Mathematics;;
yɩlenga;2;Adjectif;;propre, potable;clean, pure, drinkable;;;;yɩlemde;
yɩlengo;;Nom;;insistance, multiplication;insistence, multiplication.;;;;;
yɩlen-paanga;;Nom;;produit (math.);product, result;;;Mathematics;;
yɩlga;;Nom;ɩ́-à;arbre (espèce), osier africain;tree sp;yɩɩlga, gilga,;yɩlse;Tree;;
yɩlge;;Verbe;ɩ̀;épierrer en trempant dans l'eau, nettoyer;get rid of stones by steeping into water, clean;;yɩlse;;;
yɩlgre;;Nom;;nettoyage, le fait de purifier, purification;cleansing, purification.;;;;;
yɩlll;;Adverbe;ɩ́;tout propre;very clean;;;;;
yɩlme;;Verbe;ɩ̀;répéter l'action, multiplier;repeat the action, multiply, do ..;;;;;
yɩlsenga;;Adjectif;ɩ̀-á;clair, trop liquide;clear, too liquid;yɩlsengo;yɩlsense;;;
yɩnga;;Adverbe;ɩ̀-á;dehors;outside, outdoors;;;;;
yɩs;;auxiliaire;ɩ̀;bien au contraire, tout à fait;quite the opposite, quite, downright, totally;;;;tolge, pʋde1;
yɩsa;;Adverbe;ɩ̀-á;maintenant, cette fois-ci;now, this time;yaasa;;;;
yɩta;1;Nom;ɩ́;agent;agent;;;;;
yɩʋbrgo;;Nom;ɩ̀ʋ-ó;vautour, charognard;vulture;yɩʋbrengo, yɩbrgo;yɩbrdo;Bird;yɩbrengo;
yɩʋʋge;;Verbe;;tenir avec des pinces;hold with pincers, pliers, tongs;;;;yɩɩge2;
yɩʋʋgo;;Nom;ɩ́ʋ;pinces, tenaille;pincers, pliers, tongs;yʋʋgo;yɩɩdo;Tool;;
yɩ-y;;Verbe;;soyez;be;;;;;
yo;1;Verbe;ó;commettre l'adultère;to commit adultery;;;;;
yo;2;Verbe;ó;douter, ne pas croire tellement à;doubt, not really believe;;;;;
yo yam;1;Verbe;ó á;inquiéter, troubler;nag, trouble, worry;;;;bendge;
yo yam;2;expression;;hésiter;hesitate.;;;;;
yoaa;1;Adverbe;òa;complètement trempé, mouillé;completely soaked, wet;;;;yoaba;
yoaa;2;Adverbe;óa;discrètement, sans contester, pour ne pas attirer des ennuis;discreetly, without questioning / contesting in order not to provoke trouble;;;;;
yoaa;3;Adverbe;óa;désemparé;perplexed, helpless, stumped, puzzled;;;;wãa2;
yõaada;;Nom;óa-à;personne qui brûle quelque chose;person who burns something.;;yõaadba;;;
yoaaga;;Adjectif;óa;clairsemé, dégagé;scattered, clear, unobstructed, scarce, sparse;;yoose;Amphibian;;
yoaba;;Adverbe;óa;complètement, entièrement;completely, entirely, fully, wholly;;;;soara, yoaa1;
yoabga;1;Nom;ó;arbuste (espèce);shrub sp;;yobse;Bush, shrub;;
yoabga;2;Nom;ó;produit qui permet de détacher les poils d'une peau de bête;product used to detach hair of animal skin.;;yobse;;;
yoadga;;Nom;ó;plante (espèce);plant sp;yoaadga;yodse;Bush, shrub;;
yõaka;;Nom;óa-á;bijoutier;jeweller;yõka;yõgse;Worker;;
yoala;;Adverbe;;absence d'aspérité, être lisse, ce qui coulisse aisément;absence of asperity, bruise, being smooth and not bumpy, easy to slip, slide, glide;;;;;
yoalga;;Nom;òa-á;arbuste (espèce);shrub sp;;yolse;Bush, shrub;;
yoama;;Adverbe;ó;tout neuf;completely new;;;;kãma, yãma;
yoanda-yoanda;;Adverbe;ò;en dandinant;waddling, toddling, shamble;;;;;
yoara;;Adverbe;ó;de manière groupée et en grand nombre;grouped and in large numbers;;;;;
yoara-yoara;;Adverbe;ó;en file indienne, en ligne l'un après l'autre;Indian file, queue;;;;;
yõasma;;Adjectif;;décalé, mal aligné;shifted, not well lined up, misplaced, crooked;;;;;
yõbdo;1;Adjectif;ó;froissé;rumpled, crumpled, screwed up;;;;;
yõbdo;2;Nom;ó;rides, plis multiples;ripple, pleat, dimple, wrinkles;;;;;
yõbe;;Verbe;ò;être froissé, froisser, être fripé;crinkle, screw up, crease, wrinkle, ruffle;;;;;
yobelle;;Adjectif;ó;lisse, sans poids;smooth, light;;yoabla;;;
yobge;;Verbe;ò;enlever la couche supérieure;take off the upper layer / covering;;yoobe;;;
yõbge;;Verbe;ò;se rétrécir;to retreat, to make smaller, shrink;;;;;
yõbgo;;Nom;;échelle de mesure (géographie);scale (geography);;;Mathematics;;
yo-biiga;;Nom;ò-í;gland;glans;;yo-biisi;Body;;
yoble;;Verbe;ò;s'exprimer avec rapidité;speak quickly;;;;;
yobl-yoble;;Adverbe;ó-ó-è;avec volubilité;gabby, long-tongued, garrulously, talkative;;;;;
yõ-boko;;Nom;ò-ò-ó;narine;nostril;;yõ-bogdo;Body;yõ-roogo;
yõbse;;Verbe;ò;sentir par l'odorat, humer, respirer l'odeur;smell, sniff, detect a smell, inhale, breathing in;yũbsi;;;yũmsi1, yũbsi;
yode;;Verbe;ò;faire un nœud, nouer;knot, tie a knot;;;;;yodge
yõde;1;Verbe;ò;se contracter (tendon), retrousser, plier;tense, turn up, roll up, fold;;;;yõdge2;
yõde;2;Verbe;ó;se passer après et an absence de;happen afterwards and in the absence of;yõdge;;;yẽde2;
yodemde;;Verbe;;faire un nœud, nouer;to knot, tie a knot;;;;;yodge
yodge;;Verbe;ò;dénouer;to untie a knot, un-knot, undo;;yoode, yodse;;"lodge; antonyme: yode, yodemde";yode, yodemde
yõdge;1;auxiliaire;ṍ-è;par après (après le départ de quelqu'un);afterwards (after someone had left);;;;;
yõdge;2;Verbe;ò;déplier;unfold sth., open out;;;;rãmbe1, põde, yõde1;"yãoone, gõde, gãooge; synonyme: rãmbe1, põde, yõde1"
yod-miuugu;;Nom;;espèce de plante;kind of plant;;;Grass, herb, vine;;
yod-pɛɛlga;1;Nom;;espèce de plante;kind of plant;;;Grass, herb, vine;;
yod-pɛɛlga;2;Nom;;espèce de plante;kind of plant;;;Grass, herb, vine;;
yod-raaga;;Nom;;espèce de plante;kind of plant;;;Grass, herb, vine;;
yodre;1;Nom;;espèce de plante;kind of plant;;;Grass, herb, vine;;
yodre;2;Nom;ó;nodosité;building nodes;;;Parts of a plant;;
yodre;;Nom;ó;bouton de fleur, nœud;flower bud, node, knot.;;;;;
yõdre;;Nom;;entorse, luxation;strain, dislocation;yõdgre;;Disease;rãmbgo1;
yod-sable;;Nom;;espèce de plante;kind of plant;;;Grass, herb, vine;;
yoense tabendgo;;Nom;;espèce de plante;kind of plant;;;Grass, herb, vine;;
yõens-tabdo;;Nom;;plante (espèce);plant sp;;;Grass, herb, vine;yõng-tabdo;
yõestabdo;;Nom;;plante (espèce);plant sp;;;Grass, herb, vine;;
yõ-fãto;;Nom;;morve;snot.;yõ-fẽto;;;;
yõ-fẽto;;Nom;;morve;snot;yõ-fãto;;;yõya1;
yõg koom;;Verbe;;faire des ablutions;to perform one's ablutions;;;;;
yõg paga;;expression;;violer;rape.;;;;;
yo-gãongo;;Nom;ò-áo-ò;prépuce;foreskin;;yo-gãndo;Body;mo-raoogo;
yõgbo;;Nom;ó-ò;le fait d'attraper plusieurs choses;catching several things;;;;;
yoge;;Verbe;ó;plaisanter avec, taquiner;jest, joke with, tease, make fun of;;;;;
yõge;1;Verbe;ṍ;attraper plusieurs choses;catch several things, to catch (sth;;;;;
yõge;2;Verbe;ó;violer;rape, violate, defile;;;;;
yõgem noore;;Verbe;;sourire;smile;;;;yõgengo;
yõgengo;;Nom;;sourire;smile;;;;yõgem noore;
yõgenme;;Verbe;;faire coincer les bouts;stick the ends together;;;;;
yog-fibda;;Nom;ò-í-à;serpentaire, secrétaire (oiseau);secretary bird;;yog-fibdba;Bird;;
yõg-laaga;;Nom;ò-á;plat émaillé, cuvette;enamelled bowl, basin;;yõg-laase;Container;;
yoglembende;;Nom;;aliment copieux, gras;dish with rich food elements, fat food;;;Food;;
yoglme;;Verbe;ó;mettre beaucoup de beurre ou huile dans un aliment;put a lot of butter or oil in food;;;;;
yõgme;;Verbe;;organiser;organize.;;;;;
yõgne;1;Verbe;ó-è;allumer, mettre le feu, faire du feu;kindle, light a fire;;;;;
yõgne;2;Verbe;ó-è;coordonner;coordinate;;;;sũgni;
yõgneg bila;;Nom;ó í-á;conjonction de coordination;conjunction of coordination;;;Grammar;sũgnug bila, soglg bila;
yõgnego;1;Nom;ó-é-ó;le fait d'allumer, de mettre le feu;lighting fire, setting on fire, burning something.;;;;;
yõgnego;2;Nom;ó-ó;coordination;coordination;;;;sũgnugu;
yogre;;Nom;ò-é;courge;marrow, pumpkin, gourd sp;;yoga, yoaga;Food;;
yõgre;;Nom;ó;espèce de petits insectes qui attaquent les calebasses;kind of small insects that attack the calabashes;;;Insect;;
yogse;1;Nom;ó-è;plaisanterie;joke, jest, pleasantry;;;;wɩsga;
yogse;2;Verbe;ó-è;desserrer;loosen, unscrew sth;;;;;
yõgse;;Nom;ó-é;luttes, jeux de mains;wrestling, battle, playing with hands;;;;;
yog-yoge;1;Adverbe;ó;en plaisantant;jokingly;;;;;
yog-yoge;2;Adverbe;ò;d'une façon lâche, pas serré;in a slack manner, not tight;;;;;
yõk foto;;expression;;photographier;take a picture, to take photos, to photograph.;;;;;
yoke;;Verbe;ò;déboucher, ouvrir, tendre l'oreille;unblock, open, strain one's ears to hear;;yogse;;;
yõke;1;Verbe;ó-è;attraper une chose, arrêter;catch one thing, to arrest;;yõge;;;
yõke;2;Verbe;;faire tout le temps, sans cesser;do always without stopping;;;;;
yõke;3;Verbe;;contracter (une maladie);contract (a disease);;;Disease;;maage
yõkemde;;Adjectif;ó;dru, serré;tight, close, compact, locked up water-proof.;;yõkma;;;
yo-kɩɩnga;;Nom;;impuissant;impotent;;yo-kɩɩmse;Disease;;
yoko;;Nom;ò-ó;creux, trou dans un tronc d'arbre;hollow, hole in a tree-trunk;;yogdo;;;
yo-koom;;Nom;ò-òó;sperme;sperm;;;Body;yoor koom;
yõ-koom;;Nom;;morve;snot;;;;yõya1;
yo-kosĩindga;;Nom;;urètre;urethra;;;Body;rʋʋdem sore;
yõkre;;Nom;ó-é;le fait d'attraper une chose, arrestation;catching one thing, arrest.;;;;;
yolemde;1;Adjectif;ó;impeccable, très propre, pur;impeccable, faultless, mint, very clean, pure, hygienic;yɩlemde;yoalma;;"yolgemde, yɩlemde; antonyme: rẽgdo1";rẽgdo1
yolemde;2;Verbe;;tailler (en enlevant feuilles, épines etc), dénuder (arbre de ses branches ou feuilles);to trim, strip (removing leaves, twigs).;;;;;
yolga;;Nom;;espèce d'arbuste;kind of shrub;;;Bush, shrub;;
yolgemde;;Adjectif;ó;impeccable, très propre, pure;faultless, impeccable, very clean, pure;;yoalma;;yolemde1;
yolgo;;Nom;ó;sac en toile /jute / fibre;sack made of linen, a string-bag;;yondo;Container;;
yolg-yolge;;Adverbe;ó-ó-è;bruit de chute rapide et successive de gouttes;noise of quickly and successively falling drops;;;;;
yolle;;Nom;ó;verrue;wart, verruca.;;yoala;;;
yolll;1;Adverbe;;aqueux, liquide;watery, aqueous, liquid;;;;;
yolll;2;Adverbe;ó;avec yeux luisants;with shiny eyes;;;;;
yolme;;Verbe;ò;tailler (en enlevant feuilles, épines etc.);trim down, whittle (by taking away leaves, thorns), to strip (removing leaves, twigs ...) A yolma tɩɩgã n bas a wil-bɛdã bala;;yolemse;;;
yolse;;Verbe;ó-è;desserrer;loosen, undo, unscrew sth;;;;;yãdge2
yolsgo;;Nom;ó-ó;guérison, libération;healing, release, liberation;;;;"sãoogre; antonyme: yãdgre";yãdgre
yol-vɩʋʋgo;;Nom;;sac vide;empty bag;;;;;
yol-yole;;Adverbe;ò;absence de difficulté, d'aspérité ou de résistance, le fait pour un mal de se calmer;free from difficulty, from unevenness, bumpiness, from resistance, not hurting any more;;;;;
yombo;;Nom;ó;produit utilisé pour noircir les cheveux;product used to blacken hair.;;;;;
yomb-yombe;;Adverbe;ó;rapidement avec agilité, promptement;quickly with agility, speedily;;;;;
yome;;Verbe;ó;trembler;tremble, shake, quiver, shudder, shiver;;;;rigi1;
yomm;;Adverbe;ó;complètement vert;completely green;;;Colour;;
yõmm;;Adverbe;ò;en grand nombre;in large numbers;;;;;
yomse;1;Verbe;ó-è;ajuster;adjust, adapt, straighten up;;;;korse;
yomse;2;Verbe;ó-è;esquisser des mouvements de danse;perform movements in dancing;;;;;
yom-yome;1;Adverbe;ó;flambant neuf;completely new;;;;zam-zame, zamm;
yom-yome;2;Adverbe;;desserré, lâche, non ajusté;loose, slack, lax;;;;;
yõne;;Verbe;ò;marcher avec souplesse en touchant à peine le sol;walk with suppleness / ability almost without touching the ground.;;;;;
yonge;1;Verbe;ò;écarter les bras en formant un arc;splay the arms in the shape of an arc;;;;;
yonge;2;Verbe;ò;ouvrir grandement (les yeux);open widely (the eyes);;;;;
yõnge;;Verbe;ò;puiser;draw water (plenty);;yõense;;tooge1, wõnge;
yõngre;;Nom;õ̀-é;souris;mouse;;yõense;Mammal;;
yongr-zʋʋre;;Nom;;espèce de plante;kind of plant;;;Grass, herb, vine;;
yõng-tabdo;;Nom;ò-á;espèce d'herbe qui colle aux pieds;kind of grass that sticks at the feet;yõngen-tabdo;;Grass, herb, vine;yõens-tabdo;
yõnnn;;Adverbe;ó;en file indienne et en grand nombre;in Indian file and in large numbers;;;;;
yõn-yõne;;Adverbe;ò;de manière souple et sans bruit;in a supple manner and without making noise;;;;;
yõnyõogo;;Nom;ò-ò-ó;aire géographique occupée par les «Nyonyoose»;geographical area where the «Noynyose people» live.;;;;;
yoob soaba;1;Nom;ó-ò;terme d'adresse utilisé par les enfants mâles à l'adresse de la femme de leur oncle maternel et vice-versa;term with which the male children address the wife of their uncle on mother's side and vice-versa;;;;;
yoob soaba;2;Adjectif;;sixième;sixth.;;;;;
yoobe;1;numéral;ò-é;six, 6;six, 6;;;;;
yoobo;;Nom;ó-ò;le fait de commettre l'adultère;committing adultery;;;;yoodem;
yõobo;;Nom;ó-ò;le fait de brûler;burning.;;;;;
yoob-yoobe;;numéral;;par six, six chacun;by sixes, six each;;;;;
yõod geelgo;;Nom;ò é-ó;calcul du bénéfice;profit accounting, surplus profit, calculation of profit;;;Money, Mathematics;rokr geelgo;
yõod soaba;;Nom;;bénéficiaire;beneficiary;;;;;
yoodem;;Nom;ó-é;adultère;adultery;;;;pʋg-roondo, yoobo;
yoodo;;Adjectif;ó-ò;mauvaise, inutile;bad, useless, evil;;;;;
yõodo;;Nom;ò-ó;bénéfice, valeur, avantage;profits, gain, value, advantages, benefits;;;Money, Mathematics;rokre;
yõodo (sen tar);;expression;;utile;useful, helpful.;;;;;
yood-yoodo;;Adverbe;;comme-ci comme-ça;back and forward;;;;yaal-yaale, yõsd-yõsdo;
yooge;;Verbe;ò;filtrer, épurer;to filter, purify sth;;yoose;;;
yõoge;;Verbe;ṍ-è;brûler une chose;to burn one thing with fire, set fire to sth;;yõ;;sogle2;
yoogo;1;Adjectif;ó-ò;mauvais;bad, evil, worthless;yooko;yoodo;;wẽnga1;
yoogo;2;Adjectif;ó-ò;mauvais (en parlant du caractère);bad (speaking of character);;yoodo;;;
yoogre;;Nom;ò-é;action de filtrer;filtering.;;;;;
yõogre;;Nom;ó-é;le fait de brûler une chose;burning one thing.;;;;;
yooko;;Adjectif;ó-ó;mauvais;bad;yoogo;yoodo;;;
yoole;;Verbe;ò;mettre beaucoup d'huile;put a lot of oil;;;;;
yõomde;;Verbe;ò;attendre un peu;wait a bit, to wait small, wait a little;yõonde;;;;
yoonde;;Nom;ó;petite grenouille (espèce) qui se gonfle lorsqu'on la touche;kind of little frog inflating when one touches it;;yoaala;Amphibian;;
yõonde;1;Verbe;ò;s'accroupir en signe de respect;bow / bend as a sign of respect, to crouch (as a symbol of respect);;;;;
yõonde;2;Verbe;ò;être endolori (muscles restés trop longtemps sans mouvement);be aching (muscles because too long time not moved);yõomde;;;;
yoor koom;;Nom;;sperme;sperm;;;Body;yo-koom;
yoore;;Nom;ò-é;pénis;penis;;yoaya;Body;raoolem, raolem;
yõore;;Nom;ó;nez;nose;;yõya;Body;;
yõorẽ wãgdga;;Nom;ó á-á;voyelle nasale;nasal vowel.;;;;;
ã, ẽ, ĩ, õ, ũ yoor-ko-bila;;Nom;ò-ó-í;spermatozoïde;sperm cell, sperm;;yoor-ko-biisi;Body;;
yõor-yaoodo;;Nom;ó;impôt de capitation, taxe;taxation per head, tax.;;;;;
yoosengo;;Nom;ò-é-ó;jabot;crop (bird's throat).;yosengo, yeesengo;yoosendo;;;
yopoe;;numéral;ò-óe;sept, 7;seven, 7.;;;;;
yopoe-poe;;numéral;;pas sept, sept chacun;by sevens, seven each;yopoe-yopoe;;;;
yopopoe;;Adverbe;;par groupes de sept, sept unités chaque;by groups of seven, seven units each.;;;;;
yõ-rãande;;Nom;;cloison nasale;nose partition-wall;;yõ-rãana;Body;;
yorbo;;Nom;ó-ò;bonne bouffe, nourriture;good food, snack, nosh, grub.;;;;;
yore;1;Verbe;ò;dégouliner en tombant goutte à goutte;trickle down drop by drop;;;;;
yore;2;Verbe;ò;avoir beaucoup à bien manger;to have a lot of good food to eat;;;;;
yõre;;Verbe;ò;presser le pas en portant une charge très lourde;heavy steps because carrying a very heavy load;;;;;
yorge;1;Verbe;ó-è;cueillir des fruits verts;pick / pluck / gather unripe fruits;;;;;
yorge;2;Verbe;;maigrir;lose weight, get thinner;;;;faage;
yõ-roogo;;Nom;;narine;nostril;;;Body;yõ-boko;
yõsd-yõsdo;;Adverbe;ó;d'une manière incohérente;in a incoherent manner;;;;yood-yoodo;
yosge;;Verbe;;émonder, tailler, trancher;prune, cut, slice, hack off, chop off;;yose;;kasge;
yõsge;;Verbe;ó-è;rater, louper;miss, fail, foul up, to make a mistake;;yõse;;;
yõsgre;;Nom;;accident, chose arrivée dont on a été la cause sans le vouloir;accident, thing happened of which one is the cause without having had the intention;;;;yĩudgu;
yõwã;;démonstratif;;celui-ci, ceci, cela, ceux;this one, that, this, these;yõ wã;;;;
yõya;1;Nom;;morve;snot;;;Body;yõ-fẽto, yõ-koom;
yõ-yũlga;;Nom;;saignement de nez;nosebleed;;;;yõ-yũnbu;
yõ-yũnbu;;Nom;;saignement de nez;nosebleed;;;Disease;yõ-yũlga;
yũ;;Verbe;ṹ;boire;to drink;;;;;rɩ
yubga;;Nom;ú-à;oubli fatal;limbo, fatal forgetfulness, oblivion, laps of memory.;;yubsi;;;
yubgi;;Verbe;;oublier;forget;yibgi;yubsi;;yĩmi;
yub-kiga;;Nom;;ganglion;swollen lymph nod;;;Disease;;
yubla;1;Nom;ù-á;cou;a neck;;yubli;Body;yũbla;
yubla;2;Nom;ù-á;petite jarre;small jar;;yubli;Container;;
yũbla;;Nom;ù-á;cou;neck;;yũbli;Body;yubla1;
yubli;;Verbe;;épandre, saupoudrer;disseminate, spread, diffuse, disperse, be-sprinkle, strew, sprinkle;;;;yugli;
yub-paadga;;Nom;ù-á-á;joug;yoke;;;Agriculture;zu-raoogo, koko-pitga;
yub-paad-koɛɛga;;Nom;;joug simple;simple yoke;;;Agriculture;;
yub-paad-sẽbdga;;Nom;;joug de garrot;neck yoke;;;Agriculture;;
yub-paad-soagdga;;Nom;;joug de tête;head yoke;;;Agriculture;;
yub-paad-yɩɩba;;Nom;;joug double;double yoke;yub-paad-woko;;Agriculture;;
yubsi;1;Verbe;ú-ì;prendre à la légère et pour cela ne pas se méfier;take it easy and thus not be suspicious;;;;reeme;
yũbsi;;Verbe;;sentir par l'odorat;smell, reek;;;;yũmsi1, yõbse;
yugi;;Verbe;ù;proclamer, fêter une succession royale;proclaim, celebrate a royal succession;;;;;
yugli;;Verbe;ù;épandre, saupoudrer;disseminate, spread, diffuse, disperse, be-sprinkle, strew, sprinkle, spatter, scatter sth;;;;yubli;
yug-yugi;;Nom;;friperie;second-hand clothes;;;Clothing;;
yulgumdi;;Adjectif;ú;propre;clean, pure;;yulgma, yulma;;yulumdi2;
yũlinyũuga;;Nom;;plante (espèce), basilic;plant sp, basil;yulinyuuga, yulunyuuga;yũlinyũusi, yulunyuusi;Grass, herb, vine;;
yuli-yũ-raaga;;Nom;;espèce de plante;kind of plant;;;Grass, herb, vine;;
yulll;1;Adverbe;ú;tout propre;very clean;yɩll;;;yulungu;
yulll;2;Adverbe;ú;intensif, complètement;intensive, completely.;;;;;
yulmi;1;Verbe;ù;faire tournoyer;swirl, make to twirl, spin round and round;;;;;
yulmi;2;Adjectif;;propre;clean, tidy;;;;yulungu;
yulumdi;1;Verbe;ù;rincer un récipient en agitant l’eau en l'intérieur selon un mouvement circulaire;rinse a container by swinging the water inside in a circular movement;;yulma;;zulumdi3;
yulumdi;2;Adjectif;;propre;clean, pure;;;;yulgumdi;
yulungu;;Adjectif;ú;propre;clean, tidy;;;;yulll1, yulmi2;
yulunyuuga;;Nom;ú-ú-ú-á;plante (espèce) à odeur très forte;mint, wild mint, plant sp with a strong smell, lemon basil;yulunyuugu, yũlunyũuga, yũnunyuuga;yulunyuusi;;;
yulun-yũuga;;Nom;;espèce de plante;kind of plant;yulin-yũuga;;Grass, herb, vine;;
yũmsi;1;Verbe;ù;sentir par l'odorat;smell the odour;;;;yũbsi, yõbse, yũmsi2;
yũmsi;2;Verbe;;sentir par l'odorat;smell the odour;yõmse;;;yũmsi1;
yũn zɩɩm;;expression;;saigner;to bleed.;;;;;
yũni;1;Verbe;ú;être trop grand, trop ample;be too big, too large / wide, oversize;;;;yʋlemde;
yũni;2;Verbe;ú;suinter, passer à travers, être troué;to leak, drip, ooze, seep, get through, have holes;;;;;
yũ-noodo;;Nom;ú-ó-ó;patate douce;sweet potatoes;;;Food;nayũuri, yũuri1;
yũ-noogo;;Nom;;arôme;aroma, flavouring.;;;;;
yũnugi;1;Verbe;ṹ;abreuver, faire boire;to give a drink, make sb;yũngi;;;;
yũnugi;2;Verbe;;teindre;to dye.;;;;;
yũnugri;;Nom;ú-ú-í;le fait d'abreuver;making to drink.;;;;;
yurba;;Nom;ú-à;mulet;mule;;;Mammal;;
yurgi;;Verbe;ú;arracher;uproot, tear out, wrench, pull up, rip;;yuri, yusi;;;
yũri-sega;;Nom;;espèce d'arbre;kind of tree;segue, sɛɛga, duanduanga;;Tree;;
yusgi;;Verbe;ú-ì;arracher;pull up, wrench, tear out, uproot;;yusi;;;
yutub;;Nom;;YouTube;YouTube;;;computer / digital;;
yũubu;;Nom;ú-ù;le fait de boire;drinking;;;;;
yuufu;;Nom;;éphémère, termite ailée;mayfly, winged termite;;yu;Insect;yaafo2;
yuug nao-kidri;;Nom;;espèce de plante ressemblant à un poing formé par les doigts d'un chat;kind of plant similar to a cat's claw.;;yuug nao-kida;;;
yũug yalg wilgda;;Nom;;odorat;sense of smell, nose.;;;;;
yuuga;;Nom;ù-á;chat;cat;;yuusi;Mammal;yũuga1;
yũuga;1;Nom;ũ̀-á;chat;cat;;yũusi;Mammal;yuuga;
yũuga;2;Nom;ù-á;nombril;navel, belly button, umbilicus;yũugu;yũusi;Body;;
yuugi;;Verbe;ù;faire le tour, aller et venir une fois;to make a return trip, to make a round trip, go around, go and come back one time;;yuusi;;;
yũugi;;Verbe;ú-ì;assécher, tarir;drain, make a land dry, dry up, cease to yield water;;;;;
yũug-nakda;;Nom;;espèce de plante;kind of plant;;;Grass, herb, vine;;
yũugnakida;;Nom;;plante (espèce);plant sp;;;Grass, herb, vine;;
yũug-tar-kiuugu;;Nom;;éclipse de lune;eclipse of moon;yuug-yõk-kiuugu, yuug yõo kiuugu;;Sky;kiu-liullgu;
yũugu;;Nom;ú;odeur;odour, a smell;;;;;
yuuli;1;Verbe;ú;suinter, exsuder;to ooze, seep, drip, exude, sweat;;;;;
yuuli;2;Verbe;;faire des bleus, durcir;weal, get callus / hardened parts;;;;;
yuumi;;Verbe;ù;balancer les bras d'avant en arrière;swing the arms backwards and forwards;;;;;
yũuri;1;Nom;ú-ì;patate douce;sweet potato;;yũya;Food;nayũuri, woso, yũ-noodo;
yũuri;2;Nom;ú;bulle, ampoule;bladder, blister;;yũya;;;
yuusgu;;Nom;;le fait de glaner;gleaning;;;;yiisgu1;
yũusi;;Verbe;;enlever de la pâte de tô avec une louche et la mettre dans un récipient;take out some porridge with a ladle and put it into a container / dish, to serve, dole out t.z;;;;;
yũ-wĩiri;;Nom;;cordon ombilical;umbilical cord;;yũ-wĩya;Body;nayũya;
yũ-zɩɩm;;Nom;;maladie du nombril;belly button disease;yũug zɩɩm;;Disease;;
yʋba;;Adverbe;;complètement nu;completely naked;;;;;
yʋ-baooda;;Nom;;élégance, coquetterie;elegance, fanciness, stylish, vanity;;;;zaase;
yʋbe;;Verbe;ʋ́;consommer la sauce uniquement sans le tô qu'elle accompagne;eat the sauce alone without the porridge that goes with it, to drink soup without staple;;;;"fʋre; antonyme: ga2, wẽeme2";ga2, wẽeme2
yʋ-beedre;;Nom;;insulte, mauvaise renommée;insult, bad reputation;;;;;yʋ-noogo
yʋ-beem;;Nom;ʋ́-é;mauvaise renommée;bad reputation.;;;;;
yʋbga;;Nom;ʋ́-à;sauce de légumes;vegetable sauce;;;Food;zẽ-yʋbga;
yʋbrga;;Adverbe;;tout trempé dans ses habits;completely wet in one's clothes;;;;;
yʋddd;1;Adverbe;;rouge vif;brightly / vivid red;;;Colour;;
yʋddd;2;Adverbe;;frais, fraîche;fresh, cool, cold;;;;;
yʋga;;Adverbe;;tout trempé;soaking wet;;;;;
yʋgbre;;Adjectif;ʋ́-é;très gros;very thick / corpulent;;yʋgba;;;
yʋge;;Verbe;ʋ́;avoir l'eau à la bouche, saliver d’appétit;someone's mouth waters;;;;;
yʋgemde;1;Nom;ʋ́-é;chameau, chamelle, dromadaire;camel, dromedary;;yʋgma;Mammal;;
yʋgemde;2;Verbe;ʋ́-é-è;mouiller complètement;get completely wet, wetted completely;yogemde;;;yʋgemse;
yʋgempende;;Nom;ʋ́;hérisson;hedgehog;zʋgempende;yugempɛla;Mammal;;
yʋgemse;;Verbe;;mouiller complètement;get completely wet, whetted completely;;;;yʋgemde2;
yʋgse;;Verbe;ʋ́-è;être en déconfiture;be failing, collapsing, falling through, doomed;yogse;;;;
yʋg-yʋge;1;Adverbe;;lâche, mal serré, mal attaché;loose, not tightened well, not well tied;;;;;
yʋg-yʋge;2;Adverbe;;qui a l'eau à la bouche;having a watering mouth;;;;;
yʋka;;Nom;ɩ́-à;filet;net;;yʋgse;Hunt and fish;;
yʋlemde;;Verbe;;être trop ample, trop grand, flotter;be too loose, large, wide, big;yʋlme;yʋlse;;yũni1;
yʋlga;1;Nom;ʋ́-à;corbeille à trous;basket with holes;;yʋlse;Container;kazaaka;
yʋlga;2;Nom;;pétiole;petiole, leaf stalk;;;Parts of a plant;wilga2;
yʋlge;;Verbe;ʋ́-è;couler (matière visqueuse, gluante);flow sluggishly, run down, drop (of a slimy, viscous matter);;yʋʋle;;;
yʋlme;;Verbe;ʋ́-è;s'éparpiller, se répandre;scatter, spread out, spill, gush, shed;;;;;
yʋmbe;;Verbe;;paniquer et ne pas pouvoir rester en place;to panic an not able to stay on the spot;;;;yʋme;
yʋme;;Verbe;;paniquer;panic;;;;yʋmbe;
yʋnaokida;;Nom;;plante (espèce);plant sp;;;Grass, herb, vine;;
yʋngẽ;;Nom;ʋ́;la nuit dernière, hier nuit;last night, yesterday night.;;;;;
yʋng-yʋngo;;Nom;ʋ́-ʋ́-ó;chaque nuit;every night.;;;;;
yʋ-noogo;;Nom;;respect, parler du bien sur, bonne renommée;respect, speak well of, good reputation;;;;;yʋ-beedre
yʋn-sʋg-nabiiga;;expression;;très tard dans la nuit;very late in the night;yʋn-sʋg-na-biiga;yʋn-sʋg-nabiisi;;;
yʋn-sʋgre;;Nom;;minuit, tard dans la nuit;midnight, late in the night;;;;yʋn-sʋka;
yʋn-sʋka;;Nom;ʋ́;minuit, tard dans la nuit;midnight, late in the night;yʋʋn-sʋka;yʋn-sʋgse;;yʋn-sʋgre;"wĩnto-sʋka; synonyme: yʋn-sʋgre"
yʋ-pʋtre;;Nom;ʋ́-ʋ́-é;nom propre;proper name.;yʋ-pʋtga;;;;
yʋ-sõngo;;Nom;;renom;fame, renown, reputation.;;;;;
yʋʋga;;Nom;;boucle, anneau;loop, ring.;;yʋʋse;;;
yʋʋge;;Verbe;;prendre dans une boucle, dans un crochet;to catch in a loop, hook, to lasso sth., take in a loop, in a hook;;yʋʋse;;;
yʋʋm kobre;;Nom;;siècle;century, centennial.;yʋʋm koabgẽ;;;;
yʋʋm piig pʋgẽ;;expression;;décennie, une période de 10 ans;decade;;;;yʋʋm piiri;
yʋʋm piiri;;Nom;ʋ̀ í-í;décennie;decade;;;;yʋʋm piig pʋgẽ;
yʋʋm sõore;;Nom;;âge;age.;;;;;
yʋʋm tusrindi;;Nom;ʋ̀ -ú-í;millénaire;millennium.;;;;;
yʋʋma;1;Nom;ʋ́-à;griot, musicien;praise-singer, griot, African traditional singer, «griot» (singing the praises of the ancestors), musician;;yʋʋmba;Worker;;
yʋʋmd fãa;;expression;;annuel, par an;annual;;;;yʋʋmd-yʋʋmde;
yʋʋmde;;Nom;ʋ̀-é;an, année;year.;;yʋʋma;;;
365 jours yʋʋmd-yʋʋmde;;Nom;ʋ́-ʋ̀-é;chaque année, par an;every year;;;;yʋʋmd fãa;
yʋʋm-sar kiuugu;;Nom;;décembre;December.;yʋʋm-sare;;;;
yʋʋm-vẽkr kiuugu;;Nom;;janvier;January.;;;;;
yʋʋm-vẽkre;;Nom;;nouvel an;New Year;;;;;
yʋʋm-yɩta;;Nom;;dans deux ans;in two years;;;;vẽ-rayɩta;
yʋʋn-sʋka;;Nom;;minuit;midnight.;yʋn-sʋka;;;;
yʋʋn-zondo;;Nom;;cécité nocturne;night blindness;yʋʋn-zõndo;;Disease;;
yʋʋr ne yalẽng sɩgre;;Nom;;accord entre le nom et l'adjectif;agreement between noun and adjective.;;;;;
yʋʋr tũudunga;;Nom;ʋ́ -ù-á;déterminant (mon, ton etc.);determiner (my, your etc.) Mam ma;;;Grammar;;
Yʋʋrã;;Nom;;Identifiant;Login;;;computer / digital;;
yʋʋre;1;Nom;ʋ́-è;nom, prénom;name, first name;;yʋya;Grammar;;
yʋʋre;2;Nom;ʋ́;canari, pot pour l'eau;water jar, pot, water-pot;;yʋya;Container;;
za;1;Verbe;à;entraver;to tie up, harness, strain, clog, crimp, bind / tie together;;;;;zaage
za;2;Verbe;;raccommoder;to mend, darn;;;;ligli2, lisgi;
zã;;Verbe;á;porter, tenir, garder sur soi, maintenir, entretenir;carry, hold, keep, maintain, manage;;;;;
zã';;Adverbe;;saisir brusquement, par surprise;catch suddenly, by surprise.;zã'a;;;;
zãa;;Adverbe;à;lourdement;heavily;;;;;
zãabazã;;Nom;à-á-á;espèce de grosse araignée haute sur pattes que se déplace très rapidement;solifuge, running-spider, kind of big spider moving very quickly an having long legs;;zãabazã-rãmb a;Spider;azã;
zãabe;;Verbe;á-è;agacer les dents (après consommation d'un aliment acide);irritate the teeth (after having eaten acid a food);;;;;
zaab-noore;;Nom;;l'orée du soir, vers 17 heures;beginning of the evening, towards 5 pm;;zaab-noya;;;
zãabo;;Nom;á-ò;détention, portage, le fait de tenir, le fait de garder sur soi, entretien;carrying, holding, possession, maintenance.;;;;;
zaabre;1;Nom;àá-è;soir, après-midi;evening, afternoon;;;;;
zaabre;2;Nom;;canne de circoncis;stick / cane of the circumcised people;;;;;
zaabr-zaabre;;Nom;;chaque soir;every evening.;;;;;
zaadegõfo;;Nom;;vipère, caucus;Night Adder;;;Reptile;;
zaage;;Verbe;à;désentraver;free so./sth;;;;"tirgi; antonyme: za1";za1
zãage;;Verbe;á-è;éloigner;to send / put sb;;;;;
zãagre;;Nom;;le fait de s'éloigner;moving away, drawing away.;;;;;
zaala;;Nom;á-à;sans vêtement autour des parties génitales, tout nu;without clothes around one's genital parts, completely naked;;;;;
zaalem;;Nom;á-é;rien, sans rien, sans raison;nothing, for no reason, without reason, pointless, in vain;;;;zero;
zaalga;;Adjectif;á-á;ordinaire, simple;ordinary, common, usual, simple;;zaalse, zaala;;zaalle;
zaalle;;Adjectif;á-é;simple, pas plus que tel;mere, simple, straight forward, common;;zaala, zaalse;;zaalga;
zaamẽ;;Nom;à-é;hier;yesterday;;;;;
zaamẽ bãngre;;Nom;;reconnaissance;thankfulness, appreciation, acknowledgement;;;;yel-sõm-minim;
zaamẽbeoogo;;Nom;à-ẽ́-è-ó;gratitude, reconnaissance;gratitude, thankfulness;zaamẽnebeoo go, zaame ne beoogo, zãame beoogo;;;;
zãande;1;Nom;à-é;matraque faite d'une pièce de bois armée de fer;club made of wooden handle and iron weapon, bludgeon.;;zãana;;;
zãande;2;Adjectif;á-é;suspendu, accroché;hanged, suspended, hooked on;;zãana;;zãnem;
zãandga;;Nom;;balançoire;swing.;;;;;
zãane;;Verbe;á-è;balancer;sway, swing.;;;;;
zaanga;1;Nom;à-á;arbre (espèce);tree sp;;zaamse;Tree;;
zaanga;2;Adjectif;à-á;pelage noir et blanc;black and white fur;;zaamse;Colour;;
zãare;;Nom;á-e;marteau utilisé dans la forge, constitué de fer sans manche;forge-hammer, iron hammer used in blacksmith work, with no handle.;;zãya;;;
zaase;;Nom;á-è;élégance, coquetterie;elegance, fanciness, stylish, well-dressed, vanity, conceitedness;;;;zaazʋ, yʋ-baooda, nagda;
zãase;;Verbe;á-è;tapoter;to hammer sth;;;;pĩisi;
zaato;1;Nom;à-ó;ami;friend;;;;zoa;
zaato;2;Nom;à-ó;résidu de l'indigo;residue of the indigo colouring.;;;;;
zaato;3;Adjectif;à-ó;de teint clair;bright / clear skin colour, light-coloured African;;;;moeega;
zãa-zãa;;Verbe;;déplacer en tenant à deux par les bouts;displace while two people are holding at two ends;;;;;
zaazʋ;;Nom;;élégance, coquetterie;elegance, fanciness, stylish, well-dressed, vanity;;;;zaase;
zabdem;;Nom;;douleur, mal;pain, ache, harm;;;Disease;;
zabd-n-taaga;;Nom;à-á-á;adversaire, opposant, antagoniste;adversary, opponent;;zab-n-taase;;maood-n-taaga, nin-kɩɩsda;
zabd-n-taare;;Nom;à-á-é;état de conflit, discorde, dispute;state of conflict, discord, trouble, quarrel, battle;;;;;
zabe;2;Verbe;;faire mal;to hurt, ache, it is hurting;;;Disease;;
zabe;;Verbe;à;combattre, se battre, se quereller;to fight, quarrel, struggle;;;;;
zãbge;;Verbe;á-è;écraser en tombant dessus;crush by falling upon;;zãbe;;;
zabɩ;1;Nom;à-ɩ́;pelage roux (âne);reddish fur, foxy red fur (donkey);;;;;
zabɩ;2;Nom;á;sorte de met (couscous) à base de haricot;couscous dish with beans;;;Food;;
zabɩ;3;Adverbe;á;un type d'appel fort et brusque;loud and sudden call;zagɩ, zaga;;;;
zab-kaoore;;Nom;à-áo;le fait de déclencher une bagarre;triggering a fight;;;;;
zable;;Verbe;à;mettre en conflit;to incite a quarrel, make people fight, cause to get into conflict;zablge;;;;
zãbnega;;Nom;à-è-á;arbuste (espèce) dont les grains de gousse sont comestibles;shrub sp of which the gains of the pods are edible;zãmnega, zãmenga;zãbnese;Bush, shrub;zãmnenga, sãnsãeedga;
zab-paasa;;Nom;à-á-à;réconciliateur;reconciliatory person.;zab-paasda;zab-paasdba;;;
zab-pẽrsa;;Nom;à-é-à;personne qui incite à la querelle;person who incites people to fighting;zab-pirsa, zab-pirsda;zab-pẽrsdba;;zab-rʋʋsa, zab-tẽesa;
zabre;;Nom;à-é;querelle, guerre, bagarre, bataille, conflit;quarrel, war, fight, battle, conflict;;zaba;;zab-pẽrsa;
zab-taasa;;Nom;à-à-á;personne qui cherche la dispute;person who looks for quarrelling;;;;;
zab-teedo;;Nom;;armes;arms, weapons;;;;ra-teedo;
zab-teedo sẽn tõe n sãam neb wʋsgo;;expression;;armes de destruction massive;weapons of mass destruction.;;;;;
zab-tẽesa;;Nom;;personne qui incite à la querelle;person who incites people to fighting;;;;zab-pẽrsa;
zab-yʋʋre;;Nom;;devise de chef (lit;;;;;;
zab-zabda;;Nom;;querelleur, bagarreur, guerrier;quarrelsome person, tartar, truculent person, warrior.;;;;;
zãb-zãbe;;Adverbe;à;doucement, calmement;softly, gently, calmly;;;;bʋg-bʋge;
zade;;Nom;;ténia;tapeworm;;;Small animals;zãdre, kãn-tĩiga, pʋ-beedo;
zãdge;;Verbe;;refuser, rejeter;refuse, reject sth;;;;tõdge, zãgse1;
zãdre;;Nom;à-é;ténia (ver);tapeworm;zãde;zãda, zãde;Small animals, Disease;zade, pʋ-beedo, kãn-tĩiga;
zae;;Verbe;à;piller, agir, faire rapidement avant qu'il ne soit trop tard;plunder, loot, rob, pillage, do it quickly before it's too late;zɛ;;;;
zãe;1;Verbe;àe;vibrer, résonner;vibrate, resonate, resound, clatter;;;;;
zãe;2;Adverbe;áe;vigoureusement, énergiquement;vigorously, strenuously, energetically;;;;;
zaeebo;;Nom;áe;pillage;looting, plundering.;zɛɛbo;;;;
zaeega;;Nom;;aire;threshing floor, sphere, area;;;Agriculture;;
zafare;;Nom;á-á-é;après-midi;afternoon;;;;;
zaga;1;Adverbe;;les quatre pieds en l'air;the four legs in the air;;;;;
zaga;2;Adverbe;;d'une voix forte et tranchante;with a loud and sharp voice;;;;;
zagdẽ;;Nom;á;jardin;garden;;;;zẽedo2, zẽ-pʋʋgo;
zage;1;Verbe;á;se coller à;to stick to sth;;;;made2;
zage;2;Verbe;;dépasser un multiple de 10, dépasser largement un nombre donné;go beyond a multiple of 10, overshoot a large number;;;;yɩlem;
zage;3;Verbe;á;porter loin (en parlant de la voix);carrying far (speaking of the voice);;;;;
zagengo;;Nom;à-ó;démangeaison;itching;;;Disease;;
zagla;;Nom;á;un tel, Monsieur Untel (dont le nom est oublié ou bien il n'est pas important);so and so, Mr So-and-so (the name is forgotten or irrelevant);;zagl-dãmba;;;
zaglem-zaglem;;Adverbe;à;pendre en désordre;hang in a messy manner, untidy, unordered;zagl-zagle;;;;
zagme;;Verbe;à;gratter pour calmer la démangeaison;scratch to calm down the itching;zakme;;;zake2;
zag-noore;;Nom;;entrée, portail, porte;entrance, gate, door.;;;;;
zãgre;;Nom;à-é;poisson (espèce);fish sp;;zãga;Fish;;
zagse;1;Verbe;á-è;tomber en lambeaux, devenir vieux et déchiré;become rags, tatters, old and torn;;;;;
zagse;2;Nom;à-é;cours intérieures, concessions, maisons;inner courtyards, compounds, houses;;;Building;;
zãgse;1;Verbe;à;refuser, rejeter, contester;refuse, reject, deny, challenge, contest, oppose sth;;;;tõde1, zãdge;
zãgse;2;Verbe;à;asperger, arroser;to irrigate, sprinkle, water;;;;;
zãgsenga;;Adjectif;à-è-á;tranchant ou non gluant (parlant de sauce);sharp or not slimy /sticky (speaking of sauce);zãgsga;zãgsense, zãgesse;;sãbsga;
zãgsgo;;Nom;à-ó;arrosage;watering;;;;;
zag-zage;1;Adverbe;;d'une voix forte et tranchante;with a loud and sharp voice.;;;;;
zak põag bãka;;Nom;;piscine;swimming pool.;;;;;
zak pʋg-tʋmdga;;Nom;;ménagère;domestic helper, housewife, household worker;;;Worker;;
zak rãmba;;Nom;;famille;family;;;Relationships;;
zak soaba;1;Nom;;chef de famille;head of the family.;;zak soben-dãmba;;;
zak soaba;2;Nom;;locataire;tenant.;;;;;
zak tʋʋma;;Nom;;ménage;household, housework.;;;;;
zaka;1;Nom;à-á;concession, maison, cour intérieure, cour, habitation, enceinte délimitée et se trouvant sous la responsabilité d'un chef de famille;compound, house, inner courtyard, home, dwelling, flat, apartment, enclosed space being under the responsibility of the head of the family;;zagse;Building;;
zaka;2;Adjectif;á;usé, abîmé;worn, worn out, shabby, spoiled;zako;zagse, zagdo;;;
zaka;3;Nom;á-à;unité au-dessus d'un multiple de 10;unit over the multiple of 10;;;;;
zaka;4;Nom;;dîme;tithe, tenth;;;;;
zaka yembre neba;;Nom;;famille;family.;;;;;
zãkara;;Nom;;gale;scabies, mange;;;Disease;;
zake;1;Verbe;á-è;découper et retourner de la terre mouillée pour faire pénétrer l'eau;cut and turn over wet earth to make the water penetrate;;;;;
zake;2;Verbe;;gratter pour calmer la démangeaison;scratch to calm down the itching;;;;zagme;
zãke;;Verbe;à;soulever;lift up, raise up, take up;;zãgse;;;
zakliuula;;Nom;;amarante commun;fire finch;;;Bird;;
zako;;Nom;á;rhume de cerveau, grippe;brain cold / catarrh, flu, influenza;;zagdo;Disease;meoogo1, zaoko1;
zalem;;Nom;;charbon;anthrax;;;Disease;ka-galem, galem;
zalle;1;Adverbe;á-è;complètement isolé, à part, à l'écart, particulier;completely isolated, set apart, aside off, aloof from, special;;;;;
zalle;2;Nom;;idiot, vaurien;idiot, fool, no-good, bad lot, good for nothing, useless person;;zala;;yalma, beoko2;
zãlle;;Verbe;;tenir suspendu;hold suspended, hold hanging;;;;zãnde3;
zãllem;;Verbe;;être suspendu, haut;be elevated, high, raised;;;;zãndlem, zãnde4;
zalzaaga;;Adjectif;;peu serré, mal tissé;not very tight, badly woven;;zalzaase;;;
zal-zale;;Adjectif;;tiède;lukewarm, tepid;;;;;
zãma;;Nom;à-á;foule;crowd, host, herd;zama;;;neodgo, neb kʋʋngo, bãndʋrba;
zamaana;;Nom;à-á-à;temps, époque, génération, humanité;time, epoch, era of ..., generation, humanity;zãmaana, zamaanẽ;;Region;repibliki;
zãmaana;;Nom;;temps, époque, génération;time, epoch, generation;zamaana;;Region;;
zamaan-paalga;;Nom;;temps modernes;modern times;;;;dũn-yaooga, dũni yaooga;
zamaan-tẽnga;;Nom;;nation;nation;;zamaan-tẽnse;Country;;
zamaan-zẽns kibay;;Nom;;informations internationales;international news.;;;;;
zãmb soaba;;Nom;;traître, trompeur, hypocrite;traitor, deceiver, hypocrite;;zãmb rãmba;;;
zãmbda;;Nom;;traître;traitor, deceiver;;;;;
zãmbe;;Verbe;à;tricher, trahir, tromper;cheat, betray, deceive;zãmbge;;;;
zãmbeelle;;Nom;á-é-é;couché sur le dos;lying on the back;;zãmbɛɛla;;;vabe, vãbne, vãbnege, vabende
zãmbeende;;Nom;à-è-é;fête coutumière pendant laquelle on s'asperge d'eau pour jouer;traditional celebration during which people are spilled over with water for amusement.;;;;;
zãmbende;;Nom;ã̀-é;fête coutumière;traditional feast / celebration.;zãmbeeende;;;;
zãmbɛɛla;;Verbe;;à plat ventre;flat on one's stomach / chest, prostrated;;;;yão-vabga;
zãmbgo;;Nom;;trahison;treachery, betrayal.;;;;;
zãmbo;;Nom;à-ó;tromperie, tricherie, trahison;cheating, deceiving, treason betrayal, deception;;;;belgre1;
zãmboɛɛga;1;Nom;;mangouste des marais, mangouste ichneumon;marsh mongoose, Egyptian mongoose, large grey mongoose;;zãmboeese;Mammal;;
zãmboɛɛga;2;Nom;à-óɛ-à;bouc sauvage;wild he-goat;;zãmboeese;Mammal;;
zamde;;Nom;á;gros bracelet en cuir que les archers portent;big leather bracelet that arches wear;;zama;Adornment;;
zame;;Verbe;à;entasser, être entassé, parquer;pile up, be piled up, to coop up, to park;;;;;
zamm;;Adverbe;;flambant neuf;completely new;;;;yom-yome1;
zãmnenga;;Nom;;arbre (espèce);tree sp;zãmnega;zãmnense;Tree;gem-bãoogo, sãnsãeedga, zãbnega, zezedga;
zãmpãdre;;Nom;;gousse de néré verte;green pod of dawadawa fruit.;;zãmpãda;;;
zãmpalɩgre;;Nom;;petite mouche à miel;kind of small honey fly;;zãmpalɩga;Insect;;
zãms kaorengo;;expression;;s'alphabétiser;learn to read and write, do literacy, get literate.;;;;;
zãmsda;;Nom;;apprenti, stagiaire;trainee, apprentice, student teacher, student nurse.;;;;;
zãmsdo;;Nom;à-ò;rêve;dream.;;;;;
zãmse;1;Verbe;à;apprendre;learn;zamse;;;;
zãmse;2;Verbe;à;rêver;to dream;;;;;
zãmsgã gom-zugu;;Nom;à-á ó-ú-ù;titre;title, heading;;;;gom-zugu;
zãmsgã yẽgre;;Nom;à-á é-é;thème;theme;;;;koe-zugu;
zãmsgo;1;Nom;à-ó;apprentissage, étude, formation, leçon;learning, study, training, lesson;zãomsgo;;Teach;;
zãmsgo;2;Nom;à-ó;rêve, le fait de rêver;dreaming, dream.;;;;;
zam-zam;;Adverbe;á-á;flambant neuf;brand-new;zama, zamm, zam-zame;;;hãmm;
zam-zame;;Adverbe;;flambant neuf;brand-new;zam-zam;;;yom-yome1;
zãm-zãme;;Adverbe;à;somnolant;sleepily, somnolent, drowsy;;;;;
zãn-daoogo;;Nom;;poutre de hangar;hangar beam;;;;;
zãnde;1;Nom;ã̀-é;torse, buste;torso;;;;;
zãnde;2;Nom;á;hangar;hangar, shelter, shed, hut;;zãna;Building;pãaga;
zãnde;3;Verbe;à;tenir suspendu;hold suspended, hold hung up;;;;zãlle;
zãnde;4;Verbe;à;être élevé, haut;be elevated, high, raised;;;;zãllem;
zãnde;5;Nom;á;défaut, marque;fault, lack, defect;;zãna;;bãnde1;
zãndge;;Verbe;à;enjamber;step over, stride over;;;;gãnge, zãnge;
zãndgo;;Adjectif;;grand;big, huge, tall.;;;;;
zãndlem;;Nom;à-é;hauteur, grandeur;height, greatness;zãntlem, zãllem;;Mathematics;zeongo, zãllem;
zãndr-kʋka;;Nom;;espèce de plante légumineuse dont on se sert pour tuer les puces;kind of vegetable plant that is also used to kill fleas;zãndrkʋka;zãndr-kʋgse;Bush, shrub;rãmbr-kʋka;
zãnega;;Nom;á;morceau de corde attaché dans une case et servant à accrocher les habits;piece of string hanging in a room and used to hang / hitch clothes.;zãlga;zãnese;;;
zãnem;;Adjectif;;suspendu, accroché;hanged, suspended, hooked on;;;;zãande2;
zanga;1;Nom;á;roussette, chauve-souris;bat;zãnga;zamse, zãense, zãmse;Mammal;zãnzãnga, zigzãnga;
zanga;2;Nom;á;défaut, fêlure;fault;;zamse, zãense;;;
zãnga;1;postposition;à-á;tout, entier;all, entirely, wholly;;;;fãa, gilli1;
zãnga;2;Nom;á;chauve-souris;bat;zanga;zãmse, zãnse;Mammal;zigzãnga;
zãnga;3;Adverbe;;entièrement;completely;;;;;
zãnge;;Verbe;à;enjamber, sauter;step over, jump over;;;;zãndge;
zãngĩndi;;Nom;;un vaurien, quelqu'un qui se débat pour sortir d'une situation peu envieuse;a person good for nothing, a never-do-well, someone who is trying to get out of a difficult situation;zãngindi;zãngĩna;;;
zãngoeere;;Nom;;pays haoussa;Hausa homeland, Hausa country / area;;;Region;;
zãngoeoogo;;Nom;;haoussa;Hausa person;;zãngoeto;Community;;
zãngoe-sʋʋga;;Nom;;épée, sabre;sword, sabre.;;;;;
zãngr bõne;;Nom;;perte totale;total loss;;;;;
zãng-zãnga;;Adverbe;à-á-á;entièrement, au complet;entirely, fully, wholly, completely, with everything;;;;;
zãnkãdre;;Nom;á;gale;scabies;zãnkãda;zãnkãda;Disease;;
zankita;;Nom;á-í-á;petite chauve-souris;small bat;zomkita, zãnkita;zankiti, zãnkiti;Mammal;;
zãnkita;;Nom;á-í-á;espèce de chauve-souris de petite taille vivant dans les trous des habitations;kind of small bat living in holes of habitations;zamkita, zomkita, zãnkɩtga;zãnkiti;Mammal;;
zãn-kudga;;Nom;à-ú-a;dos;back;zãn-kuidga, zãn-kudgu;zãn-kudsi;Body;kudga;
zãnkũngu;;Nom;;point de jonction entre la colonne vertébrale et l'os du bassin;spot where the backbone and the bone of the pelvis meet;zãnkũinga;zãnkũndu;Body;se-rʋk kõbre;
zan-pondre;;Nom;à-ò-è;roussette;fruit bat, hammer-headed-bat, flying fox;;zan-poanda;Mammal;;
zãntãa;;Adverbe;á;unique, seul;unique, alone;zãntãoo;;;tãa2;
zãntgo;;Nom;;très haut;very high;zãndgo;;;yĩngr-yĩngri;
zãntĩnga;;Nom;à-í-à;dos de la poule, croupion;back of chicken, behind.;;zãntĩnsi;;;
zãnzãnga;;Nom;á;chauve-souris;bat;;zãnzãense;Mammal;zanga1, zigzãnga;
zãnzũuri;;Nom;à-ú-ì;ver, chenille;worm, maggot, caterpillar;;zãnzũya;Small animals;zũnzũuri;
zao;1;Verbe;ào;être perché, être assis sur;be sitting on sth., be sat;;;;;
zao;2;Verbe;;se déplacer à un certain rythme en parlant du cheval ou certaines autres bêtes;moving in a certain rhythm (e.g;zão;;;;
zao;3;Verbe;;se poser;settle, to place on;;;;;
zaoko;1;Nom;;rhume, coryza, bronchite;catarrh, cold (in the head), bronchitis;;;Disease;zako;
zaoko;2;Adjectif;áo;cassé, abîmé, usé;broken, worn out, spoiled;zaka;zagdo, zagse;;;
zãomsgo;;Nom;;apprentissage, formation;learning, study, training.;zãmsgo;;;;
zãondgo;;Adjectif;ào;surélevé, haut sur pied;raised, high up;;zãndedo;;;
zãongo;1;Nom;áo-ò;case à deux portes servant de case de séjour aux chefs;hut with two doors used as living-room for chiefs;;zãndo;Building;;
zãongo;2;Adjectif;áo;haut sur pattes;with long legs;;zãnse;;;
zaoodga;;Nom;à;socle;stand, base, foot, foundation.;;;;;
zaooga;1;Nom;ào-á;siège, chaise, tabouret;seat, chair, stool;;zaoose;;zoambdga;
zaooga;2;Nom;áò-á;fraction de l’ethnie des Mosse parlant le zaooré;fraction of the Mossi people speaking the Zaoore dialect;;zaoose;Community;;
zaooga;3;Adverbe;áo;façon d'être assis sur;manner of sitting on;;;;;
zaooge;;Verbe;ào;prélever, enlever rapidement;take away quickly;;;;;
zaoolge;;Verbe;ào;asseoir dessus, mettre sur;to seat sb./sth., put to sit on sth., put on;;;;;
zaoonde;;Verbe;ào;s'asseoir sur, se percher sur;to seat oneself, sit down on sth;;;;;yaase1, yalse, rooge, tilgi2
zaoore;1;Nom;áo-é;langue parlée par les Zaoosé;language spoken by the Zaoose people.;;;;;
zaoore;2;Nom;áo;siège, trône;seat, throne.;;zaoa;;;
zaoore;3;Nom;;jarre;jar;;;Container;sĩnga, sɩnga;
zaoose;;Verbe;ào;marcher sur la pointe des pieds;walk on your tiptoes.;;;;;
zãorgo;;Adjectif;;éloigné, distant;faraway, distant, remote;zãrga, zãrgo;;;zãrga, yɩɩga;
zapa;;Nom;;cordonnier;shoe repairer, shoemaker, shoe-mender, leather-worker;;zap-rãmba;Worker;;
zapdo;;Nom;à-ó;cordonnerie, métier de cordonnier;shoemaking, shoe repairing.;;;;;
zape;;Verbe;à;travailler le cuir, recouvrir ou être recouvert de cuir;working with leather, cover with leather or be covered with leather, to be a shoemaker or leather-worker;;;;;
zap-peemde;;Nom;à-é-é;alêne;awl;;zap-pɛɛma;Tool;zap-pĩim;
zap-pĩim;;Nom;à-í;alêne;awl;;zap-pĩimsi;Tool;zap-peemde;
zap-sʋʋga;;Nom;à-á;tranchet de cordonnier;shoemaker's knife.;;zap-sʋʋse;;;
zãr hal wʋsgo;;expression;;lointain;afar, very far away.;;;;;
zarbe;;Verbe;á-è;devenir misérable, tomber dans la déchéance;become miserable, degenerate;;;;;
zare;;Verbe;á;répandre des miettes çà et là par-dessus;sprinkle crumbs on something;;;;;
zãre;1;Verbe;á-è;être loin, être éloigné;be far, be far away, distant, remote;;;;;
zãre;2;Nom;à-é;placenta d'animal;afterbirth of animal, placenta;;zãya;Parts of an animal;naaba2;
zãrem;;Nom;á-é;éloignement, distance;distance, far-away-ness.;;;;;
zarga;;Nom;á-à;gros paillasson (pour couvrir toits ou greniers);big straw mat (to cover houses or granaries), a zana-mat.;zãrga, zɛrga;zarse;;;
zãrga;;Adjectif;á-á;éloigné, distancé;remote, distant, faraway, far;zarga;zãrse;;zãorgo, yɩɩga;
zar-zare;;Adverbe;à;vite et bien, rapidement;fast and good, quickly, hurry up;;;;var-vare, var-vare, tʋʋll-tʋʋlle, tʋʋll-tʋʋlle;
za-za;;Adverbe;à;tiède, pas très chaud;lukewarm, not very hot;;;Food;;
zedge;1;Verbe;;pleurer à ne pas finir;weep endlessly, for a very long time;;;;;
zedge;2;Verbe;é-è;parler sur un ton chantant;speak with a singing tone;;;;;
zẽedo;1;Nom;è-ó;sauce;sauce, gravy, soup, stew;;;Food;;
zẽedo;2;Nom;è-ó;jardin potager;vegetable garden;;;;zagdẽ;
zẽega;;Adjectif;è-á;clair (en parlant de la peau, teint), roux en parlant du pelage, teint clair;bright, clear (speaking of skin), foxy red (speaking of fur);;zẽese;Colour;;
zẽege;;Verbe;è;faire rougir;to redden, make sth;;;Colour;;
zẽegemde;;Adjectif;è-è-é;rouge;red;zẽgemde;zẽegma;Colour;;
zẽem;;Nom;èé;potasse;potash, lye, spice-water;;;;safãnde;
zẽem-biiga;;Nom;;moule elle-même;shell, mussel, clam, seashell for eating;zẽen-biiga;zẽem-biisi;;;
zẽemde;;Nom;é-é;moule, coquillage;mussel, shell, seashell;;zẽema;;zẽenga;
zẽene;;Verbe;è;être de teint clair;have a bright / clear skin;;;;;
zẽenem;;Nom;è-é;ton plus ou moins clair de la peau des humains, robe rousse des animaux;bright / clear skin, reddish fur, foxy red fur of animals.;zẽelem;;;;
zẽenga;;Nom;é-à;moule, coquillage;mussel, shell, seashell;zɛɛnga;zẽemse;;zẽemde;
zẽgdga;;Nom;;couche de latérite rouge;red laterite.;;;;;
zẽgd-pamde;;Nom;è-á;espace couvert de latérite battue où on peut mettre des choses à sécher;floor covered with stamped laterite where one can lay down things to dry.;;;;;
zẽgne;;Verbe;é-è;faire sécher au soleil, exposer au soleil;to dry sth;;;;;
zẽgre;1;Nom;é-é;bosse de zébu;hump of zebu cattle / ox;zɩgre;zẽga;Parts of an animal;;
zẽgre;2;Nom;;zébus;zebu, humped ox;;;;nag-zẽgre;
zẽgsende;;Adjectif;è-è-é;à moitié sec;half dry;;zẽgsma, zẽgesse, zẽgsdo;;zẽgsga, zẽgsgo;
zẽgsga;;Adjectif;;à moitié sec;half dry;;;;zẽgsende;
zẽgsgo;;Adjectif;;à moitié sec;almost dry, half dry;;;;zẽgsende;
zẽgzẽka;;Adjectif;é-é-á;d'âge mûr, presque vieux;mature age, almost old;;zẽgzẽgse, zẽgzɛma;;zẽgzemde;
zẽgzemde;;Adjectif;;d'âge mûr, presque vieux;mature age, almost old;;;;zẽgzẽka;
zẽka;1;Nom;é;latérite;laterite.;;zẽgse;;;
zẽka;2;Nom;;omoplate;shoulder blade;;zẽgse;;bãg-peoogo;
zẽke;1;Verbe;é-è;lever, soulever, grandir;lift up, raise, move up, take up, grow, get taller, magnify sth;;zẽgse;;;
zẽke;2;Verbe;é-è;sécher après exposition au soleil;to dry out /up (in the sun), dry after exposed at the sun;;;;;
zẽk-m-menga;;Nom;é-è-á;orgueil (lit;;;zẽk-m-mense;;;
zẽ-koaada;;Nom;;jardinier, maraîcher;market gardener, truck farmer;;;Worker;;
zẽ-koaadb sulli;;expression;;coopératives, Groupements de producteurs;cooperatives;;;Agriculture;;
zelbre;;Adjectif;é;joli, beau;nice, beautiful, cute, pretty, good-looking;zelle, zolbre, zolle;zɛlba;;zelle, neere1;
zelemde;;Nom;;langue (organe);tongue (organ);;zɛlma;Body;zɩlemde;
zelge;;Verbe;é-è;se faner;to wilt, droop, become flaccid, wither, fade;;;;zʋʋle;
zelle;;Adjectif;é;joli, beau;nice, beautiful;zolle;zɛla;;zelbre;
zem-bala;;Adverbe;;beaucoup;much, a lot of, many.;;;;;
zembala;;Adverbe;è-á;beaucoup, en assez grand nombre, innombrable;many, numerous, innumerable, numberless, a lot;;;;;
zeme;;Verbe;è;être égale à, équivaloir, aussi ..;;;;;;
zems neb ne taaba;;expression;;réconcilier;to reconcile, to make up, to bring together.;;;;;
zemse;1;Verbe;é-è;convenir, être juste, convenable, approprié, satisfaisant, être conforme à, régulier;to suit, match, be agreeable, be suitable, appropriate, satisfactory, just right, be conform, regular;;;;sɛgde;
zemse;2;Verbe;é-è;s'entendre avec, être de connivence;agree with, agree on, connive with, conspire;;;;;
zemsgo;;Nom;;entente, perfection,;agreement, perfection.;;;;;
zems-n-taare;;Nom;;réconciliation, harmonie, entente, accord;reconciliation, harmony, agreement, understanding, consent, agreement;;;;zems-taaba;
zems-taab a yoob yaremde;;Nom;;cube;cube.;;;;;
zems-taaba;;Nom;é;entente, harmonie;agreement, accordance, harmony;;;;wʋm-taaba, zems-n-taare;
zem-taab pʋɩɩbo;;Nom;è-á;partages égaux;even divisions;zeng-taab pʋɩɩbo;;Mathematics;;
zem-taaba;;Adjectif;;égal;equal, level, even;zems taaba (sẽn);;;;
zem-taare;;Nom;à-é;égalité;equality;;;Mathematics;;
zem-taas kog-tãabga;;expression;;triangle équilatéral;equilateral triangle.;;;;;
zem-taas yaremde;;Nom;;carré;square;;;Mathematics;;
zem-taas yãremde;;Nom;è-á;carré;square;;;Mathematics;;
zem-zem;;Adverbe;è;pas trop, un peu, doucement;not too much, a bit, gently.;;;;;
zem-zeme;;Adverbe;è;doucement, un peu;softly, smoothly, gently, mildly, a bit;;;;;
zende;;Nom;é;hache;axe;zeende;zɛla;Tool;;
zẽnde;;Adjectif;;étranger, inconnu, autre;strange, foreign, alien, unknown, another, other;;zẽna, zẽmba;;zẽnga;
zendlem;;Nom;;dimension;dimension;;;;nen-magdem;
zendme;;Verbe;è;déchiqueter;to shred sth., pull sth;;;;zerme;
zẽne;;Verbe;;imprégner de poison, envenimer;put on poison, turn ugly, to poison sth., impregnate with poison;zẽle;;;;
zẽnega;1;Nom;é-é-à;le fait d'imprégner de poison;putting on poison, impregnating with poison;;zẽnese;;;
zẽnega;2;Nom;;espèce de plante;kind of plant;;;Grass, herb, vine;;
zẽnem;;Nom;é;poison, venin;poison, venom;zẽlem;;;sũnaadre, pozõno;
zẽnemde;;Adjectif;;empoisonné;poisoned;;zẽnma;;;
zẽnga;;Adjectif;é-à;étranger, inconnu, autre;strange, foreign, alien, unknown, another, other;;zẽmse, zẽnse;;zẽnde;
zẽnga ne;;expression;é-à é;différent de;different from.;;;;;
zenge;;Verbe;é-è;égaler, se mesurer à, se comparer à;to make oneself equal to, measure against sth./sb/, even up, match up to, measure up to, compare to;;;;;
zẽnge;;Verbe;é-è;différencier, établir une différence dans le traitement, traiter en étranger, discriminer;differentiate, treat differently, treat as a foreigner, to discriminate, treat sb;;;;;
zẽn-loko;;Nom;é-ó;carquois des flèches empoisonnées;quiver of the poisoned arrows;;zẽn-logdo;Hunt and fish;;
zẽnme;;Verbe;;être très potassé;have too much potash flavour;;;;;
zẽ-noogo;;Nom;;bonne sauce;good sauce;;;Food;;
zẽnzẽka;1;Adjectif;;assez âgé, adulte;well in age, adult;;zẽnzẽgse;;;
zẽnzẽka;2;Adjectif;;manque de nourriture;shortage of food;;zẽnzẽgse;;;
zeongo;;Nom;éo-ò;quantité;quantity;;;;waooglem, zãndlem, sõore1;
zẽoongo;;Nom;éo-ó;charbon;charcoal;;zẽendo;;bug-saalle, saala;
zeorgo;;Nom;éo-ò;frange d'habit;fringe of a garment.;;zerdo;;;
zeosgo;;Nom;éo-ò;poisson électrique (espèce);electric catfish sp;zesgo, zosgo;zesdo;Fish;;
zẽ-pʋʋgo;;Nom;;jardin potager;garden for vegetables;;;;zagdẽ;
zere;;Verbe;é;aligner, disposer, garnir (des choses pendantes);line up, arrange in a certain order, fit out, trim (hanging things);;;;;
zeremde;;Adjectif;é-é-é;petit, insignifiant;small, little, negligible, niggling;zɛrenga, zerengo;zɛrma;;;
zerme;;Verbe;é;déchiqueter, émietter, couper en petits morceaux;to shred sth., pull sth;;;;zendme;
zero;;numéral;è-ó;zéro;nil, nought, naught, null, zero;;zero-rãmba;;zaalem;
zẽ-rʋko;;Nom;;marmite à sauce;cooking-pot for sauce.;;;;;
zer-zere;;Adverbe;é;un peu, en tout petite quantité, quelques miettes;a bit, a very small quantity, some crumbs.;;;;;
zesgo;;Nom;é-ò;poisson électrique;electric catfish;zeosgo;zesdo;Fish;;
zeyão;;Nom;;oignon;onion;;zeyão-rãmba;Food;;
zeyõ;;Nom;é;oignon;onion;;;Food, Grass, herb, vine;gebre, albasle;
zẽ-yʋbga;;Nom;;sauce de légumes;vegetable sauce;;;Food;yʋbga;
zezedga;;Nom;;arbre (espèce);tree sp;;;;zãmnenga;
Zezi dogem daare;;expression;;jour de naissance de Jésus, Noël;Jesus birth day, Christmas;;;;noelle, nowɛlle;
Zezi kũum teegre;;expression;;sainte cène, souvenir de la mort de Jésus;holy communion, remembering Jesus death, The Lord's supper.;;;;;
zɛ;1;Verbe;ɛ̀;piller, dérober;plunder, rob, loot, pillage;;;;;
zɛ;2;Verbe;ɛ́;faire fréquemment une action, ne pas tarder à se produire;do frequently, not delay to act, not dally before doing;;;;;
zɛ;3;Verbe;ɛ́;oindre, frotter avec de l'huile ou de beurre;to anoint, apply ointment, rub in oil or butter, smear, pomade;zae;;;;
zɛɛ;;Adverbe;ɛ̀;intensif, plein de;intensive, full of;zɛ, zay;;;;
zɛɛbre;1;Nom;ɛ́-é;ceinture faite de frange de tissu (ceinture de danseur);belt made of fringe (dancer's belt);;zɛɛba;Adornment;;
zɛɛbre;2;Nom;;espèce de plante utilisé pour le dolo;kind of plant used for beer;;zɛɛba;Grass, herb, vine;;
zɛɛbre;3;Adjectif;ɛ́-è;(bouche) aux grosses lèvres pendantes;(mouth) with thick hanging lips;;zɛɛba;;;
zɛɛdga;;Nom;ɛ́-à;tamis en paille;basketwork sieve, straw sieve;;zɛɛdse;Container, Tool;;
zɛɛga;;Nom;ɛ́;aire préparée pour le battage de mil;threshing-floor, surface for threshing the millet;zaeega;zɛɛse, zeese;Agriculture;;
zɛɛge;;Verbe;ɛ̀;agir, faire rapidement avant qu'il soit trop tard;act quickly before it is too late;zaeege;;;;
zɛɛmde;;Verbe;ɛ̀;faire de petits bonds, sautiller;jump slightly, jump around;zɛɛmse;zɛɛse;;zɛɛse;
zɛɛnga;;Nom;;escargot;snail;;;Small animals;zɛɛmde;
zɛge;;Verbe;ɛ́;secouer longtemps;shake for a long time;;;;;
zɛgle;;Verbe;ɛ́-è;secouer, (faire) tanguer;shake, jiggle, wobble, fluctuate, oscillate, swing;zɛglme;;;;
zɛgse;;Verbe;ɛ́-è;aller de bas en haut alternativement, soupeser;go alternatively upwards and downwards, guess the weight;;;;;
zɛrenga;;Nom;ɛ́-é-á;miette;crumb;;zeremse;;zɛsga;
zɛrga;;Adjectif;ɛ́;minuscule, très petit;tiny, very small;;zerse;;zoɛrga;
zɛsga;;Adjectif;ɛ́;minuscule;tiny, very small;zeasga;zesse;;zɛrenga;
zĩ;;Verbe;ì;être assis;to sit, be in a sitting position, be sitting;;;;;
zĩ-bãnde;;Nom;;Panneau temporaire de signalisation de danger;temporary danger sign;;;7;;
zibidga;;Nom;;plante (espèce);plant sp;;zibidsi;Grass, herb, vine;;
zĩ-bolle;;Nom;;endroit argileux;clay ground;;zĩ-bolse;Land;;
zĩ-boogo;;Nom;ì-ó-ò;obscurcissement du ciel (provoque par un nuage qui cache le soleil);darkening of sky (because clouds are hiding the sun);;;Weather, Sky;;
zibri;1;Nom;í-ì;espèce de liane (bois utilisé dans la construction des toits de case);kind of liana (the wood is used in roof construction for huts);;ziba;Grass, herb, vine;;
zibri;2;Adjectif;í-ì;espèce de haricot;kind of bean;;ziba;;;
zibri;3;Nom;;espèce d'arbuste;kind of shrub;;;Bush, shrub;;
zĩbri;;Nom;;liane;liana;zibri;;Grass, herb, vine;;
zĩ-bʋgo;;interrogatif;;où ?;where? synonyme: yɛ1.;;;;yɛ1;
zib-zibi;;Adverbe;í;élevé, haut;lifted up, raised, high, highly;;;;;
zig-bila;;Nom;ì-í;clitoris;clitoris;;zig-biisi, zig-bii;Body;zigri1;
zigl-zagle;;Adverbe;ì-á;abondant, excessif;abundant, plentiful, excessive;;;;;
zigri;1;Nom;ì-í;clitoris;clitoris;;ziga;Body;zig-bila;
zigri;2;Nom;ì-í;vulve;vulva (outer part of woman's sexual organ);;ziga;Body;saeega2, paare, yẽbre2, kɩnde;
zigtigi;;Nom;;diarrhée verte des enfants;diarrhoea (kind of green d;;;Disease;;
zigzãnga;;Nom;í;chauve-souris rouge;red bat;;zigzãnse;Mammal;zãnzãnga, zãnga2, zanga1;
zĩid-n-taaga;;Nom;ì-á-á;cohabitant;cohabitant;;zĩid-n-taase;;;
zĩid-n-taare;;Nom;ì-á-é;cohabitation;cohabitation.;;;;;
zĩifu;;Nom;;poisson;fish;;zĩma;Fish;;
zĩig fãa;;Adverbe;;partout;everywhere, all over.;;;;;
zĩig kõbgo;;Nom;;climat;climate;;;;zĩ-yalga;
zĩig mams-rẽesdem;;Nom;;carte;map.;;;;;
zĩig ninga;;expression;ĩ́-á;quelque part;somewhere, some place.;;;;;
zĩig sẽn be tãms a yiib sʋka;;expression;;vallée;valley;;;Land;;
zĩig sẽn gũbgi;;expression;;enclos;enclosure;;;Animal husbandry;yãgre, gũbri, reongo, bãgre1;
zĩig sẽn wɩnge;;expression;;chaleur, température élevée;heat.;;;;;
zĩig takɩ;;expression;;partie, direction, un lieu précis;section;;;;baobgo;
zĩig zãndlem sẽn ya to-to ne mogrã;;expression;;hauteur par rapport au niveau de la mer, altitude;eighth over sea level, elevation;;;Land;;
zĩig zãnga;;expression;;presque totalité, partout;almost entirely, everywhere.;;;;;
zĩiga;;Nom;í;place, lieu, endroit, emplacement;place, location, spot, site, sitting-place;;zĩisi;;baobgo;
zĩigã maagre;;expression;;accalmie;lull;;;Weather;;
zĩigẽ wilgda;;expression;;marque du locatif spatial;locative marker;;;Grammar;;
zĩig-zĩiga;;Nom;;par endroit, par ci par là, qui n'est pas arrivé partout;in places, here and there, in some places.;;;;;
ziir soaba;;Nom;;noble;nobleman, noblewoman.;zĩir soaba;;;;
zĩir soaba;;Nom;;noble;noble birth, aristocrat, nobleman, noblewoman.;ziir soaba;;;;
ziiri;;Nom;í-ì;honneur, prestige, gloire;honour, prestige, glamour, glory;zĩiri;;;waoore;
zĩiri;;Nom;;honneur, prestige, gloire;honour, prestige, glamour, glory;ziiri;;;;
zĩ-koɛɛnga;;Nom;;désert;desert;;;Land;bĩisr zĩiga;
zĩ-kʋɩre;;Nom;;désert;desert;;;Land;bĩisr zĩiga;
zĩ-kʋʋdga;;Nom;ì-ʋ́-á;sommet;peak, summit, highest point, apex, extreme end;;;Mathematics;;
zĩ-lamd sẽn zẽk bilfu;;expression;;plateau, terrain plat un peu élevé;plateau;;;Land;;
zĩ-lamde;;Nom;ì-à-é;sol plat, plaine;flat soil / ground, plain;;;Land;;
zĩ-lam-tika;;Nom;;niveau zéro;level zero;;;Land;;
zĩlgi;;Verbe;;asseoir, installer;sit down, settle, install;zĩngi;;;zĩnigi, zĩndgi;
zĩ-likr kiuugu;;Nom;;octobre;October.;;;;;
zĩ-likri;;Nom;ì-í-í;période des récoltes pendant laquelle les plantes de mil sont abattues, dégageant progressivement l'horizon;period of the year when the millet plants are cut and thus the horizon is progressively visible again;;;Hunt and fish;zu-pɛɛla;
zĩ-maare;;Nom;;endroit froid;cold place.;;;;;
zĩm-gãmbre;;Nom;;filet de pêche;fishing net;;zĩm-gãmba;Hunt and fish;;
zĩm-gõaaga;;Nom;;hameçon;fish-hook;;;Hunt and fish;lɛooga;
zĩm-lɛooga;;Nom;ì-ɛ́o-à;hameçon;fish-hook;;zĩm-leoose;Hunt and fish;lɛooga;
zĩm-lobre;;Nom;;pêche;fishing, fishery;;;Hunt and fish;zĩm-yõgre, yẽedo;
zĩm-pɛɛlga;;Nom;;silure de couleur blanche;whitish coloured mud-fish;;zĩm-peelse;Fish;;
zĩm-saalle;;Nom;í-á-é;silure;mud-fish, catfish;;zĩm-saala;Fish;saalle2;
zĩm-sablga;;Nom;;silure de couleur noire;black mud-fish;;zĩm-sabla;Fish;;
zĩm-yẽeda;;Nom;;pêcheur;fisherman;;;Hunt and fish, Worker;;
zĩm-yõagda;;Nom;;pêcheur (lit;;;zĩm-yõagdba;Hunt and fish, Worker;;
zĩm-yõgre;;Nom;ì-ó-è;pêche;fishing, fishery;;;Hunt and fish;zĩm-lobre;
zĩna;;Nom;í-à;génie, démon, mauvais esprit;spirit, demon, evil spirit.;;zĩn-dãmba;;;
zĩn-dẽgdo;;Nom;;esprit impur, démon;unclean spirit, demon;;;;;
zĩndgi;;Verbe;ĩ̀;asseoir, installer;sit down, settle, install;;;;zĩnigi, zĩnigi, zĩlgi;
zĩndi;1;Verbe;ì;s'asseoir, s'installer, habiter;take a seat, sit down, get into a sitting position;;;;;
zĩndi;2;Verbe;;venir de;come from;;;;yi1;
zĩnfu;;Nom;;poisson;fish;zĩunfu;zĩma;Fish;zĩunfu;
zĩnigi;;Verbe;;faire asseoir, placer, installer;to seat sb., make sb;;;;zĩndgi, zĩndgi, zĩlgi;
zĩnigri;;Nom;;installation;installation.;;;;;
zinisi;;Nom;í-í-í;chatouillement;tickling.;;;;;
zĩ-peelle;;Nom;;clairière, point dénudé dans la brousse où l'herbe ne pousse pas;glade, clearing;;;;rasempʋɩɩga1, zĩ-pɛɛla;
zĩ-pelle;;expression;;sol dénudé;poor ground;;;Land;tẽn-gãongã sẽn pa tar noosem;
zira;;Adverbe;ì;rester ardent (feu);remain burning (fire);zirdga;;;;
zirẽ;;Nom;ì-é;mensonge;lie, untruth, falsehood;;;;zĩrẽ, ko-wãadem, ziri1, pʋ-yagbo;
zĩrẽ;;Nom;ì-é;mensonge, contre-vérité, calomnie;lie, counter-truth, untruth, slandering;zĩre, zĩri;;;zirẽ-beedo, zirẽ;
zĩrẽ no-rɛɛsda;;Nom;;faux prophète;false prophet;zĩrẽ-be-no-rɛɛsa;zĩrẽ no-rɛɛsdba;;belgr no-rɛɛsda;
zirẽ-beedo;;Nom;ì-é;mensonge;lie, untruth;zĩrẽ-beedo;;;zĩrẽ;
zĩrẽ-beedo;;Nom;;mensonge;lie;;;;;
zirẽ-be-neda;;Nom;;menteur;liar;zĩri-be-neda;zirẽ-be-neba;;pʋg-yagda;
zĩrẽ-be-neda;;Nom;;menteur;liar;;;;poarma, yagda1, ko-wãada, pʋg-yagda;
zirga;;Nom;í;automobile, voiture;motor-car, car;;zirsi;Travel;mobilli, lore;
zirgi;;Verbe;;rendre ardent;to make a fire blaze up, burn fiercely, make burning hot;zigli;;;;
ziri;1;Nom;ì-í;mensonge;lie, untruth, falsehood;zirẽ, zĩri-beedo, porem, yagbo;;;porem, sãdem, zirẽ;
ziri;2;Verbe;í;brûler ardemment;burn ardently, to blaze up, burn fiercely;;;;;
zĩri-be-neda;;Nom;ĩ̀-é-à;menteur;liar.;;zĩri-be-neba;;;
zirimdi;;Verbe;í-í-ì;prendre et devenir ardent (feu);catch fire and burn ardently (fire);;;;;
zir-wẽnda;;Nom;;chauffeur, conducteur;driver;;;;doarba, sofɛɛre;
zĩ-sobdo;;Nom;;à la tombée de la nuit, crépuscule;dusk, when it gets dark, nightfall, twilight;;;Weather;wĩndg sẽn kẽ, baag bãnga-soaba;
zĩ-tik bõn-vɩɩlɩ;;Nom;;faune;wildlife, animals, fauna;;;Animal;weoog bõn-vɩɩlɩ;
zĩ-tik bõn-yitsi;;Nom;;flore;plant life, flora.;;;;;
zĩunfu;;Nom;ĩ́-ú;poisson;fish;zĩnfu;zĩma;;zĩnfu;
ziuud-ziuudi;;Adverbe;;brûler ardemment en faisant des grandes flammes;burn ardently making big flames;ziziuud-ziuudi, ziud-ziudi;;;;
zĩ-yãabo;;Nom;;aisance mal vue, trop grande facilité, situation où on est gâté;too easy circumstances, facilities, situation where one is too much spoiled.;zĩ-yãare, zĩ-yãre;;;;
zĩ-yalga;;Nom;ì-á-à;climat;climate;;;;zĩig kõbgo;
zĩ-zãorgẽ;;Nom;;lieu éloigné;place far away.;;;;;
zɩ;1;Verbe;ɩ́;emporter, amener avec soi;to take along, bring, carry, carry away, go off with something;;;;;
zɩ;2;Verbe;ɩ́;ignorer, ne pas savoir;be ignorant of, ignore, not to know sth., be unaware;;;;;mi1
zɩ;3;auxiliaire;;encore, jamais;never, already.;;;;;
zɩ-bil-miuugu;;Nom;;globule rouge;red corpuscle, red blood cell;;zɩ-bil-miidu;Body;;
zɩ-bil-pɛɛlga;;Nom;;globule blanc;white corpuscle, white blood cell;;zɩ-bil-peelse;Body;;
zɩɩb tõogo;;Nom;;poids utile;payload.;zɩɩb rɩkr tõogo;;;;
zɩɩbo;;Nom;ɩ́-ò;charge, poids;a load, weight, sth;;;;zɩɩdo;
zɩɩdo;;Nom;;poids, charge;weight, load;;;;zɩɩbo;
zɩɩlem;;Nom;ɩ́-é;ignorance;ignorance;;;;;
zɩɩlgo;;Nom;;espèce d'arbuste;kind of shrub;;;Bush, shrub;;
zɩɩm;;Nom;ɩ́;sang;blood;;;Body;;
zɩɩm bila;;Nom;ɩ́ ì-á;globule;globule, glob.;;;;;
zɩɩm yũnubu;;Nom;;hémorragie;bleeding, haemorrhage;;;City;;
zɩ-kaalgo;;Nom;;anémie;anaemia;;;Disease;zɩ-paoore;
zɩ-koom;1;Nom;;lymphe;lymph;;;Body;;
zɩ-koom;2;Nom;;sérum sanguin;blood serum.;;;;;
zɩlbre;;Nom;ɩ̀-é;plante (espèce) à feuilles petites et épaisses;plant with small and thick leaves;;zɩlba;Grass, herb, vine;;
zɩlemde;;Nom;ɩ̀-é;langue (organe);tongue (organ);zelemde;zɩlma;Body;zelemde;
zɩlem-karga;;Nom;;bègue;stutterer,stammerer;zɩlem-kalma;;Sick;bidga;
zɩlenga;;Nom;ɩ̀-á;pointe, bout;peak, tip, en extremity, summit, tack, ending.;;zɩlemse;;;
zɩlga;;Adjectif;ɩ́;noir (plumage ou pelage);black (feathers or fur);;zɩlse;Colour;;
zɩlgda;;Nom;;transporteur;carrier, road haulier.;;;;;
zɩlge;;Verbe;ɩ́-è;charger;to load sb., help up with a head-load, pack, burden;;zɩɩle;;;
zɩlgo;;Nom;;espèce d'arbuste;kind of shrub;;;Bush, shrub;;
zɩlgre;;Nom;ɩ́-é;transport, le fait de charger;transport, loading;;;;;
zɩlm-rẽgdo;;Nom;;muguet;thrush;;;Disease;;
zɩ-min-daaga;;Nom;;espèce de plante;kind of plant;;;Grass, herb, vine;;
zɩ-mini;;Nom;;espèce de plante;kind of plant;;;Grass, herb, vine;;
zɩ-min-yãanga;;Nom;;espèce de plante;kind of plant;;;Grass, herb, vine;;
zɩ-n-yã;;Nom;ɩ́;du jamais vu;never heard of, never seen before;zɩ-n-yãre;;;;
zɩ-paoore;;Nom;;anémie;anaemia;;zɩ-paoa;Disease;zɩ-kaalgo;
zɩ-pelle;;Nom;ɩ́-é-è;caillot de sang;blood clot;;zɩ-pɛla;Body;pelle1;
zɩse;;Verbe;ɩ́-è;être lourd;to be heavy;;;;;faaga, lalenga2
zɩsge;;Verbe;;alourdir, lester, faire que ça devient lourd, devenir lourd;become heavy, burden, to weight something down, to grow heavy;;;;;
zɩsgo;;Adjectif;ɩ́-ó;lourd;heavy;zɩʋsgo, zɩsga;zɩsdo, zɩsse;;zɩʋsgo;
zɩslem;;Nom;ɩ́-é;poids, pesanteur;weight, heaviness;;;;;lalenga2
zɩslem magdga;;Nom;ɩ́-é á-á;balance;balance, pair of scales, weighing machine;;;Mathematics, Tool;pɛɛsdga;
zɩsl-mengre;;Nom;;poids net;net weight;;;Mathematics;;tõr zɩslem
zɩ-so-bedre;;Nom;;artère;artery;;zɩ-so-bɛda;Body;;
zɩ-so-bila;;Nom;;veine;vein;;zɩ-so-bi;Body;;
zɩ-sore;;Nom;;vaisseau sanguin;blood vessel;;zɩ-zoya;Body;;
zɩ-sulli;;Nom;;groupe sanguin;blood group, blood type.;;;;;
zɩta;;Nom;ɩ́-à;qui ignore;who doesn't know;;zɩtba;;;
zɩtem;;Nom;ɩ́-é;ingratitude;ungratefulness, unthankful.;zɩtlem;;;;
zɩ-tiir yʋʋr bila;;expression;;article indéfini;indefinite article;;;Grammar;;
zɩʋlgo;;Nom;ɩ̀;arbuste (espèce);shrub sp;zɩlgo;zɩndo, zɩlg tɩɩse;Bush, shrub;;
zɩʋsgo;;Adjectif;;lourd;heavy;;zɩsdo;;zɩsgo;"faase2, faaga, lalenga2; synonyme: zɩsgo"
zɩ-wĩiga;;Nom;ɩ́-ɩ́-à;vaisseaux sanguins, veine;blood vessel, artery, vein;;zɩ-wĩisi;Body;;
zɩ-wĩiri;;Nom;;capillaire;capillaries;;zɩ-wĩya;Body;;
zõ;;Verbe;;faire un sacrifice;to sacrifice, make a sacrifice.;;;;;
zoa;;Nom;òá;ami;friend;;zo-rãmba;;zaato1;
zõaaga;1;Nom;ó-à;mouche;a fly;;zõose;Insect;;
zõaaga;2;Nom;;plante (espèce);plant sp;;zõose;Grass, herb, vine;;
zõaaga;3;Nom;;position courbée;bent / curved position;;;;;
zoadga;;Nom;óa-à;rot;a burp, belch;;zodse;;;
zõaka;;Nom;óa-à;danse accompagnée de balancement de la tête;dance accompanied by wiggling the head;;zõagse;;;
zoambdga;;Nom;òa-à;siège, quelque chose sur laquelle on peut s'asseoir;seat, something one can sit upon;;zombdse;;zaooga1;
zoanga;;Nom;òa-á;un aveugle;blind person;;zomse, zoense;Person, Disease;;
zõanga;;Nom;;aveugle;blind person;zoanga;;Sick;;
zoarenga;;Adjectif;áo-á;idiot, imbécile;idiot, fool, silly, imbecile;;zoremse;;;
zõasa;;Adverbe;óa;bien garni de fruits;bearing much fruit, full of fruits;;;;;
zõbge;;Verbe;ò;prendre un peu, couper, casser un bout;cut off (the end /edge), take a bit, cut a portion, break one end and take it, cut t.z;;zõbse;;;
zode;;Verbe;ó;roter, éructer;to belch, burp;;;;;
zõde;;Verbe;ó;être couvert de petites boulettes;be covered with small balls;zõode;;;;
zodge;;Verbe;ó-è;chanter d'une façon mélodieuse;sing in a melodious manner;;;;;
zoe;1;Verbe;òe;courir, s'échapper;to run, flee, escape;;;;;
zoe;2;Verbe;òe;avoir peur de, craindre, redouter;feel (certain emotions), fear, be afraid of, scared.;;;;;
zoe bõn neda;;expression;;avare;miser, mean person, stingy person.;;;;;
zoe nimbãanega;;expression;;avoir pité de, être miséricordieux envers;to feel pity, have pity for, be merciful towards, feel pity;;;;;
zoe rabeem;;expression;;avoir peur de, craindre;to fear.;;;;;
zoeese;;Nom;ó;course;running, race;;;;;
zoe-nifu;;Nom;ò-í-ù;gêne, respect;discomfort, distress, respect;;;;;
zoɛɛga;;Nom;óɛ;course;a race, running;;zoeese;;;
zoɛrga;;Adjectif;;petit, infime;small, little, tiny;;zoerse;;zɛrga;
zoɛta;;Nom;;réfugié;refugee.;;zoɛtba;;;
zoge;;Verbe;ó;remuer les épaules et la tête;shake the shoulders and the head;zõge;;;;
zõge;;Verbe;ó;couper, casser en petits morceaux;cut, break into small pieces;;zõgse;;;
zogelle;;Nom;ó-é-é;qui balance, oscille;swinging, swaying, jiggling, oscillating.;;zoagla;;;
zõgemde;;Verbe;ó-é-è;se casser et rester pendant;break an remain hanging;;;;;
zogle;;Verbe;;balancer, osciller;swing, sway, jiggle, oscillate;zoglme;;;vɩgende;
zoglme;;Verbe;ò;avoir abondamment de;have abundantly of;;;;;
zõgse;;Verbe;ó-è;concasser;crush into small pieces;;;;;
zoke;1;Verbe;ó-è;tomber et se perdre;fall down and get lost;;;;;
zoke;2;Verbe;ó-è;remuer les épaules et la tête sous l'effet du rire;waggle the shoulders and the head when laughing;;;;;
zõke;1;Verbe;ó-è;couper, casser en petits morceaux;cut, break into small pieces.;;zõge, zõgse;;;
zõke;2;Verbe;;lever la source de lumière en l'air pour mieux éclairer;lift up the source of light to light up better;;;;moke5;
zolbre;;Verbe;ó-é;joli, beau, belle;nice, beautiful, cute;zelbre;zoalba;;;
zolemdo;;Nom;ó-é-ó;idiotie, stupidité, sottise;idiocy, idiotic action, stupidity;zolem;;;yalemdo, zolgo;
zolg yaoogo;;Nom;ó ào-ó;trou très profond;very deep hole.;;zolg yaado;;;
zolge;;Verbe;ò;prélever un liquide sans le troubler, puiser en évitant de troubler un liquide;take away a liquid without making it unclear;;zoole, zolse;;wolge1;
zolgo;;Nom;ó-ò;idiot;idiot;;zondo;;pezongo, yalma, zolemdo;
zolle;;Nom;;espèce de grand rat;rat sp (big);;zoala;Mammal;;
zom;;Nom;ó;farine;flour.;;;;;
zom koom;;Nom;ó òó;eau farinée;water drink with flour in it (traditional welcome drink).;;;;;
zombe;;Verbe;ò;monter, s'asseoir sur;get onto and ride, climb, get up, sit on, ride, mount;;;;;
zombge;;Verbe;ò;asseoir dessus, faire monter;to mount sb., help/put them to sit on/ride, sit upon, make somebody sit upon;;;;;
zombgo;;Nom;ò-ó;le fait de s'asseoir sur;sitting upon.;;;;;
zõme;;Verbe;ò;former un essaim;form a cluster, to swarm (insects do);;;;;
zom-nagdga;;Nom;;pâte;dough;;;;;
zõmse;1;Verbe;ó-è;réduire ne petits morceaux;reduce into small pieces;zõbse;;;zõtme;
zõmse;2;Verbe;ó-è;pluviner (pleuviner), pleuvoir finement;drizzle, drop / rain finely;zõre, zõrse;;;warse, minisi;
zondlem;;Nom;;cécité;blindness;;;Disease;zondo, zõndo;
zondo;;Nom;;cécité;blindness;;;Disease;zondlem;
zõndo;;Nom;;cécité;blindness;zondo;;;zondlem;
zondre;;Adverbe;;à l'aveuglette;blindly, to grope one's way along;;;;;
zond-yaare;;Adverbe;ò-à-é;au hasard, n'importe comment;luck, by chance, at random, aimlessly, no matter how;;;;;
zõnege;;Verbe;ṍ-è;courber, recourber, faire courber;to bend sth., to make sth;;zõnese;;;
zõnme;;Verbe;ò;se mettre en grappes;get together in clusters;;;;;
zõo;;Adverbe;ò;couvert de chose pâteuse;covered with sticky things;;;;;
zoob koeese;;expression;;cheveux courts;short hair;;;;;zoob wogdo
zoob wogdo;;expression;;cheveux longs;long hair;;;Body;;zoob koeese
zoobgo;;Nom;ó-ó;cheveu de la tête;a hair of the head;;zoobdo;Body;;
zoobre;;Nom;ó;bois taillé à l'extrémité où l'on enserre une pioche;trimmed wooden stick used for pickaxe.;;zoaaba;;;
zoodo;;Nom;ò-ó;amitié;friendship.;;;;;
zoofo;;Nom;;grain de néré;grain of dawadawa fruit.;zũunfu, zũundi;;;;
zooge;;Verbe;ó-è;retirer promptement;draw out / withdraw speedily.;;zoose;;;
zoomde;;Nom;ó-é;petit parasite externe des poules;small external parasite on chicken;;zoaama;Small animals;;
zõonde;;Verbe;ṍ-è;se courber;to bend down, bend self, stoop down;;;;;
zõondgo;;Nom;ó-ó;le fait de se courber;bending, stooping down;;;;;
zoonfo;;Nom;ó-ó;noix de karité;Shea nut;;zũuni;;zũuni, zũunfu;
zoose;2;Verbe;ó-è;faire avec hésitation;do with hesitation.;;;;;
zõose;3;Nom;ó-è;fumée;smoke, fumes.;;;;;
zõ-raaga;;Nom;;espèce de plante;kind of plant;;;Grass, herb, vine;;
zõ-ralle;;Nom;ó-á-é;espèce de grande mouche;kind of big fly;;zõ-rala, zõ-rando;Insect;zõ-raoogo;
zõ-raoogo;;Nom;;espèce de grande mouche;kind of big fly;;;Insect;zõ-ralle;
zore;;Verbe;ó;être suspendu en grand nombre;be hanging in large numbers;;;;;
zõre;;Verbe;;être courbé;be bent over;;;;zõe;
zorgo;;Nom;ó-ò;plante (espèce) dont on s'en sert au moment de la famine;plant sp;;zordo;Grass, herb, vine;;
zõse;;Verbe;;être garni de choses suspendues;be full of things hanging;;;;;
zosgo;;Nom;ó-ò;poisson électrique (espèce);electric catfish sp;zeosgo, zesgo;zosdo;;;
zõtme;;Verbe;ò;réduire en petits morceaux;reduce into small pieces;;;;zõmse1;
zõ-yãanga;;Nom;;espèce de plante;kind of plant;;;Grass, herb, vine;;
zu;;Verbe;ú;voler, dérober;to rob sb., steal;;zugsi;;;
zu-beedo;;Nom;;malchance;bad luck.;;;;;
zu-beoogo;;Nom;ú-ó;malchance;bad luck;;zu-beedo;;zu-bʋko;
zu-butu;;Nom;;malchanceux;unfortunate person.;;;;;
zu-bʋko;;Nom;;malchance;bad luck;;;;zu-beoogo;
zug peoogo;;Nom;ú-è-ó;chapeau;hat;zug-peoogo;zug peto;Clothing;;
zug sʋka;;Nom;;zénith;zenith, at its height.;;;;;
zug-be-ligdi;;Nom;ú-è-í;herbe (espèce) donnant des fleurs blanches;grass sp producing white flowers;;;Grass, herb, vine;;
zugdga;;Nom;;soufflet;blacksmith's bellow.;zugdu;;;;
zugdu;;Nom;u;soufflets (de forge);blacksmith bellows;zugdga;;;;
zugẽ;;Nom;ú;après, par la suite;next, then, thereafter, subsequently, after;;;;;
zugẽ gʋlsem;;Nom;;entête, écriture s’entête;heading.;;;;;
zũ-gẽdma;;Nom;;laiton;brass (metal), yellow metal.;;;;;
zug-gãongo;;Nom;ù-áo-ò;cuir de soufflets de forge;leather for the blacksmith bellows.;;zug-gãndo, zug-la-gãongo;;;
zugi;;Verbe;ù;actionner les soufflets de forge;to blow the forge, pump / operate, activate the blacksmith bellows;;;;;
zugli;;Verbe;ú;agiter, remuer à l'intérieur d'un contenant clos;shake, agitate, stir up in a closed container.;zuglmi;;;;
zugl-zugli;;Adverbe;ú-ú-ì;ce qui ballotte, secouer fortement;roll around, shake about, quake, rock to and fro;;;;;
zugsi;1;Verbe;ú-ì;agiter, remuer dans un récipient (ex;;;;;;
zugtigi;;Nom;;hémorroïde;haemorrhoid;;;Disease;;
synonyme: sɛɛga2, se-moomde, zugu;1;Nom;ú-ù;tête;head;;zutu;Body;;
zugu;2;postposition;ú-ù;sur, au-dessus de;on, on top of;;;;;
zugumdi;;Verbe;ú-ú-ì;se secouer pour faire partir la saleté (ex;;;zugmi;;;
zũinsi;;Verbe;ùi;mettre en désordre;make untidy, make a mess.;;;;;
zuki;1;Verbe;ú-ì;voler, dérober une chose ou une fois;steal one thing or once (single instance);;zugsi;;;
zuki;2;Verbe;ù-í;vider (sac);to empty (a bag, sack);;zugsi;;;
zu-kõaaga;;Nom;;chauve;bald, bare, bald-man.;;;;;
zu-kõogo;;Adverbe;ú-ò;calvitie, chauve;baldness, bald, hairless.;;;;;
zu-kõto;;Nom;ú;cervelle, cerveau;brains (physical);;;Body;kõto, kalkõto;
zukri;;Nom;ú-í;le fait de voler, dérober une chose ou une fois;stealing, theft.;;;;;
zu-kʋka;;Nom;ú-ʋ́-á;coussin, oreiller;cushion, pillow.;;zu-kʋgse;;;
zu-leb-neda;;Nom;;dépression nerveuse;nervous breakdown;;;Disease;yibirsa;
zu-lɛbga;;Nom;;folie, trouble mental;folly, mental trouble;;;Disease;gãeemdo2;
zulfu;;Nom;ú-ù;ganglion;ganglion, lymph node;zolfo;;;kagfo1;
zulga;;Nom;ú;jacana africain;Lilly trotter (African Jacana);;zulsi;Bird;;
zulgi;1;Verbe;ù;vider, pencher, incliner de sorte à avoir l'ouverture complètement vers le bas;empty a container, tilt, slant, cant, incline a container so that its opening is to the ground;;;;;
zulgi;2;Verbe;ù;approfondir;to deepen sth;;;;vũnugi;
zulgumdi;;Adjectif;ú-ú-í;penché;tilting, tilted;;zulgma;;;
zuli;1;Verbe;ù-í;aider à mettre une charge sur la tête quand on est soi-même chargé;help to lift a load on the head while oneself is loaded;;;;;
zuli;2;Verbe;ù;devenir profond;to deepen, become deep;;;;vũni;
zuli;3;Verbe;ù;être en déséquilibre parce que le poids porte sur un côté;be unbalanced because the weight is more on one side;;;;wili2;
zulli;;Nom;ú;petite larve dans l'eau pourri;small larva in stagnating water;;zula;Small animals;;
zulmi;;Verbe;ù;être profond;to be deep;;;;;
zu-loɛɛga;;Nom;ú-á;devoir, préoccupation, difficulté;duty, preoccupation, difficulty.;;;;;
zu-longo;;Nom;;dépression de la fontanelle chez les nourrissons;depression of the baby's fontanelle;;zu-londo;Body, Disease;salenvũ;
zu-lukri;;Nom;ú-ú-í;cérémonie d'attribution du nom d'un nouveau-né chez les musulmans, baptême;Islamic ceremony of giving a name to a newborn, naming, baptism;;;;moorẽ sɩgr poeesgo;
zulum;;Nom;ù-ú;profondeur;depth;;;;vũnum;
zulumdi;1;Nom;ù-ù-í;fourmi rouge;red ant;zulum;zulma;Insect;;
zulumdi;2;Adjectif;;penché, incliné;inclined, tilted;;;;;
zulumdi;3;Verbe;ù;rincer un récipient en agitant l'eau à l'intérieur;rinse a container by shaking the water inside it;gulmi;;;yulumdi1;
zulunga;1;Adjectif;ù-á;profond;deep;;zulumsi;;vũnunga;
zulunga;2;Nom;ù-á;nasse;hoop net.;;zulumsi;;;
zulzunga;;Adjectif;ù-á;maladif, faible;unhealthy, sickly, weak, feeble;zʋlzʋnga;zulzumsi;;;
zũmbri;;Nom;ù-í;espèce d'épice;kind of spice, flavouring.;;zũmba;;;
zu-miuugu;;Nom;;margouillat mâle;mail lizard;zu-miidu;;Reptile;bõan-kʋnkʋdre;
zũna;;Adverbe;;pêle-mêle, sens dessus-dessous, en désordre;untidy, messy, upside-down, disorderly;;;;;
zũndgi;;Verbe;ù;mettre en désordre, créer le désordre en fouillant;to mess sth;;;;;
zũndri;;Nom;;désordre;mess, chaos, untidiness;;;;;
zũnd-zũndi;;Adverbe;ù;de manière hâtive et désordonnée;in a quick and disorderly manner;;;;;
zũnga;;Nom;ù-á;nom de circoncis;name of circumcised person;;zũmsi, zũinsi;;mo-raoogo;
zũnglgu;;Adjectif;ù-ú-ù;désordonné;disorderly, untidy.;;zũnglsi;;;
zu-noog soaba;;Nom;ú-ó-á;chanceux;lucky person;;;;;
zu-noog tɩ bũmb yɩ;;expression;;probabilité;probability.;;;;;
zu-noogo;;Nom;ú-ó;chance, bonheur, plaisir;luck, good fortune, happiness, pleasure;;zu-noodo;;;
zũnzũuri;;Nom;ù-ú-ì;ver, chenille;worm, maggot, caterpillar, grub;zũuri;zũzũya;Small animals;zũuri2, zãnzũuri;
zu-peoolgo;1;Nom;ú-éo-ó;tête blanche;white head (hair).;;zu-peendo;;;
zu-peoolgo;2;Nom;ú-éo-ó;espèce d'herbe;kind of grass;;zu-peendo;Grass, herb, vine;;
zu-pɛɛla;;Nom;;saison sèche;dry season;;;Weather;sapalgo, zĩ-likri, sɩpaolgo;
zu-pʋdgo;;Nom;;cerveau;brain;;zu-pʋto;Body;;
zura;;Adverbe;ù;ce qui est en lambeaux, en décomposition;shred, rag, scrap, in state of decomposition;;;;;
zu-raoogo;;Nom;;joug;yoke;;;Agriculture;yub-paadga;
zurgi;;Verbe;ú-ì;pourrir, se décomposer;decay, rot, go bad, decompose, break up;;zursi;;;
zu-soaba;;Nom;;seigneur, maître, patron;lord, master, manager, boss;;zu-sob-dãmba;;;
Zu-soaba Sẽn-tõe-a fãa;;expression;;Le Seigneur tout-puissant;The Lord Almighty.;;;;;
zu-sõn-tɩɩga;;Nom;;produit porte-bonheur;lucky charm product.;zu-sõngo;zu-sõn-tɩɩse;;;
zuubu;;Nom;ú-ù;le fait de voler (dérober) habituellement;sealing habitually.;;;;;
zũudu;;Nom;;cuivre jaune;yellow copper;;;;;
zũunfu;;Nom;ú-ú;noix de karité, amande de karité;nut of shea fruit;;zũuni;;zoonfo;
zũuni;;Nom;;noix de karité;shea nuts;zũundi;;;zoonfo;
zũuri;1;Nom;ù-í;bracelet en métal;metal bracelet.;;zũya;;;
zũuri;2;Nom;;chenille;worm, maggot, caterpillar;zũri;;Small animals;zũnzũuri;
zu-wanga;;Nom;ú-à;crâne, boite crânienne;skull;zu-wango;zu-wamse, zu-wando;Body;;
zu-wubri;;Nom;;grosse tête;big head;;;;;
zu-yãka;;Nom;;migraine;migraine, sick headache;;zu-yãgse;Disease;;
zu-zabre;;Nom;;maux de tête;headache;;zu-zaba;Disease;;
zu-zẽkre;;Nom;ú-é-é;gloire, honneur (lit;;;;;pẽgre;
zʋ;1;Verbe;ʋ̀;craindre, être inquiet;be troubled about, worried, be concerned about, be afraid, be fearful;;;;sãmbse, yɩɩre;
zʋ;2;Verbe;ʋ̀;gémir;to groan, moan, whine;;;;kũsi1, ũusi;
zʋbsa;;Nom;;personne bête, niais, simple, sans imagination;person who is stupid, foolish, simple without imagination;;;;nabda;
zʋbse;;Verbe;;délirer, déraisonner, radoter, être insensé;be mad, crazy, go off the line, talk nonsense, twaddle, be insane;;;;zʋmse;
zʋgdo;;Nom;ʋ́;mauvais caractère;bad character, personality;;;;;
zʋge;;Verbe;ʋ́;remuer;stir, wag, waggle, move;;;;;
zʋgnalle;;Nom;ʋ́-è;journal;journal, daily news;;;;kibaya;
zʋgo;;Nom;ʋ́;caractère, conduite, vice;character, conduct, behaviour, defect, fault;;;;;
zʋ-kɛɛga;;Nom;ʋ̀-ɛ́;coccyx;coccyx, tail-bone;;zʋ-keese;Body;;
zʋla;;Adverbe;;absence totale de force;total absence of strength;;;;;
zʋlenzʋʋga;;Nom;ʋ̀-á;objet sans valeur;worthless object.;;zʋlenzʋʋse, zʋlemzʋʋse;;;
zʋlga;;Nom;ʋ́-á;dioula, personne de l’ethnie dioula;Diula person (jula);;zʋlse;Community;;
zʋlle;;Nom;ʋ́;langue dioula, jula;Diula (Jula) language.;;;;;
zʋmbre;;Nom;;espèce de plante;kind of plant;;;Grass, herb, vine;;
zʋme;;Verbe;;affaiblir;to weaken sb;;;;fũni;
zʋmm-tɩ-zʋmm;;Adverbe;;péniblement, avec difficulté;with difficulty, painfully, with effort;;;;;
zʋmse;;Verbe;;délirer, déraisonner, radoter;be mad, crazy, talk nonsense, twaddle;;;;zʋbse;
zʋnglgo;;Adjectif;;haute sur pattes et squelettique;high on its feet and skeleton-like;;;;yãnglga;
zʋʋ;;Adverbe;;mal réveillé, amorphe;sleepy, bleary, dozy, unformed;zõo;;;;
zʋʋga;;Nom;ʋ́;extrémité, bout, benjamin, dernier-né;endpoint, extremity, extreme end, summit, peak, ending, youngest child, last-born, the last, uttermost;;zʋʋse;;nugẽ biiga;
zʋʋge;;Verbe;;passer au-dessus;get over, step- over;;zʋʋse, zʋ;;;
zʋʋle;;Verbe;ʋ́;affaiblir;to weaken sb;;;;zelge;
zʋʋre;;Nom;ʋ́;queue;a tail;;zʋya;Parts of an animal;;
zʋʋse;1;Verbe;ʋ́-è;aider, épauler, soulager de sa peine;help, relieve.;;;;;
zʋʋse;2;Verbe;ʋ́-è;être atteint d'inquiétude;be anxious, agitated, be worried;;;;;
zʋʋse;3;Nom;;juge;judge;;zʋʋs-rãmba;Worker;;
zʋʋsenga;;Adjectif;;affaibli, languissant;weakened, languid, flagging;;zʋʋsense;;;
